protocol,eps,q,backend,n,p_PhiP,p_PhiM,p_PsiP,p_PsiM,pop_sum,F,C_Bell,weight,diag_trace_err,diag_herm_err,diag_min_eig,diag_max_eig,diag_pop_sum_err,diag_purity
Type4,0.15,0.02,dm,0,0.8874999999999996,0.03749999999999994,0.037499999999999985,0.037499999999999985,0.9999999999999996,0.8874999999999996,3.9559711549254795e-34,nan,3.3306690738754696e-16,0.0,0.03749999999999983,0.8874999999999997,4.440892098500626e-16,0.7918749999999994
Type4,0.15,0.02,dm,1,0.9583945213743078,0.01707027602268517,0.0122676013015034,0.0122676013015034,0.9999999999999998,0.9583945213743078,3.8335731312099995e-31,0.6294865763956811,0.0,0.0,0.012267601301503391,0.958394521374308,2.220446049250313e-16,0.9191124410071649
Type4,0.15,0.02,dm,2,0.9641202648607955,0.0152852964952972,0.010297219321953554,0.01029721932195354,0.9999999999999998,0.9641202648607955,1.4723165764573875e-30,0.7293319242392238,0.0,0.0,0.010297219321953485,0.9641202648607957,2.220446049250313e-16,0.9299735908557287
Type4,0.15,0.02,dm,3,0.9643702248609384,0.015192864684584891,0.010218455227238323,0.010218455227238394,1.0,0.9643702248609384,3.256872843542668e-30,0.7378548501643813,2.220446049250313e-16,0.0,0.010218455227238337,0.9643702248609385,0.0,0.9304495873901235
Type4,0.15,0.02,dm,4,0.9643806568660034,0.015188567138090204,0.010215387997953162,0.010215387997953145,1.0,0.9643806568660034,5.847570565865047e-30,0.7382283726053609,0.0,0.0,0.010215387997953128,0.9643806568660036,0.0,0.9304694522129102
Type4,0.15,0.02,dm,5,0.9643810954942303,0.01518837456481691,0.010215264970476238,0.01021526497047625,0.9999999999999997,0.9643810954942303,9.249218698819828e-30,0.7382439608640157,1.1102230246251565e-16,0.0,0.010215264970476179,0.9643810954942305,3.3306690738754696e-16,0.9304702873454073
Type4,0.15,0.02,dm,6,0.9643811140532264,0.015188366099570236,0.010215259923601682,0.010215259923601545,0.9999999999999998,0.9643811140532264,1.358143822056379e-29,0.7382446162064524,0.0,0.0,0.010215259923601545,0.9643811140532266,2.220446049250313e-16,0.9304703226779304
Type4,0.15,0.02,dm,7,0.9643811148416395,0.015188365731534884,0.01021525971341272,0.01021525971341266,0.9999999999999998,0.9643811148416395,1.8914907325962952e-29,0.7382446439324742,1.1102230246251565e-16,0.0,0.010215259713412623,0.9643811148416395,2.220446049250313e-16,0.9304703241788235
Type4,0.15,0.02,dm,8,0.9643811148752162,0.015188365715638743,0.010215259704572483,0.010215259704572587,1.0,0.9643811148752162,2.3925378998393898e-29,0.7382446451102502,0.0,0.0,0.01021525970457249,0.9643811148752164,0.0,0.930470324242741
Type4,0.15,0.02,dm,9,0.9643811148766481,0.015188365714954761,0.01021525970419838,0.010215259704198459,0.9999999999999997,0.9643811148766481,2.955600400608321e-29,0.7382446451604074,0.0,0.0,0.010215259704198367,0.9643811148766483,3.3306690738754696e-16,0.9304703242454668
Type4,0.15,0.02,dm,10,0.9643811148767093,0.015188365714925316,0.010215259704182538,0.010215259704182576,0.9999999999999998,0.9643811148767093,3.628326636287595e-29,0.7382446451625464,0.0,0.0,0.010215259704182501,0.9643811148767095,2.220446049250313e-16,0.9304703242455833
Type4,0.15,0.02,dm,11,0.9643811148767119,0.015188365714924254,0.010215259704181825,0.010215259704181882,0.9999999999999998,0.9643811148767119,4.373152104082602e-29,0.738244645162638,0.0,0.0,0.010215259704181794,0.9643811148767121,2.220446049250313e-16,0.9304703242455881
Type4,0.15,0.02,dm,12,0.9643811148767122,0.015188365714924053,0.0102152597041819,0.010215259704181686,0.9999999999999999,0.9643811148767122,5.231566124313905e-29,0.7382446451626415,0.0,0.0,0.01021525970418165,0.9643811148767123,1.1102230246251565e-16,0.9304703242455887
Type4,0.15,0.02,dm,13,0.9643811148767121,0.015188365714924013,0.010215259704181877,0.010215259704181794,0.9999999999999998,0.9643811148767121,6.117883579495064e-29,0.7382446451626421,0.0,0.0,0.010215259704181807,0.9643811148767124,2.220446049250313e-16,0.9304703242455885
Type4,0.15,0.02,dm,14,0.9643811148767121,0.015188365714924013,0.010215259704181903,0.010215259704181785,0.9999999999999998,0.9643811148767121,7.103284885425406e-29,0.7382446451626418,0.0,0.0,0.010215259704181807,0.9643811148767123,2.220446049250313e-16,0.9304703242455887
Type4,0.15,0.02,dm,15,0.964381114876712,0.015188365714923975,0.010215259704181884,0.01021525970418181,0.9999999999999997,0.964381114876712,8.185654295096445e-29,0.7382446451626421,1.1102230246251565e-16,0.0,0.010215259704181813,0.9643811148767123,3.3306690738754696e-16,0.9304703242455884
Type4,0.15,0.02,dm,16,0.964381114876712,0.015188365714924,0.01021525970418185,0.010215259704181795,0.9999999999999996,0.964381114876712,9.32408505710902e-29,0.7382446451626419,2.220446049250313e-16,0.0,0.010215259704181787,0.9643811148767122,4.440892098500626e-16,0.9304703242455885
Type4,0.15,0.02,dm,17,0.9643811148767119,0.015188365714924124,0.01021525970418186,0.01021525970418183,0.9999999999999997,0.9643811148767119,1.053775483112458e-28,0.7382446451626421,1.1102230246251565e-16,0.0,0.010215259704181797,0.9643811148767121,3.3306690738754696e-16,0.9304703242455881
Type4,0.15,0.02,dm,18,0.9643811148767121,0.015188365714924018,0.010215259704181839,0.010215259704181799,0.9999999999999997,0.9643811148767121,1.1812475196264355e-28,0.7382446451626417,1.1102230246251565e-16,0.0,0.010215259704181783,0.9643811148767123,3.3306690738754696e-16,0.9304703242455885
Type4,0.15,0.02,dm,19,0.9643811148767121,0.01518836571492394,0.01021525970418187,0.01021525970418187,0.9999999999999999,0.9643811148767121,1.320864146209593e-28,0.738244645162642,1.1102230246251565e-16,0.0,0.010215259704181856,0.9643811148767123,1.1102230246251565e-16,0.9304703242455885
Type4,0.15,0.02,dm,20,0.964381114876712,0.015188365714924063,0.010215259704181853,0.010215259704181853,0.9999999999999997,0.964381114876712,1.4656470798847e-28,0.738244645162642,0.0,0.0,0.010215259704181873,0.9643811148767122,3.3306690738754696e-16,0.9304703242455883
Type4,0.15,0.02,dm,21,0.9643811148767121,0.01518836571492405,0.010215259704181849,0.010215259704181802,0.9999999999999998,0.9643811148767121,1.6154760835187498e-28,0.7382446451626418,0.0,0.0,0.010215259704181787,0.9643811148767123,2.220446049250313e-16,0.9304703242455885
Type4,0.15,0.02,dm,22,0.9643811148767121,0.015188365714924039,0.010215259704181884,0.010215259704181792,0.9999999999999998,0.9643811148767121,1.7786419751833152e-28,0.7382446451626419,0.0,0.0,0.010215259704181802,0.9643811148767123,2.220446049250313e-16,0.9304703242455885
Type4,0.15,0.02,dm,23,0.9643811148767123,0.015188365714924094,0.01021525970418186,0.010215259704181759,1.0,0.9643811148767123,1.9542609808427602e-28,0.7382446451626419,0.0,0.0,0.010215259704181743,0.9643811148767123,0.0,0.9304703242455888
Type4,0.15,0.02,dm,24,0.9643811148767122,0.015188365714923826,0.010215259704181842,0.010215259704181764,0.9999999999999997,0.9643811148767122,2.1419543034944733e-28,0.7382446451626421,2.220446049250313e-16,0.0,0.010215259704181802,0.9643811148767125,3.3306690738754696e-16,0.9304703242455887
Type4,0.15,0.02,dm,25,0.964381114876712,0.015188365714924016,0.010215259704181827,0.010215259704181787,0.9999999999999996,0.964381114876712,2.3424118104179508e-28,0.7382446451626421,0.0,0.0,0.010215259704181736,0.9643811148767123,4.440892098500626e-16,0.9304703242455885
Type4,0.15,0.02,dm,26,0.9643811148767119,0.015188365714924178,0.010215259704181858,0.010215259704181794,0.9999999999999998,0.9643811148767119,2.5237637014290966e-28,0.7382446451626421,0.0,0.0,0.010215259704181795,0.9643811148767121,2.220446049250313e-16,0.9304703242455882
Type4,0.15,0.02,dm,27,0.964381114876712,0.01518836571492411,0.010215259704181781,0.010215259704181821,0.9999999999999997,0.964381114876712,2.7226566126682954e-28,0.7382446451626419,0.0,0.0,0.010215259704181764,0.9643811148767123,3.3306690738754696e-16,0.9304703242455885
Type4,0.15,0.02,dm,28,0.9643811148767121,0.015188365714924042,0.01021525970418179,0.010215259704181802,0.9999999999999997,0.9643811148767121,2.916617201436251e-28,0.7382446451626419,1.1102230246251565e-16,0.0,0.010215259704181781,0.9643811148767122,3.3306690738754696e-16,0.9304703242455885
Type4,0.15,0.02,dm,29,0.9643811148767122,0.015188365714924153,0.010215259704181813,0.01021525970418183,0.9999999999999999,0.9643811148767122,3.1380320598347947e-28,0.7382446451626419,2.220446049250313e-16,0.0,0.010215259704181792,0.9643811148767124,1.1102230246251565e-16,0.9304703242455887
Type4,0.15,0.02,dm,30,0.9643811148767121,0.015188365714924022,0.01021525970418182,0.010215259704181785,0.9999999999999997,0.9643811148767121,3.3633884874101662e-28,0.7382446451626421,1.1102230246251565e-16,0.0,0.010215259704181788,0.9643811148767122,3.3306690738754696e-16,0.9304703242455885
Type4,0.15,0.02,dm,31,0.9643811148767123,0.015188365714923909,0.010215259704181773,0.010215259704181828,0.9999999999999998,0.9643811148767123,3.5867474215527203e-28,0.7382446451626419,0.0,0.0,0.010215259704181757,0.9643811148767125,2.220446049250313e-16,0.930470324245589
Type4,0.15,0.02,dm,32,0.9643811148767123,0.015188365714923909,0.010215259704181813,0.010215259704181844,0.9999999999999998,0.9643811148767123,3.818384687706766e-28,0.7382446451626421,0.0,0.0,0.010215259704181768,0.9643811148767125,2.220446049250313e-16,0.930470324245589
Type4,0.15,0.02,dm,33,0.964381114876712,0.01518836571492415,0.010215259704181858,0.010215259704181788,0.9999999999999998,0.964381114876712,4.05243450329372e-28,0.7382446451626423,2.220446049250313e-16,0.0,0.010215259704181736,0.9643811148767121,2.220446049250313e-16,0.9304703242455883
Type4,0.15,0.02,dm,34,0.9643811148767122,0.015188365714924122,0.010215259704181783,0.010215259704181792,0.9999999999999999,0.9643811148767122,4.3092115603282036e-28,0.7382446451626417,0.0,0.0,0.010215259704181787,0.9643811148767123,1.1102230246251565e-16,0.9304703242455887
Type4,0.15,0.02,dm,35,0.964381114876712,0.015188365714923987,0.010215259704181873,0.010215259704181771,0.9999999999999997,0.964381114876712,4.571551604439594e-28,0.7382446451626421,2.220446049250313e-16,0.0,0.010215259704181759,0.9643811148767123,3.3306690738754696e-16,0.9304703242455885
Type4,0.15,0.02,dm,36,0.964381114876712,0.01518836571492411,0.010215259704181828,0.010215259704181807,0.9999999999999997,0.964381114876712,4.835273672975177e-28,0.738244645162642,0.0,0.0,0.01021525970418181,0.9643811148767123,3.3306690738754696e-16,0.9304703242455885
Type4,0.15,0.02,dm,37,0.9643811148767121,0.01518836571492407,0.010215259704181833,0.010215259704181728,0.9999999999999997,0.9643811148767121,5.122258009476072e-28,0.7382446451626419,0.0,0.0,0.010215259704181759,0.9643811148767123,3.3306690738754696e-16,0.9304703242455886
Type4,0.15,0.02,dm,38,0.9643811148767121,0.01518836571492407,0.010215259704181797,0.010215259704181788,0.9999999999999998,0.9643811148767121,5.420775137264382e-28,0.7382446451626419,0.0,0.0,0.010215259704181774,0.9643811148767123,2.220446049250313e-16,0.9304703242455886
Type4,0.15,0.02,dm,39,0.9643811148767124,0.01518836571492387,0.010215259704181825,0.010215259704181783,0.9999999999999999,0.9643811148767124,5.717692048978362e-28,0.7382446451626418,0.0,0.0,0.01021525970418179,0.9643811148767125,1.1102230246251565e-16,0.9304703242455891
Type4,0.15,0.02,dm,40,0.9643811148767121,0.01518836571492407,0.01021525970418188,0.0102152597041818,0.9999999999999999,0.9643811148767121,6.012171184637605e-28,0.7382446451626423,0.0,0.0,0.010215259704181755,0.9643811148767123,1.1102230246251565e-16,0.9304703242455885
Type4,0.15,0.02,dm,41,0.9643811148767122,0.015188365714924044,0.010215259704181816,0.010215259704181795,0.9999999999999998,0.9643811148767122,6.291816751080558e-28,0.738244645162642,0.0,0.0,0.010215259704181743,0.9643811148767123,2.220446049250313e-16,0.9304703242455887
Type4,0.15,0.02,dm,42,0.9643811148767121,0.015188365714923989,0.010215259704181844,0.010215259704181771,0.9999999999999997,0.9643811148767121,6.593277546960515e-28,0.7382446451626421,1.1102230246251565e-16,0.0,0.01021525970418173,0.9643811148767123,3.3306690738754696e-16,0.9304703242455885
Type4,0.15,0.02,dm,43,0.9643811148767123,0.015188365714923909,0.010215259704181813,0.010215259704181795,0.9999999999999998,0.9643811148767123,6.915608826777778e-28,0.7382446451626419,0.0,0.0,0.010215259704181764,0.9643811148767125,2.220446049250313e-16,0.930470324245589
Type4,0.15,0.02,dm,44,0.9643811148767122,0.015188365714924072,0.010215259704181842,0.010215259704181783,0.9999999999999999,0.9643811148767122,7.269238100231562e-28,0.7382446451626422,0.0,0.0,0.010215259704181684,0.9643811148767123,1.1102230246251565e-16,0.9304703242455887
Type4,0.15,0.02,dm,45,0.964381114876712,0.015188365714924016,0.010215259704181849,0.010215259704181771,0.9999999999999996,0.964381114876712,7.614750506838746e-28,0.7382446451626421,1.1102230246251565e-16,0.0,0.010215259704181785,0.9643811148767121,4.440892098500626e-16,0.9304703242455885
Type4,0.15,0.02,dm,46,0.9643811148767121,0.01518836571492407,0.010215259704181833,0.010215259704181788,0.9999999999999998,0.9643811148767121,7.976134891470317e-28,0.7382446451626419,0.0,0.0,0.010215259704181755,0.9643811148767123,2.220446049250313e-16,0.9304703242455885
Type4,0.15,0.02,dm,47,0.9643811148767122,0.015188365714924072,0.010215259704181816,0.010215259704181774,0.9999999999999999,0.9643811148767122,8.330786828637127e-28,0.738244645162642,0.0,0.0,0.010215259704181705,0.9643811148767123,1.1102230246251565e-16,0.9304703242455887
Type4,0.15,0.02,dm,48,0.9643811148767122,0.015188365714924044,0.010215259704181804,0.010215259704181806,0.9999999999999998,0.9643811148767122,8.697293829692694e-28,0.738244645162642,0.0,0.0,0.01021525970418177,0.9643811148767123,2.220446049250313e-16,0.9304703242455887
Type4,0.15,0.02,dm,49,0.9643811148767121,0.015188365714923994,0.010215259704181811,0.010215259704181828,0.9999999999999997,0.9643811148767121,9.079892242078254e-28,0.738244645162642,1.1102230246251565e-16,0.0,0.010215259704181714,0.9643811148767123,3.3306690738754696e-16,0.9304703242455886
Type4,0.15,0.02,dm,50,0.9643811148767124,0.015188365714923954,0.010215259704181807,0.010215259704181847,1.0,0.9643811148767124,9.461588011401445e-28,0.7382446451626419,0.0,0.0,0.010215259704181811,0.9643811148767125,0.0,0.930470324245589
