epsilon,q_abs_full,q_abs_first_round,limiting_Bell_component,first_violation_round_near_threshold,threshold_bracket_width
0.01,0.0033249109459575275,0.0033249109459575275,Phi-,0,5.8207661780829145e-12
0.02,0.006632618361302225,0.006632618361302225,Phi-,0,5.430753936830346e-12
0.03,0.009922578451909803,0.009922578451909803,Phi-,0,6.200890495522415e-12
0.04,0.013194239959208893,0.013194239959208893,Phi-,0,6.966892340809494e-12
0.05,0.016447044316076243,0.016447044316076243,Phi-,0,7.728637174686526e-12
0.060000000000000005,0.019680425760597392,0.019680425760597392,Phi-,0,8.485989688722384e-12
0.06999999999999999,0.022893811487122915,0.022893811487122915,Phi-,0,9.238821513379847e-12
0.08,0.026086621847465182,0.026086621847465182,Phi-,0,9.313227272711444e-12
0.09,0.029258270444809942,0.029258270444809942,Phi-,0,9.313223803264492e-12
0.09999999999999999,0.03240816438057975,0.03240816438057975,Phi-,0,9.313223803264492e-12
0.11,0.03553570441389041,0.03553570441389041,Phi-,0,9.313230742158396e-12
0.12,0.03864028514781552,0.03864028514781552,Phi-,0,9.313230742158396e-12
0.13,0.0417212952622171,0.0417212952622171,Phi-,0,9.313223803264492e-12
0.14,0.044778117681383664,0.044778117681383664,Phi-,0,9.313223803264492e-12
0.15000000000000002,0.04781012983480053,0.04781012983480053,Phi-,0,9.313230742158396e-12
0.16,0.050816703852727574,0.050816703852727574,Phi-,0,9.313223803264492e-12
0.17,0.05379720682696956,0.05379720682696956,Phi-,0,9.313223803264492e-12
0.18000000000000002,0.05675100099714059,0.05675100099714059,Phi-,0,9.313230742158396e-12
0.19,0.05967744403006096,0.05967744403006096,Phi-,0,9.313223803264492e-12
0.2,0.06257588925258775,0.06257588925258775,Phi-,0,9.313216864370588e-12
0.21000000000000002,0.06544568589375872,0.06544568589375872,Phi-,0,9.313230742158396e-12
0.22,0.06828617930830974,0.06828617930830974,Phi-,0,9.313216864370588e-12
0.23,0.07109671126538473,0.07109671126538473,Phi-,0,9.313230742158396e-12
0.24000000000000002,0.07387662016273994,0.07387662016273994,Phi-,0,9.313216864370588e-12
0.25,0.07662524125957446,0.07662524125957446,Phi-,0,9.313230742158396e-12
0.26,0.07934190695592717,0.07934190695592717,Phi-,0,9.313230742158396e-12
0.27,0.08202594697894111,0.08202594697894111,Phi-,0,9.313216864370588e-12
0.28,0.08467668864363387,0.08467668864363387,Phi-,0,9.313216864370588e-12
0.29000000000000004,0.08729345707641498,0.08729345707641498,Phi-,0,9.313216864370588e-12
0.3,0.08987557540135044,0.08987557540135044,Phi-,0,9.313216864370588e-12
0.31,0.09242236496368009,0.09242236496368009,Phi-,0,9.313230742158396e-12
0.32,0.0949331455440219,0.0949331455440219,Phi-,0,9.313230742158396e-12
0.33,0.09740723547013058,0.09740723547013058,Phi-,0,9.313230742158396e-12
0.34,0.09984395184972839,0.09984395184972839,Phi-,0,9.313230742158396e-12
0.35000000000000003,0.10224261070089,0.10224261070089,Phi-,0,9.313230742158396e-12
0.36000000000000004,0.10460252707311467,0.10460252707311467,Phi-,0,9.313230742158396e-12
0.37,0.10692301516839815,0.10692301516839815,Phi-,0,9.313230742158396e-12
0.38,0.10920338844367816,0.10920338844367816,Phi-,0,9.313216864370588e-12
0.39,0.11144295968534008,0.11144295968534008,Phi-,0,9.313230742158396e-12
0.4,0.11364104106509637,0.11364104106509637,Phi-,0,9.313230742158396e-12
0.41000000000000003,0.11579694413998676,0.11579694413998676,Phi-,0,9.313216864370588e-12
0.42000000000000004,0.11790997989894406,0.11790997989894406,Phi-,0,9.313216864370588e-12
0.43,0.1199794587255414,0.1199794587255414,Phi-,0,9.313230742158396e-12
0.44,0.12200469032348649,0.12200469032348649,Phi-,0,9.313230742158396e-12
0.45,0.12398498367005545,0.12398498367005545,Phi-,0,9.313216864370588e-12
0.46,0.12591964691364727,0.12591964691364727,Phi-,0,9.313216864370588e-12
0.47000000000000003,0.1278079871875193,0.1278079871875193,Phi-,0,9.313216864370588e-12
0.48000000000000004,0.1296493104980287,0.1296493104980287,Phi-,0,9.313216864370588e-12
0.49,0.13144292146386183,0.13144292146386183,Phi-,0,9.313216864370588e-12
0.5,0.13318812312976996,0.13318812312976996,Phi-,0,9.313216864370588e-12
0.51,0.1348842166499195,0.1348842166499195,Phi-,0,9.313244619946204e-12
0.52,0.1365305010178087,0.1365305010178087,Phi-,0,9.313244619946204e-12
0.53,0.13812627267511163,0.13812627267511163,Phi-,0,9.313216864370588e-12
0.54,0.13967082517640267,0.13967082517640267,Phi-,0,9.313216864370588e-12
0.55,0.14116344873280806,0.14116344873280806,Phi-,0,9.313216864370588e-12
0.56,0.14260342974634452,0.14260342974634452,Phi-,0,9.313244619946204e-12
0.5700000000000001,0.14399005035357162,0.14399005035357162,Phi-,0,9.313244619946204e-12
0.5800000000000001,0.14532258782023177,0.14532258782023177,Phi-,0,9.313216864370588e-12
0.59,0.14660031400108325,0.14660031400108325,Phi-,0,9.313216864370588e-12
0.6,0.14782249472522724,0.14782249472522724,Phi-,0,9.313216864370588e-12
0.61,0.14898838906967626,0.14898838906967626,Phi-,0,9.313216864370588e-12
0.62,0.15009724871674163,0.15009724871674163,Phi-,0,9.313216864370588e-12
0.63,0.15114831712515636,0.15114831712515636,Phi-,0,9.313216864370588e-12
0.64,0.15214082882226987,0.15214082882226987,Phi-,0,9.313216864370588e-12
0.65,0.15307400845409913,0.15307400845409913,Phi-,0,9.313216864370588e-12
