round,p_phi_plus,p_phi_minus,p_psi_plus,p_psi_minus,d_phi_minus,d_psi_plus,d_psi_minus,C_offdiag
0,0.8874999999999996,0.03749999999999994,0.03749999999999999,0.03749999999999999,nan,nan,nan,3.941106558437282e-34
1,0.9180757345937977,0.03389886143775305,0.024012701984224526,0.024012701984224494,-0.0036011385622468917,-0.013487298015775466,-0.013487298015775497,2.9673008788665142e-31
2,0.921604148069827,0.03316636342221936,0.022614744253976863,0.022614744253976783,-0.0007324980155336905,-0.0013979577302476627,-0.0013979577302477113,1.2642882563669146e-30
3,0.9219430283149925,0.03306517930441385,0.022495896190296787,0.022495896190296755,-0.00010118411780551256,-0.00011884806368007636,-0.00011884806368002779,2.8918605683186906e-30
4,0.9219755171884477,0.0330534310629544,0.02248552587429889,0.02248552587429886,-1.1748241459448583e-05,-1.0370315997897117e-05,-1.0370315997897117e-05,5.110944123938237e-30
5,0.9219786689131244,0.03305216409242276,0.022484583497226308,0.022484583497226308,-1.2669705316409319e-06,-9.423770725817959e-07,-9.423770725505709e-07,8.257012004181509e-30
6,0.9219789772888334,0.033052032351729425,0.022484495179718556,0.022484495179718626,-1.3174069333349303e-07,-8.831750775151193e-08,-8.831750768212299e-08,1.1859340364967009e-29
7,0.9219790076249978,0.0330520189210162,0.02248448672699279,0.02248448672699286,-1.3430713222128965e-08,-8.452725765856206e-09,-8.452725765856206e-09,1.6307488145213592e-29
8,0.9219790106192247,0.03305201756702652,0.022484485906874303,0.022484485906874296,-1.3539896842607035e-09,-8.201184870104683e-10,-8.201185633383012e-10,2.1701493656711903e-29
9,0.9219790109153586,0.03305201743141245,0.022484485826614435,0.022484485826614428,-1.3561406858597636e-10,-8.0259868195931e-11,-8.0259868195931e-11,2.7981824777667445e-29
10,0.9219790109446826,0.03305201741788174,0.022484485818717804,0.022484485818717835,-1.3530711273634921e-11,-7.896631265547072e-12,-7.8965931016306e-12,3.443535022509148e-29
11,0.9219790109475883,0.033052017416534796,0.022484485817938375,0.022484485817938358,-1.3469433901569516e-12,-7.794286049911392e-13,-7.794771772484665e-13,4.1551238686726074e-29
12,0.9219790109478762,0.03305201741640089,0.022484485817861388,0.022484485817861305,-1.339067745576017e-13,-7.69870278638507e-14,-7.705294735593782e-14,4.98016359935387e-29
13,0.9219790109479049,0.03305201741638752,0.022484485817853665,0.022484485817853686,-1.3371248552829229e-14,-7.722988915048745e-15,-7.618905506490137e-15,5.844933876879717e-29
14,0.9219790109479079,0.03305201741638619,0.0224844858178529,0.0224844858178529,-1.3253287356462806e-15,-7.667477763817487e-16,-7.875644580934704e-16,6.833803798973011e-29
15,0.9219790109479082,0.03305201741638592,0.022484485817852853,0.022484485817852864,-2.706168622523819e-16,-4.5102810375396984e-17,-3.469446951953614e-17,7.792335217117116e-29
16,0.9219790109479084,0.03305201741638599,0.022484485817852878,0.02248448581785283,6.938893903907228e-17,2.42861286636753e-17,-3.469446951953614e-17,8.8011996304512e-29
17,0.9219790109479081,0.033052017416385984,0.022484485817852933,0.022484485817852885,-6.938893903907228e-18,5.551115123125783e-17,5.551115123125783e-17,9.945774091158095e-29
18,0.921979010947908,0.03305201741638594,0.022484485817852864,0.022484485817852885,-4.163336342344337e-17,-6.938893903907228e-17,0.0,1.123592260562054e-28
19,0.9219790109479084,0.03305201741638582,0.022484485817852864,0.02248448581785287,-1.249000902703301e-16,0.0,-1.3877787807814457e-17,1.2586949718361274e-28
20,0.9219790109479081,0.033052017416385984,0.02248448581785283,0.022484485817852843,1.6653345369377348e-16,-3.469446951953614e-17,-2.7755575615628914e-17,1.392164613008983e-28
