q,F_star_step3,F_star_step4,F_star_4qubit,P_success_star_4qubit
0.0,1.0,1.0,1.0,1.0
0.00025,0.9994685085167739,0.9995624100761066,0.9997498201771333,0.9986881170214881
0.0005,0.9989365329754077,0.9991246399833286,0.9994992801661613,0.9973774674219298
0.00075,0.998404071732645,0.9986866892388375,0.9992483791514853,0.9960680502053534
0.001,0.99787112313756,0.9982485573582244,0.9989971163147757,0.9947598643758662
0.00125,0.9973376855315033,0.9978102438554906,0.9987454908349579,0.9934529089376507
0.0015,0.9968037572480544,0.9973717482430426,0.9984935018882011,0.9921471828949664
0.00175,0.9962693366129691,0.9969330700316834,0.998241148647904,0.9908426852521433
0.002,0.9957344219441289,0.9964942087306055,0.9979884302846832,0.989539415013584
0.0022500000000000003,0.9951990115514877,0.9960551638473836,0.9977353459663593,0.9882373711837589
0.0025,0.9946631037370209,0.9956159348879672,0.9974818948579444,0.9869365527672056
0.00275,0.9941266967946708,0.9951765213566727,0.997228076121628,0.9856369587685248
0.003,0.9935897890102952,0.9947369227561771,0.9969738889167651,0.9843385881923818
0.0032500000000000003,0.9930523786616116,0.9942971385875087,0.996719332399862,0.9830414400435012
0.0035,0.9925144640181448,0.9938571683500408,0.9964644057245625,0.9817455133266653
0.00375,0.9919760433411698,0.9934170115414827,0.9962091080416356,0.9804508070467131
0.004,0.99143711488366,0.9929766676578747,0.9959534384989616,0.9791573202085385
0.00425,0.9908976768902281,0.992536136193577,0.9956973962415172,0.9778650518170859
0.0045000000000000005,0.9903577275970715,0.9920954166412637,0.9954409804113631,0.97657400087735
0.00475,0.9898172652319153,0.9916545084919148,0.9951841901476299,0.9752841663943721
0.005,0.9892762880139561,0.9912134112348088,0.9949270245865044,0.9739955473732407
0.00525,0.988734794153802,0.9907721243575137,0.9946694828612146,0.9727081428190856
0.0055,0.988192781853417,0.990330647345879,0.9944115641020166,0.9714219517370783
0.00575,0.9876502493060604,0.989888979684029,0.9941532674361799,0.9701369731324279
0.006,0.9871071946962287,0.9894471208543534,0.9938945919879739,0.9688532060103818
0.00625,0.9865636161995953,0.9890050703374996,0.9936355368786525,0.96757064937622
0.006500000000000001,0.9860195119829499,0.9885628276123649,0.9933761012264404,0.9662893022352547
0.00675,0.9854748802041384,0.9881203921560876,0.993116284146518,0.9650091635928266
0.007,0.9849297190120014,0.9876777634440391,0.9928560847510078,0.9637302324543061
0.00725,0.984384026546312,0.9872349409498158,0.9925955021489583,0.9624525078250863
0.0075,0.9838378009377126,0.9867919241452301,0.9923345354463302,0.9611759887105829
0.00775,0.9832910403076532,0.9863487125003021,0.9920731837459812,0.9599006741162325
0.008,0.9827437427683283,0.9859053054832521,0.9918114461476512,0.9586265630474899
0.00825,0.9821959064226093,0.9854617025604906,0.9915493217479467,0.9573536545098246
0.0085,0.9816475293639845,0.9850179031966108,0.9912868096403261,0.9560819475087187
0.00875,0.9810986096764891,0.9845739068543785,0.9910239089150842,0.9548114410496649
0.009000000000000001,0.9805491454346436,0.9841297129947262,0.9907606186593373,0.9535421341381658
0.00925,0.9799991347033835,0.9836853210767411,0.9904969379570064,0.9522740257797271
0.0095,0.9794485755379946,0.9832407305576586,0.9902328658888037,0.9510071149798591
0.00975,0.9788974659840439,0.9827959408928519,0.9899684015322148,0.9497414007440725
0.01,0.9783458040773124,0.9823509515358249,0.9897035439614847,0.9484768820778772
0.01025,0.9777935878437249,0.9819057619382013,0.9894382922476008,0.9472135579867768
0.0105,0.9772408152992809,0.9814603715497163,0.9891726454582772,0.9459514274762695
0.010750000000000001,0.9766874844499834,0.9810147798182084,0.9889066026579383,0.9446904895518426
0.011,0.9761335932917714,0.980568986189609,0.9886401629077044,0.9434307432189744
0.01125,0.9755791398104428,0.9801229901079336,0.9883733252653726,0.942172187483125
0.0115,0.9750241219815867,0.9796767910152734,0.9881060887854026,0.9409148213497398
0.01175,0.9744685377705076,0.979230388351784,0.987838452518899,0.939658643824242
0.012,0.9739123851321547,0.9787837815556784,0.9875704155135961,0.9384036539120364
0.01225,0.9733556620110448,0.9783369700632162,0.9873019768138391,0.937149850618498
0.0125,0.9727983663411879,0.9778899533086938,0.9870331354605695,0.9358972329489765
0.012750000000000001,0.9722404960460126,0.9774427307244359,0.986763890491306,0.9346457999087905
0.013000000000000001,0.9716820490382896,0.9769953017407859,0.9864942409401296,0.9333955505032262
0.01325,0.971123023220053,0.9765476657860945,0.9862241858376652,0.9321464837375325
0.0135,0.9705634164825243,0.9760998222867123,0.9859537242110645,0.9308985986169204
0.01375,0.970003226706032,0.9756517706669785,0.9856828550839885,0.9296518941465584
0.014,0.9694424517599344,0.9752035103492117,0.985411577476591,0.9284063693315727
0.01425,0.9688810895025373,0.9747550407536995,0.9851398904054993,0.9271620231770406
0.0145,0.9683191377810147,0.9743063612986884,0.9848677928837983,0.9259188546879897
0.014750000000000001,0.9677565944313264,0.9738574714003753,0.984595283921011,0.9246768628693949
0.015,0.9671934572781364,0.9734083704728955,0.9843223625230826,0.9234360467261766
0.01525,0.9666297241347279,0.9729590579283132,0.9840490276923599,0.9221964052631952
0.0155,0.9660653928029216,0.9725095331766114,0.9837752784275753,0.9209579374852499
0.01575,0.9655004610729891,0.9720597956256817,0.983501113723827,0.919720642397075
0.016,0.9649349267235688,0.971609844681314,0.9832265325725622,0.9184845190033397
0.01625,0.9643687875215774,0.9711596797471852,0.9829515339615567,0.9172495663086405
0.0165,0.9638020412221247,0.97070930022485,0.982676116874897,0.9160157833175009
0.01675,0.9632346855684242,0.9702587055137291,0.9824002802929627,0.9147831690343686
0.017,0.9626667182917041,0.9698078950110997,0.9821240231924055,0.9135517224636129
0.01725,0.962098137111119,0.9693568681120837,0.9818473445461314,0.9123214426095186
0.0175,0.9615289397336566,0.9689056242096379,0.9815702433232814,0.9110923284762863
0.017750000000000002,0.9609591238540475,0.9684541626945424,0.9812927184892121,0.909864379068027
0.018000000000000002,0.9603886871546734,0.9680024829553903,0.9810147690054761,0.9086375933887614
0.01825,0.9598176273054719,0.9675505843785761,0.980736393829803,0.9074119704424146
0.0185,0.9592459419638436,0.9670984663482854,0.9804575919160787,0.9061875092328131
0.01875,0.9586736287745554,0.9666461282464828,0.9801783622143267,0.9049642087636823
0.019,0.9581006853696458,0.9661935694529015,0.9798987036706877,0.9037420680386441
0.01925,0.9575271093683265,0.9657407893450318,0.979618615227399,0.9025210860612125
0.0195,0.9569528983768851,0.9652877872981098,0.979338095822775,0.9013012618347891
0.01975,0.9563780499885844,0.9648345626851055,0.9790571443911862,0.9000825943626618
0.02,0.9558025617835647,0.9643811148767123,0.97877575986304,0.8988650826480031
0.02025,0.9552264313287404,0.9639274432413343,0.9784939411647582,0.8976487256938624
0.0205,0.9546496561776987,0.9634735471450753,0.9782116872187575,0.896433522503165
0.02075,0.954072233870596,0.963019425951727,0.9779289969434277,0.8952194720787083
0.021,0.9534941619340556,0.9625650790227573,0.9776458692531123,0.894006573423161
0.02125,0.9529154378810591,0.9621105057172982,0.977362303058085,0.8927948255390551
0.021500000000000002,0.9523360592108427,0.9616557053921333,0.97707829726453,0.8915842274287852
0.021750000000000002,0.9517560234087876,0.961200677401687,0.9767938507745201,0.8903747780946044
0.022,0.9511753279463147,0.9607454210980122,0.9765089624859942,0.8891664765386219
0.02225,0.9505939702807711,0.9602899358307764,0.9762236312927375,0.8879593217627979
0.0225,0.9500119478553217,0.9598342209472513,0.9759378560843569,0.8867533127689402
0.02275,0.9494292580988365,0.9593782757923,0.9756516357462612,0.8855484485587013
0.023,0.9488458984257786,0.9589220997083643,0.9753649691596376,0.8843447281335751
0.02325,0.948261866236088,0.9584656920354515,0.9750778552014299,0.8831421504948926
0.0235,0.9476771589150677,0.9580090521111235,0.9747902927443148,0.8819407146438176
0.02375,0.9470917738332656,0.9575521792704823,0.9745022806566812,0.8807404195813444
0.024,0.94650570834636,0.9570950728461589,0.9742138178026056,0.8795412643082939
0.02425,0.9459189597950366,0.9566377321682985,0.9739249030418293,0.8783432478253084
0.0245,0.9453315255048695,0.9561801565645494,0.9736355352297361,0.8771463691328498
0.02475,0.9447434027862013,0.9557223453600485,0.9733457132173277,0.8759506272311934
0.025,0.9441545889340183,0.9552642978774093,0.9730554358512017,0.8747560211204284
0.02525,0.9435650812278267,0.9548060134367085,0.9727647019735259,0.8735625498004479
0.025500000000000002,0.9429748769315285,0.9543474913554714,0.972473510422017,0.8723702122709507
0.025750000000000002,0.9423839732932923,0.9538887309486597,0.9721818600299139,0.871179007531433
0.026000000000000002,0.9417923675454282,0.9534297315286591,0.9718897496259555,0.8699889345811891
0.02625,0.941200056904256,0.9529704924052625,0.9715971780343549,0.8687999924193018
0.0265,0.9406070385699752,0.9525110128856594,0.971304144074776,0.8676121800446437
0.02675,0.9400133097265324,0.9520512922744204,0.9710106465623085,0.8664254964558689
0.027,0.9394188675414891,0.9515913298734845,0.9707166843074428,0.8652399406514137
0.02725,0.9388237091658842,0.9511311249821439,0.9704222561160444,0.8640555116294866
0.0275,0.9382278317340995,0.9506706768970307,0.9701273607893299,0.8628722083880694
0.02775,0.9376312323637205,0.9502099849121022,0.9698319971238405,0.8616900299249093
0.028,0.9370339081553981,0.9497490483186284,0.9695361639114171,0.8605089752375181
0.02825,0.9364358561927061,0.949287866405175,0.9692398599391738,0.8593290433231651
0.0285,0.9358370735419997,0.9488264384575905,0.9689430839894728,0.858150233178874
0.02875,0.9352375572522713,0.9483647637589917,0.9686458348398974,0.8569725438014189
0.029,0.9346373043550041,0.9479028415897485,0.9683481112632264,0.8557959741873202
0.02925,0.9340363118640262,0.9474406712274694,0.9680499120274066,0.8546205233328383
0.029500000000000002,0.9334345767753606,0.9469782519469871,0.9677512358955275,0.8534461902339727
0.029750000000000002,0.9328320960670744,0.9465155830203418,0.9674520816257924,0.852272973886453
0.03,0.9322288666991285,0.9460526637167691,0.9671524479714935,0.8511008732857395
0.03025,0.9316248856132214,0.9455894933026817,0.9668523336809824,0.8499298874270148
0.0305,0.9310201497326358,0.9451260710416569,0.9665517374976449,0.848760015305181
0.03075,0.930414655962079,0.9446623961944182,0.9662506581598705,0.847591255914854
0.031,0.9298084011875268,0.9441984680188231,0.9659490944010278,0.8464236082503622
0.03125,0.9292013822760596,0.9437342857698449,0.965647044949433,0.845257071305737
0.0315,0.9285935960757024,0.9432698486995582,0.9653445085283241,0.8440916440747116
0.03175,0.9279850394152582,0.9428051560571233,0.965041483855831,0.8429273255507153
0.032,0.9273757091041435,0.9423402070887689,0.9647379696449474,0.8417641147268679
0.03225,0.9267656019322192,0.9418750010377779,0.9644339646035013,0.8406020105959775
0.0325,0.9261547146696212,0.9414095371444698,0.9641294674341263,0.8394410121505325
0.03275,0.9255430440665868,0.9409438146461848,0.9638244768342326,0.8382811183826986
0.033,0.9249305868532833,0.9404778327772683,0.9635189914959756,0.8371223282843143
0.03325,0.9243173397396299,0.9400115907690527,0.9632130101062284,0.8359646408468842
0.0335,0.9237032994151213,0.9395450878498424,0.9629065313465501,0.8348080550615757
0.03375,0.9230884625486462,0.9390783232448956,0.9625995538931563,0.8336525699192133
0.034,0.9224728257883058,0.938611296176409,0.9622920764168883,0.832498184410273
0.03425,0.921856385761232,0.9381440058634998,0.9619840975831824,0.8313448975248792
0.0345,0.9212391390733973,0.9376764515221887,0.9616756160520392,0.8301927082527973
0.03475,0.9206210823094284,0.9372086323653822,0.9613666304779919,0.8290416155834293
0.035,0.9200022120324161,0.9367405476028569,0.9610571395100753,0.8278916185058098
0.035250000000000004,0.9193825247837217,0.9362721964412402,0.9607471417917943,0.8267427160085993
0.035500000000000004,0.9187620170827815,0.9358035780839938,0.9604366359610912,0.8255949070800787
0.035750000000000004,0.9181406854269103,0.935334691731395,0.9601256206503148,0.8244481907081456
0.036000000000000004,0.9175185262911012,0.9348655365805201,0.9598140944861864,0.8233025658803068
0.03625,0.916895536127825,0.9343961118252255,0.9595020560897689,0.8221580315836758
0.0365,0.916271711366823,0.9339264166561294,0.9591895040764324,0.8210145868049645
0.03675,0.9156470484149024,0.9334564502605949,0.9588764370558226,0.8198722305304789
0.037,0.915021543655727,0.932986211822709,0.9585628536318258,0.8187309617461134
0.03725,0.9143951934496044,0.9325157005232677,0.9582487524025365,0.8175907794373458
0.0375,0.9137679941332726,0.9320449155397541,0.9579341319602228,0.8164516825892306
0.03775,0.9131399420196817,0.931573856046321,0.9576189908912931,0.8153136701863946
0.038,0.9125110333977774,0.9311025212137722,0.9573033277762601,0.814176741213029
0.03825,0.9118812645322754,0.9306309102095429,0.9569871411897084,0.8130408946528871
0.0385,0.9112506316634394,0.9301590221976803,0.956670429700257,0.8119061294892745
0.03875,0.9106191310068522,0.929686856338825,0.9563531918705266,0.8107724447050472
0.039,0.9099867587531854,0.9292144117901907,0.9560354262571016,0.809639839282601
0.03925,0.9093535110679679,0.9287416877055454,0.9557171314104971,0.8085083122038712
0.0395,0.9087193840913477,0.9282686832351905,0.9553983058751203,0.807377862450322
0.03975,0.9080843739378553,0.9277953975259423,0.9550789481892357,0.8062484890029419
0.04,0.9074484766961604,0.9273218297211099,0.9547590568849278,0.8051201908422374
0.04025,0.9068116884288289,0.9268479789604773,0.9544386304880651,0.8039929669482293
0.0405,0.9061740051720737,0.9263738443802816,0.9541176675182619,0.8028668163004422
0.04075,0.9055354229355046,0.9258994251131918,0.9537961664888412,0.801741737877901
0.041,0.9048959377018744,0.9254247202882903,0.9534741259067969,0.8006177306591233
0.04125,0.9042555454268226,0.9249497290310499,0.9531515442727564,0.799494793622116
0.0415,0.9036142420386138,0.9244744504633137,0.9528284200809414,0.7983729257443639
0.04175,0.9029720234378762,0.9239988837032745,0.9525047518191294,0.7972521260028276
0.042,0.9023288854973315,0.9235230278654518,0.9521805379686146,0.7961323933739333
0.04225,0.9016848240615298,0.9230468820606725,0.9518557770041699,0.7950137268335713
0.0425,0.9010398349465717,0.9225704453960475,0.9515304673940055,0.7938961253570838
0.04275,0.9003939139398329,0.9220937169749499,0.9512046075997298,0.7927795879192608
0.043000000000000003,0.8997470567996839,0.9216166958969945,0.9508781960763097,0.7916641134943336
0.043250000000000004,0.899099259255207,0.9211393812580145,0.9505512312720295,0.7905497010559688
0.043500000000000004,0.8984505170059057,0.9206617721500393,0.9502237116284497,0.789436349577258
0.043750000000000004,0.8978008257214163,0.9201838676612719,0.9498956355803663,0.788324058030714
0.044,0.8971501810412111,0.9197056668760664,0.9495670015557693,0.7872128253882626
0.04425,0.8964985785743007,0.9192271688749056,0.9492378079758017,0.7861026506212379
0.0445,0.89584601389893,0.9187483727343778,0.9489080532547147,0.7849935327003699
0.04475,0.8951924825622719,0.9182692775271524,0.9485777357998278,0.7838854705957821
0.045,0.8945379800801178,0.9177898823219584,0.9482468540114855,0.782778463276983
0.04525,0.8938825019365616,0.9173101861835596,0.947915406283012,0.7816725097128581
0.0455,0.8932260435836814,0.9168301881727311,0.9475833910006709,0.7805676088716632
0.04575,0.8925686004412167,0.9163498873462356,0.9472508065436185,0.7794637597210166
0.046,0.8919101678962399,0.9158692827567996,0.9469176512838606,0.778360961227891
0.04625,0.8912507413028273,0.9153883734530879,0.9465839235862086,0.7772592123586086
0.0465,0.8905903159817217,0.9149071584796811,0.9462496218082329,0.7761585120788301
0.04675,0.8899288872199904,0.9144256368770478,0.9459147443002192,0.775058859353549
0.047,0.8892664502706835,0.9139438076815238,0.9455792894051208,0.7739602531470824
0.04725,0.8886030003524826,0.9134616699252837,0.9452432554585148,0.7728626924230666
0.0475,0.8879385326493473,0.9129792226363168,0.9449066407885538,0.7717661761444444
0.04775,0.8872730423101552,0.9124964648384025,0.9445694437159196,0.7706707032734607
0.048,0.8866065244483385,0.9120133955510826,0.9442316625537754,0.7695762727716521
0.04825,0.8859389741415177,0.9115300137896379,0.9438932956077202,0.7684828835998425
0.0485,0.8852703864311242,0.9110463185650601,0.9435543411757374,0.7673905347181299
0.04875,0.884600756322024,0.9105623088840265,0.9432147975481495,0.766299225085882
0.049,0.8839300787821328,0.9100779837488733,0.9428746630075672,0.7652089536617259
0.04925,0.8832583487420282,0.9095933421575689,0.9425339358288407,0.7641197194035416
0.0495,0.8825855610945539,0.9091083831036876,0.9421926142790105,0.7630315212684511
0.04975,0.8819117106944194,0.9086231055763809,0.9418506966172571,0.7619443582128125
0.05,0.8812367923577957,0.9081375085603517,0.9415081810948491,0.7608582291922078
0.05025,0.8805608008619055,0.9076515910358265,0.941165065955095,0.7597731331614394
0.0505,0.8798837309446028,0.9071653519785268,0.9408213494332893,0.7586890690745162
0.05075,0.879205577303954,0.9066787903596418,0.9404770297566616,0.7576060358846476
0.051000000000000004,0.8785263345978065,0.9061919051457998,0.9401321051443248,0.7565240325442337
0.051250000000000004,0.8778459974433579,0.9057046952990404,0.9397865738072216,0.7554430580048576
0.051500000000000004,0.8771645604167118,0.9052171597767855,0.9394404339480724,0.7543631112172742
0.051750000000000004,0.8764820180524319,0.9047292975318093,0.9390936837613202,0.7532841911314021
0.052000000000000005,0.8757983648430907,0.9042411075122102,0.9387463214330778,0.7522062966963141
0.05225,0.8751135952388095,0.9037525886613825,0.9383983451410731,0.75112942686023
0.0525,0.8744277036467896,0.9032637399179844,0.9380497530545934,0.7500535805705024
0.05275,0.8737406844308431,0.9027745602159093,0.937700543334431,0.7489787567736127
0.053,0.8730525319109109,0.9022850484842563,0.9373507141328261,0.7479049544151567
0.05325,0.8723632403625786,0.9017952036472987,0.9370002635934115,0.7468321724398395
0.0535,0.8716728040165806,0.9013050246244543,0.9366491898511551,0.7457604097914613
0.05375,0.8709812170583011,0.9008145103302534,0.9362974910323025,0.7446896654129106
0.054,0.8702884736272658,0.9003236596743092,0.9359451652543187,0.7436199382461524
0.05425,0.8695945678166271,0.8998324715612851,0.9355922106258315,0.742551227232221
0.0545,0.8688994936726404,0.8993409448908638,0.9352386252465701,0.7414835313112056
0.05475,0.8682032451941346,0.8988490785577155,0.9348844072073074,0.7404168494222436
0.055,0.8675058163319731,0.8983568714514643,0.9345295545897991,0.7393511805035085
0.05525,0.8668072009885086,0.897864322456658,0.9341740654667248,0.7382865234922011
0.0555,0.8661073930170273,0.8973714304527343,0.9338179379016248,0.7372228773245373
0.05575,0.8654063862211883,0.8968781943139871,0.93346116994884,0.7361602409357372
0.056,0.8647041743544498,0.8963846129095344,0.9331037596534493,0.7350986132600161
0.05625,0.8640007511194934,0.8958906851032844,0.932745705051208,0.7340379932305742
0.0565,0.8632961101676333,0.8953964097539016,0.9323870041684826,0.7329783797795821
0.05675,0.862590245098219,0.8949017857147722,0.9320276550221893,0.7319197718381738
0.057,0.8618831494580309,0.8944068118339707,0.9316676556197278,0.7308621683364325
0.05725,0.8611748167406643,0.8939114869542257,0.9313070039589183,0.7298055682033827
0.0575,0.8604652403859046,0.8934158099128822,0.9309456980279338,0.7287499703669746
0.05775,0.8597544137790928,0.8929197795418695,0.9305837358052365,0.727695373754077
0.058,0.8590423302504819,0.8924233946676634,0.930221115259509,0.7266417772904619
0.05825,0.8583289830745842,0.8919266541112522,0.9298578343495887,0.7255891799007967
0.0585,0.8576143654695053,0.8914295566880991,0.9294938910243988,0.7245375805086292
0.058750000000000004,0.8568984705962708,0.8909321012081056,0.9291292832228808,0.7234869780363768
0.059000000000000004,0.8561812915581428,0.890434286475576,0.9287640088739245,0.7224373714053147
0.059250000000000004,0.8554628213999227,0.8899361112891798,0.9283980658962994,0.7213887595355652
0.059500000000000004,0.8547430531072455,0.8894375744419136,0.9280314521985833,0.7203411413460828
0.059750000000000004,0.854021979605863,0.8889386747210637,0.9276641656790916,0.7192945157546423
0.06,0.8532995937609142,0.888439410908168,0.9272962042258064,0.7182488816778285
0.06025,0.8525758883761871,0.8879397817789787,0.9269275657163036,0.7172042380310226
0.0605,0.8518508561933633,0.887439786103422,0.9265582480176803,0.716160583728388
0.06075,0.8511244898912573,0.8869394226455593,0.9261882489864801,0.7151179176828586
0.061,0.8503967820850381,0.8864386901635485,0.9258175664686209,0.7140762388061268
0.06125,0.849667725325442,0.8859375874096036,0.9254461982993177,0.7130355460086285
0.0615,0.8489373120979705,0.8854361131299557,0.925074142303009,0.7119958381995323
0.06175,0.8482055348220763,0.8849342660648107,0.9247013962932791,0.7109571142867237
0.062,0.8474723858503347,0.8844320449483101,0.924327958072781,0.7099193731767928
0.06225,0.8467378574676054,0.8839294485084886,0.9239538254331595,0.7088826137750206
0.0625,0.8460019418901732,0.8834264754672346,0.9235789961549723,0.7078468349853663
0.06275,0.8452646312648835,0.8829231245402452,0.9232034680076104,0.7068120357104506
0.063,0.8445259176682569,0.8824193944369869,0.9228272387492185,0.7057782148515448
0.06325,0.8437857931055914,0.8819152838606512,0.922450306126614,0.7047453713085546
0.0635,0.8430442495100513,0.8814107915081125,0.9220726678752068,0.7037135039800081
0.06375,0.8423012787417369,0.8809059160698838,0.9216943217189146,0.7026826117630383
0.064,0.8415568725867438,0.8804006562300739,0.921315265370082,0.7016526935533698
0.06425,0.8408110227562018,0.8798950106663425,0.9209354965293959,0.7006237482453062
0.0645,0.8400637208852999,0.8793889780498559,0.9205550128858009,0.6995957747317123
0.06475,0.8393149585322949,0.8788825570452427,0.9201738121164138,0.6985687719039997
0.065,0.8385647271775022,0.8783757463105464,0.9197918918864376,0.6975427386521129
0.06525,0.8378130182222695,0.8778685444971819,0.9194092498490745,0.6965176738645127
0.0655,0.837059822987935,0.8773609502498889,0.9190258836454376,0.6954935764281622
0.06575,0.8363051327147636,0.8768529622066835,0.9186417909044631,0.6944704452285093
0.066,0.835548938560868,0.8763445789988131,0.918256969242819,0.6934482791494714
0.06625,0.8347912316011123,0.8758357992507086,0.9178714162648172,0.6924270770734215
0.0665,0.8340320028259912,0.8753266215799358,0.9174851295623196,0.6914068378811694
0.06675,0.8332712431404943,0.8748170445971475,0.9170981067146476,0.6903875604519463
0.067,0.8325089433629503,0.8743070669060349,0.9167103452884886,0.6893692436633889
0.06725,0.8317450942238477,0.8737966871032774,0.916321842837801,0.6883518863915217
0.0675,0.8309796863646388,0.8732859037784955,0.915932596903722,0.6873354875107429
0.06775,0.8302127103365182,0.8727747155141972,0.9155426050144679,0.6863200458938034
0.068,0.8294441565991824,0.8722631208857298,0.9151518646852407,0.6853055604117924
0.06825,0.8286740155195683,0.8717511184612281,0.9147603734181291,0.6842920299341204
0.0685,0.8279022773705649,0.8712387068015637,0.9143681287020091,0.6832794533284995
0.06875,0.8271289323297046,0.8707258844602911,0.9139751280124457,0.6822678294609275
0.069,0.8263539704778318,0.8702126499835969,0.9135813688115917,0.6812571571956696
0.06925,0.8255773817977442,0.8696990019102467,0.9131868485480847,0.6802474353952395
0.0695,0.8247991561728131,0.8691849387715309,0.912791564656948,0.6792386629203837
0.06975,0.8240192833855734,0.8686704590912113,0.9123955145594831,0.67823083863006
0.07,0.8232377531162932,0.8681555613854663,0.9119986956631667,0.6772239613814198
0.07025,0.8224545549415141,0.8676402441628366,0.9116011053615458,0.6762180300297913
0.07050000000000001,0.8216696783325625,0.8671245059241685,0.9112027410341295,0.6752130434286578
0.07075000000000001,0.8208831126540382,0.8666083451625588,0.9108036000462816,0.6742090004296398
0.07100000000000001,0.8200948471622695,0.8660917603632987,0.9104036797491113,0.673205899882475
0.07125000000000001,0.8193048710037435,0.8655747500038152,0.9100029774793645,0.6722037406349994
0.07150000000000001,0.8185131732135047,0.865057312553615,0.9096014905593114,0.6712025215331278
0.07175000000000001,0.817719742713522,0.8645394464742253,0.9091992162966339,0.6702022414208317
0.07200000000000001,0.8169245683110274,0.8640211502191356,0.9087961519843134,0.669202899140121
0.07225,0.8161276386968231,0.863502422233739,0.9083922949005159,0.6682044935310237
0.0725,0.8153289424435513,0.8629832609552709,0.9079876423084748,0.6672070234315632
0.07275,0.8145284680039363,0.8624636648127494,0.9075821914563765,0.6662104876777393
0.073,0.8137262037089906,0.8619436322269145,0.9071759395772404,0.665214885103506
0.07325,0.8129221377661848,0.8614231616101663,0.9067688838887995,0.6642202145407506
0.0735,0.8121162582575836,0.8609022513665029,0.9063610215933813,0.6632264748192723
0.07375,0.811308553137944,0.8603808998914576,0.9059523498777851,0.6622336647667598
0.074,0.810499010232776,0.8598591055720349,0.9055428659131579,0.6612417832087693
0.07425,0.8096876172363663,0.8593368667866474,0.9051325668548722,0.6602508289687019
0.0745,0.8088743617097626,0.8588141819050519,0.9047214498423986,0.6592608008677826
0.07475,0.8080592310787139,0.8582910492882811,0.9043095119991799,0.6582716977250356
0.075,0.8072422126315759,0.8577674672885814,0.9038967504325018,0.6572835183572615
0.07525,0.8064232935171677,0.8572434342493435,0.9034831622333644,0.6562962615790149
0.0755,0.8056024607425911,0.8567189485050375,0.9030687444763513,0.6553099262025819
0.07575,0.8047797011710006,0.856194008381143,0.9026534942194953,0.6543245110379516
0.076,0.8039550015193297,0.8556686121940822,0.9022374085041466,0.6533400148927975
0.07625,0.8031283483559718,0.8551427582511497,0.9018204843548372,0.6523564365724495
0.0765,0.8022997280984125,0.854616444850443,0.9014027187791442,0.6513737748798714
0.07675,0.8014691270108114,0.854089670280792,0.9009841087675511,0.6503920286156342
0.077,0.8006365312015343,0.8535624328216875,0.9005646512933096,0.6494111965778926
0.07725,0.7998019266206359,0.8530347307432096,0.9001443433122969,0.6484312775623573
0.0775,0.7989652990572871,0.8525065623059545,0.899723181762875,0.6474522703622723
0.07775,0.7981266341371486,0.8519779257609619,0.8993011635657451,0.6464741737683857
0.078,0.7972859173196893,0.851448819349639,0.8988782856238033,0.6454969865689258
0.07825,0.796443133895447,0.850919241303688,0.8984545448219917,0.6445207075495719
0.0785,0.7955982689832318,0.8503891898450296,0.8980299380271523,0.6435453354934311
0.07875,0.7947513075272666,0.8498586631857252,0.8976044620878734,0.6425708691810066
0.079,0.7939022342942684,0.8493276595279008,0.89717811383434,0.6415973073901732
0.07925,0.7930510338704653,0.84879617706367,0.8967508900781793,0.640624648896148
0.0795,0.7921976906585485,0.8482642139750534,0.8963227876123057,0.6396528924714637
0.07975,0.7913421888745563,0.8477317684339003,0.8958938032107625,0.6386820368859377
0.08,0.7904845125446905,0.8471988386018072,0.895463933628565,0.637712080906645
0.08025,0.7896246455020635,0.8466654226300374,0.8950331756015388,0.6367430232978885
0.0805,0.7887625713833701,0.8461315186594398,0.8946015258461575,0.6357748628211695
0.08075,0.787898273625486,0.8455971248203634,0.8941689810593795,0.6348075982351581
0.081,0.7870317354619913,0.8450622392325762,0.8937355379184807,0.6338412282956616
0.08125,0.7861629399196132,0.8445268600051785,0.8933011930808878,0.6328757517555951
0.0815,0.7852918698145892,0.8439909852365199,0.892865943184009,0.6319111673649516
0.08175,0.7844185077489463,0.8434546130141103,0.8924297848450611,0.6309474738707677
0.082,0.7835428361066966,0.8429177414145341,0.8919927146608972,0.629984670017095
0.08225,0.7826648370499408,0.8423803685033611,0.891554729207831,0.6290227545449651
0.0825,0.7817844925148894,0.8418424923350593,0.8911158250414597,0.628061726192361
0.08275,0.78090178420778,0.8413041109529027,0.8906759986964836,0.6271015836941797
0.083,0.7800166936007092,0.8407652223888802,0.8902352466865262,0.6261423257822023
0.08325,0.7791292019273602,0.840225824663606,0.8897935655039495,0.6251839511850589
0.0835,0.7782392901786322,0.839685915786225,0.8893509516196696,0.6242264586281961
0.08375,0.7773469390981624,0.8391454937543188,0.8889074014829677,0.6232698468338402
0.084,0.7764521291777443,0.8386045565538109,0.8884629115213014,0.6223141145209643
0.08425,0.7755548406526335,0.8380631021588718,0.8880174781401124,0.621359260405252
0.0845,0.7746550534967426,0.8375211285318209,0.8875710977226321,0.6204052831990627
0.08475,0.7737527474177129,0.8369786336230287,0.8871237666296851,0.6194521816113944
0.085,0.772847901851874,0.8364356153708183,0.8866754811994915,0.6184999543478479
0.08525,0.7719404959590719,0.8358920717013649,0.8862262377474639,0.6175486001105887
0.0855,0.7710305086173749,0.8353480005285956,0.8857760325660065,0.616598117598312
0.08575,0.7701179184176424,0.8348033997540849,0.8853248619243075,0.6156485055062014
0.08600000000000001,0.7692027036579634,0.8342582672669545,0.8848727220681317,0.6146997625258935
0.08625000000000001,0.7682848423379484,0.833712600943765,0.8844196092196097,0.6137518873454367
0.08650000000000001,0.7673643121528857,0.8331663986484148,0.8839655195770258,0.6128048786492545
0.08675000000000001,0.7664410904877388,0.8326196582320293,0.8835104493146011,0.6118587351181028
0.08700000000000001,0.7655151544109984,0.8320723775328555,0.8830543945822762,0.6109134554290316
0.08725000000000001,0.7645864806683708,0.8315245543761509,0.8825973515054901,0.6099690382553429
0.08750000000000001,0.7636550456763086,0.8309761865740762,0.8821393161849578,0.6090254822665514
0.08775000000000001,0.762720825515364,0.8304272719255802,0.8816802846964432,0.6080827861283398
0.088,0.7617837959233777,0.8298778082162899,0.8812202530905314,0.6071409485025188
0.08825,0.7608439322884815,0.8293277932183948,0.8807592173923968,0.6061999680469831
0.0885,0.759901209641918,0.8287772246905318,0.8802971736015685,0.6052598434156676
0.08875,0.7589556026506701,0.828226100377671,0.8798341176916945,0.6043205732585053
0.089,0.7580070856098887,0.8276744180109936,0.8793700456103011,0.6033821562213806
0.08925,0.7570556324351196,0.8271221753077762,0.8789049532785498,0.6024445909460845
0.0895,0.7561012166543193,0.8265693699712698,0.8784388365909928,0.6015078760702713
0.08975,0.7551438113996499,0.8260159996905768,0.877971691415323,0.6005720102274092
0.09,0.7541833893990494,0.8254620621405281,0.8775035135921228,0.5996369920467347
0.09025,0.7532199229675719,0.8249075549815594,0.8770342989346094,0.5987028201532055
0.0905,0.7522533839984819,0.8243524758595839,0.8765640432283766,0.5977694931674521
0.09075,0.7512837439541041,0.8237968224058669,0.8760927422311345,0.5968370097057298
0.091,0.7503109738564098,0.8232405922368939,0.8756203916724439,0.5959053683798681
0.09125,0.7493350442773401,0.8226837829542433,0.8751469872534491,0.5949745677972209
0.0915,0.7483559253288546,0.8221263921444525,0.8746725246466076,0.5940446065606176
0.09175,0.7473735866526872,0.8215684173788855,0.8741969994954151,0.5931154832683101
0.092,0.7463879974098133,0.8210098562135976,0.8737204074141277,0.5921871965139209
0.09225,0.7453991262696057,0.8204507061891995,0.8732427439874813,0.5912597448863914
0.0925,0.7444069413986741,0.8198909648307182,0.8727640047704059,0.5903331269699278
0.09275,0.7434114104493771,0.8193306296474595,0.8722841852877387,0.5894073413439485
0.093,0.7424125005479899,0.8187696981328642,0.8718032810339305,0.5884823865830273
0.09325,0.7414101782825205,0.8182081677643666,0.8713212874727505,0.5875582612568386
0.0935,0.7404044096901607,0.8176460360032505,0.8708382000369876,0.5866349639301027
0.09375,0.7393951602443527,0.8170833002945017,0.8703540141281464,0.5857124931625273
0.094,0.7383823948414657,0.8165199580666608,0.8698687251161401,0.5847908475087498
0.09425,0.7373660777870612,0.8159560067316737,0.8693823283389793,0.5838700255182793
0.0945,0.7363461727817322,0.8153914436847388,0.8688948191024575,0.5829500257354374
0.09475,0.7353226429065073,0.8148262663041566,0.8684061926798317,0.5820308466992989
0.095,0.7342954506077888,0.8142604719511712,0.8679164443114978,0.5811124869436284
0.09525,0.7332645576818213,0.813694057969816,0.8674255692046657,0.580194944996821
0.0955,0.7322299252586664,0.813127021686754,0.8669335625330259,0.5792782193818399
0.09575,0.7311915137856582,0.8125593604111164,0.8664404194364123,0.5783623086161501
0.096,0.7301492830103335,0.8119910714343418,0.8659461350204645,0.5774472112116579
0.09625,0.729103191962801,0.8114221520300107,0.8654507043562811,0.5765329256746432
0.0965,0.7280531989375354,0.8108525994536773,0.8649541224800695,0.5756194505056934
0.09675,0.7269992614745727,0.8102824109427048,0.8644563843927946,0.5747067841996397
0.097,0.7259413363400781,0.8097115837160916,0.8639574850598165,0.5737949252454845
0.09725,0.7248793795062652,0.8091401149742994,0.863457419410529,0.5728838721263351
0.0975,0.7238133461306394,0.8085680018990801,0.8629561823379912,0.571973623319335
0.09775,0.7227431905345316,0.8079952416532963,0.8624537686985538,0.5710641772955911
0.098,0.7216688661809025,0.8074218313807443,0.8619501733114799,0.5701555325201024
0.09825,0.7205903256513777,0.8068477682059723,0.8614453909585625,0.5692476874516879
0.0985,0.7195075206224835,0.8062730492340959,0.8609394163837356,0.5683406405429114
0.09875,0.7184204018410563,0.805697671550615,0.8604322442926811,0.5674343902400101
0.099,0.7173289190987735,0.8051216322212226,0.8599238693524275,0.5665289349828138
0.09925,0.7162330212057859,0.8045449282916161,0.8594142861909472,0.5656242732046716
0.0995,0.7151326559634026,0.8039675567873052,0.8589034893967458,0.5647204033323734
0.09975,0.7140277701357827,0.8033895147134159,0.8583914735184455,0.5638173237860686
0.1,0.7129183094206014,0.802810799054492,0.8578782330643641,0.5629150329791881
0.10025,0.7118042184186331,0.802231406774297,0.8573637625020876,0.5620135293183617
0.1005,0.7106854406022075,0.80165133481561,0.8568480562580365,0.5611128112033352
0.10075,0.7095619182824906,0.8010705801000224,0.856331108717028,0.5602128770268884
0.101,0.7084335925755236,0.8004891395277272,0.855812914221828,0.5593137251747471
0.10125,0.7073004033669796,0.7999070099773109,0.8552934670727013,0.5584153540254994
0.1015,0.7061622892755648,0.7993241883055411,0.8547727615269534,0.557517761950507
0.10175000000000001,0.7050191876150026,0.7987406713471487,0.8542507917984654,0.5566209473138163
0.10200000000000001,0.7038710343545383,0.7981564559146099,0.8537275520572241,0.5557249084720687
0.10225000000000001,0.7027177640778872,0.7975715387979261,0.853203036428842,0.554829643774408
0.10250000000000001,0.7015593099405524,0.7969859167643979,0.8526772389940758,0.5539351515623888
0.10275000000000001,0.7003956036254362,0.7963995865584006,0.852150153788334,0.5530414301698834
0.10300000000000001,0.6992265752966509,0.795812544901151,0.8516217748011773,0.5521484779229826
0.10325000000000001,0.6980521535514501,0.7952247884904764,0.8510920959758139,0.5512562931399012
0.10350000000000001,0.6968722653701835,0.7946363140005793,0.8505611112085881,0.5503648741308803
0.10375000000000001,0.6956868360641644,0.7940471180817956,0.8500288143484578,0.5494742191980848
0.10400000000000001,0.694495789221359,0.793457197360355,0.8494951991964678,0.5485843266355036
0.10425,0.6932990466497714,0.7928665484381341,0.8489602595052148,0.5476951947288462
0.1045,0.6920965283184114,0.7922751678924074,0.8484239889783032,0.5468068217554372
0.10475,0.6908881522957167,0.7916830522755979,0.8478863812697958,0.5459192059841131
0.105,0.6896738346852856,0.7910901981150181,0.847347429983652,0.5450323456751108
0.10525,0.6884534895587904,0.7904966019126147,0.8468071286731619,0.5441462390799598
0.1055,0.6872270288859039,0.7899022601447033,0.8462654708403703,0.5432608844413713
0.10575,0.6859943624610861,0.7893071692617062,0.8457224499354925,0.5423762799931257
0.106,0.6847553978270446,0.7887113256878798,0.8451780593563203,0.5414924239599566
0.10625,0.6835100401946977,0.7881147258210448,0.8446322924476206,0.5406093145574353
0.1065,0.6822581923594295,0.7875173660323064,0.8440851425005242,0.5397269499918526
0.10675,0.6809997546134332,0.7869192426657781,0.8435366027519068,0.5388453284600994
0.107,0.6797346246539062,0.7863203520382938,0.8429866663837574,0.5379644481495431
0.10725,0.6784626974868704,0.7857206904391218,0.8424353265225412,0.5370843072379057
0.1075,0.6771838653263443,0.7851202541296727,0.8418825762385493,0.5362049038931361
0.10775,0.6758980174886001,0.7845190393432036,0.8413284085452418,0.5353262362732847
0.108,0.6746050402812004,0.7839170422845181,0.840772816398577,0.5344483025263709
0.10825,0.6733048168865037,0.7833142591296611,0.8402157926963346,0.5335711007902533
0.1085,0.6719972272392944,0.7827106860256126,0.8396573302774242,0.5326946291924943
0.10875,0.6706821478981716,0.7821063190899737,0.8390974219211871,0.5318188858502261
0.109,0.6693594519102966,0.7815011544106502,0.8385360603466844,0.5309438688700097
0.10925,0.6680290086690872,0.7808951880455302,0.8379732382119743,0.5300695763476955
0.1095,0.6666906837643932,0.7802884160221604,0.8374089481133804,0.5291960063682807
0.10975,0.6653443388246658,0.7796808343374139,0.8368431825847467,0.5283231570057653
0.11,0.663989831350588,0.7790724389571551,0.8362759340966788,0.5274510263230012
0.11025,0.6626270145396002,0.7784632258159015,0.8357071950557793,0.5265796123715457
0.1105,0.6612557371006973,0.7778531908164767,0.8351369578038632,0.5257089131915068
0.11075,0.6598758430588368,0.7772423298296638,0.8345652146171687,0.5248389268113902
0.111,0.6584871715482243,0.7766306386938476,0.8339919577055481,0.5239696512479399
0.11125,0.6570895565937082,0.7760181132146581,0.8334171792116517,0.5231010845059795
0.1115,0.6556828268794225,0.7754047491646023,0.8328408712100945,0.5222332245782482
0.11175,0.6542668055037691,0.7747905422826982,0.8322630257066119,0.5213660694452368
0.112,0.6528413097197223,0.7741754882740959,0.8316836346372009,0.5204996170750186
0.11225,0.6514061506593855,0.773559582809699,0.8311026898672464,0.5196338654230777
0.1125,0.6499611330416031,0.7729428215257768,0.8305201831906348,0.5187688124321356
0.11275,0.6485060548613399,0.7723252000235731,0.8299361063288528,0.5179044560319751
0.113,0.6470407070594141,0.7717067138689088,0.8293504509300704,0.5170407941392591
0.11325,0.6455648731710497,0.7710873585917764,0.8287632085682091,0.5161778246573473
0.1135,0.6440783289515553,0.7704671296859328,0.8281743707419952,0.515315545476111
0.11375,0.64258084197729,0.7698460226084827,0.8275839288739981,0.5144539544717441
0.114,0.6410721712198801,0.7692240327794561,0.8269918743096504,0.5135930495065689
0.11425,0.6395520665914736,0.7686011555813814,0.8263981983162526,0.512732828428841
0.1145,0.6380202684585763,0.7679773863588496,0.8258028920819616,0.5118732890725491
0.11475,0.636476507121782,0.7673527204180758,0.8252059467147628,0.5110144292572146
0.115,0.6349205022584115,0.7667271530264477,0.824607353241422,0.5101562467876817
0.11525,0.6333519623247919,0.7661006794120748,0.8240071026064218,0.5092987394539092
0.1155,0.6317705839145299,0.7654732947633253,0.8234051856708793,0.5084419050307565
0.11575,0.6301760510687593,0.7648449942283587,0.8228015932114454,0.507585741277766
0.116,0.6285680345338853,0.7642157729146499,0.8221963159191852,0.5067302459389416
0.11625,0.6269461909618648,0.7635856258885054,0.8215893443984372,0.5058754167425231
0.1165,0.6253101620474785,0.7629545481745756,0.8209806691656563,0.5050212514007562
0.11675,0.6236595735964241,0.7623225347553562,0.8203702806482336,0.5041677476096607
0.117,0.6219940345173107,0.7616895805706815,0.8197581691832966,0.5033149030487905
0.11725000000000001,0.6203131357298336,0.7610556805172122,0.8191443250164887,0.5024627153809927
0.11750000000000001,0.618616448980432,0.7604208294479154,0.8185287383007264,0.5016111822521606
0.11775000000000001,0.616903525555667,0.7597850221715334,0.8179113990949358,0.5007603012909836
0.11800000000000001,0.6151738948822991,0.7591482534520471,0.8172922973627653,0.49991007010869015
0.11825000000000001,0.6134270630016359,0.7585105180081293,0.8166714229712753,0.49906048629878774
0.11850000000000001,0.6116625109040452,0.7578718105125901,0.8160487656896056,0.49821154743679785
0.11875000000000001,0.6098796927076529,0.7572321255918151,0.815424315187619,0.4973632510799872
0.11900000000000001,0.6080780336630002,0.7565914578251902,0.8147980610345182,0.49651559476708973
0.11925000000000001,0.6062569279629091,0.7559498017445214,0.8141699926974397,0.4956685760180286
0.11950000000000001,0.604415736333769,0.7553071518334439,0.8135400995400217,0.4948221923336298
0.11975000000000001,0.6025537833809781,0.7546635025268223,0.812908370820945,0.49397644119533113
0.12,0.6006703546571327,0.7540188482101393,0.812274795692449,0.49313132006488625
0.12025,0.5987646934167353,0.7533731832188757,0.8116393631988171,0.4922868263840616
0.1205,0.5968359970154223,0.7527265018378813,0.8110020622748373,0.4914429575743289
0.12075,0.5948834129049294,0.7520787983007349,0.8103628817442332,0.4905997110365522
0.121,0.5929060341668568,0.7514300667890922,0.8097218103180648,0.4897570841506674
0.12125,0.5909028945186195,0.7507803014320243,0.8090788365930992,0.4889150742753552
0.1215,0.5888729627132372,0.750129496305347,0.8084339490501535,0.4880736787477106
0.12175,0.5868151362405171,0.7494776454309352,0.8077871360524017,0.4872328948829026
0.122,0.584728234220045,0.7488247427760303,0.8071383858436546,0.48639271997383027
0.12225,0.5826109893554511,0.7481707822525314,0.806487686546602,0.48555315129076865
0.1225,0.5804620387937868,0.747515757716278,0.8058350261610245,0.48471418608101025
0.12275,0.5782799137021473,0.7468596629663209,0.8051803925619714,0.4838758215685005
0.123,0.5760630273343372,0.7462024917441772,0.804523773497898,0.48303805495346064
0.12325,0.5738096613112612,0.7455442377330767,0.8038651565887753,0.4822008834120095
0.1235,0.5715179497768441,0.7448848945571931,0.8032045293241552,0.4813643040957737
0.12375,0.5691858610129161,0.7442244557808634,0.8025418790612013,0.48052831413149055
0.124,0.5668111759963732,0.7435629149077937,0.8018771930226827,0.4796929106206054
0.12425,0.5643914632529278,0.7429002653802491,0.8012104582949232,0.47885809063885626
0.1245,0.5619240491941816,0.7422365005782335,0.8005416618257135,0.47802385123585356
0.12475,0.5594059829048067,0.7415716138186537,0.7998707904221825,0.4771901894346516
0.125,0.5568339940550697,0.7409055983544651,0.7991978307486223,0.47635710223130734
0.12525,0.5542044422231666,0.7402384473738103,0.7985227693242725,0.47552458659443414
0.1255,0.5515132553815889,0.739570153999135,0.7978455925210592,0.4746926394647444
0.12575,0.5487558545729889,0.738900711286293,0.7971662865612867,0.47386125775458177
0.126,0.545927060784876,0.738230112223634,0.7964848375152851,0.47303043834744696
0.12625,0.5430209785934174,0.7375583497310747,0.7958012312990057,0.4722001780975088
0.1265,0.5400308490733695,0.7368854166591532,0.795115453671569,0.4713704738291077
0.12675,0.5369488614268857,0.7362113057880695,0.7944274902327648,0.4705413223362508
0.127,0.5337659082186919,0.7355360098267035,0.7937373264204939,0.46971272038208967
0.12725,0.5304712620955763,0.7348595214116199,0.7930449475081626,0.4688846646983943
0.1275,0.5270521408157129,0.7341818331060537,0.7923503386020199,0.4680571519850112
0.12775,0.5234931094528505,0.7335029373988757,0.7916534846384367,0.4672301789093094
0.128,0.5197752384278336,0.7328228267035427,0.7909543703811327,0.46640374210561963
0.12825,0.5158748831219695,0.7321414933570227,0.7902529804183385,0.4655778381746534
0.1285,0.5117618537582351,0.7314589296187075,0.7895492991599005,0.46475246368291584
0.12875,0.5073965558676541,0.7307751276693,0.7888433108343236,0.4639276151621033
0.129,0.5027252904288823,0.7300900796096815,0.788134999485748,0.4631032891084862
0.12925,0.4976720185800094,0.729403777459761,0.7874243489708623,0.4622794819822803
0.1295,0.492122668387401,0.7287162131572996,0.7867113429557483,0.4614561902070026
0.12975,0.48589156821999546,0.7280273785567135,0.7859959649126581,0.4606334101688138
0.13,0.4786362303737795,0.7273372654278576,0.7852781981167187,0.4598111382158454
0.13025,0.46956806226536774,0.7266458654547806,0.7845580256425644,0.45898937065751055
0.1305,0.4554581292368884,0.7259531702344605,0.7838354303608932,0.45816810376379985
0.13075,nan,0.7252591712755159,0.7831103949349496,0.45734733376456344
0.131,nan,0.7245638599968902,0.782382901816924,0.4565270568487714
0.13125,nan,0.7238672277265117,0.7816529332442739,0.45570726916376186
0.1315,nan,0.7231692656999293,0.7809204712359608,0.4548879668144692
0.13175,nan,0.7224699650589181,0.7801854975886011,0.45406914586263447
0.132,nan,0.7217693168500632,0.7794479938725289,0.4532508023259982
0.13225,nan,0.7210673120233083,0.7787079414277683,0.4524329321774726
0.1325,nan,0.7203639414304842,0.7779653213599111,0.45161553134429494
0.13275,nan,0.7196591958238019,0.7772201145359019,0.4507985957071622
0.133,nan,0.7189530658543171,0.7764723015797206,0.44998212109934166
0.13325,nan,0.7182455420703665,0.7757218628679647,0.44916610330576257
0.1335,nan,0.7175366149159712,0.7749687785253294,0.4483505380620856
0.13375,nan,0.716826274729206,0.7742130284199762,0.44753542105374844
0.134,nan,0.7161145117405407,0.7734545921587955,0.44672074791499006
0.13425,nan,0.7154013160711419,0.7726934490825493,0.44590651422784766
0.1345,nan,0.7146866777311438,0.7719295782609025,0.44509271552113205
0.13475,nan,0.7139705866178848,0.7711629584873311,0.4442793472693769
0.135,nan,0.7132530325141027,0.7703935682739036,0.4434664048917595
0.13525,nan,0.7125340050860975,0.7696213858459383,0.4426538837509968
0.1355,nan,0.7118134938818538,0.768846389136526,0.44184177915221284
0.13575,nan,0.7110914883291236,0.7680685557809177,0.4410300863417769
0.136,nan,0.7103679777334728,0.7672878631107717,0.4402188005061133
0.13625,nan,0.709642951276279,0.7665042881482558,0.43940791677047775
0.1365,nan,0.7089163980126938,0.7657178076000013,0.4385974301977058
0.13675,nan,0.7081883068695609,0.7649283978509039,0.4377873357869263
0.137,nan,0.7074586666432854,0.7641360349577635,0.43697762847224175
0.13725,nan,0.7067274659976607,0.7633406946427629,0.4361683031213734
0.1375,nan,0.7059946934616503,0.7625423522867782,0.4353593545342729
0.13775,nan,0.7052603374271154,0.7617409829225138,0.4345507774416937
0.138,nan,0.7045243861465016,0.7609365612274586,0.4337425665037281
0.13825,nan,0.7037868277304657,0.7601290615166563,0.43293471630830016
0.1385,nan,0.703047650145457,0.7593184577352843,0.4321272213696221
0.13875,nan,0.7023068412112434,0.7585047234510376,0.43132007612660783
0.139,nan,0.701564388598381,0.7576878318463034,0.4305132749412403
0.13925,nan,0.7008202798256283,0.7568677557101308,0.4297068120968978
0.1395,nan,0.7000745022573033,0.7560444674299777,0.42890068179663116
0.13975,nan,0.6993270431005794,0.7552179389832361,0.42809487816139413
0.14,nan,0.6985778894027217,0.7543881419285243,0.4272893952282253
0.14025,nan,0.6978270280482579,0.7535550473967354,0.42648422694837496
0.1405,nan,0.6970744457560875,0.7527186260818405,0.42567936718538274
0.14075000000000001,nan,0.696320129076522,0.7518788482314357,0.42487480971310027
0.14100000000000001,nan,0.6955640643882579,0.751035683637018,0.42407054821365325
0.14125000000000001,nan,0.6948062378952795,0.7501891016239907,0.4232665762753489
0.14150000000000001,nan,0.6940466356236873,0.7493390710413812,0.42246288739052007
0.14175000000000001,nan,0.6932852434184553,0.7484855602512659,0.4216594749533075
0.14200000000000002,nan,0.6925220469401094,0.7476285371178886,0.4208563322573774
0.14225000000000002,nan,0.6917570316613272,0.7467679689964614,0.4200534524935679
0.14250000000000002,nan,0.6909901828634558,0.7459038227216408,0.41925082874746983
0.14275000000000002,nan,0.6902214856329498,0.7450360645956637,0.4184484539969331
0.14300000000000002,nan,0.6894509248577176,0.7441646603761293,0.41764632110949573
0.14325000000000002,nan,0.6886784852233857,0.7432895752634205,0.41684442283973855
0.14350000000000002,nan,0.6879041512094644,0.7424107738877437,0.4160427518265555
0.14375000000000002,nan,0.6871279070854265,0.7415282202957789,0.4152413005903415
0.14400000000000002,nan,0.6863497369066867,0.7406418779369257,0.41444006153009544
0.14425,nan,0.6855696245104785,0.7397517096491197,0.413639026920426
0.1445,nan,0.6847875535116321,0.7388576776442197,0.41283818890847024
0.14475,nan,0.6840035072982461,0.737959743492936,0.4120375395107116
0.145,nan,0.6832174690272472,0.7370578681092885,0.4112370706096965
0.14525,nan,0.6824294216198428,0.736152011734575,0.41043677395064704
0.1455,nan,0.6816393477568494,0.7352421339208289,0.40963664113796194
0.14575,nan,0.6808472298739096,0.7343281935137489,0.4088366636316046
0.146,nan,0.6800530501565825,0.7334101486350819,0.4080368327433759
0.14625,nan,0.6792567905353039,0.7324879566644278,0.4072371396330577
0.1465,nan,0.67845843268022,0.7315615742204569,0.40643757530443436
0.14675,nan,0.6776579579958818,0.730630957141504,0.40563813060117704
0.147,nan,0.6768553476158017,0.7296960604655209,0.4048387962025908
0.14725,nan,0.6760505823968649,0.728756838409361,0.4040395626192187
0.1475,nan,0.6752436429135913,0.7278132443473616,0.40324042018829115
0.14775,nan,0.674434509452242,0.7268652307892043,0.40244135906902256
0.148,nan,0.6736231620047715,0.7259127493570181,0.4016423692377441
0.14825,nan,0.6728095802626076,0.7249557507616917,0.4008434404828633
0.1485,nan,0.6719937436102683,0.7239941847783647,0.4000445623996487
0.14875,nan,0.6711756311187993,0.7230280002210636,0.39924572438482836
0.149,nan,0.6703552215390307,0.7220571449164401,0.3984469156309948
0.14925,nan,0.669532493294646,0.7210815656765798,0.39764812512080877
0.1495,nan,0.6687074244750556,0.7201012082708329,0.3968493416209899
0.14975,nan,0.6678799928280709,0.7191160173966304,0.39605055367608977
0.15,nan,0.6670501757523704,0.7181259366492404,0.3952517496020349
0.15025,nan,0.6662179502897476,0.7171309084904063,0.3944529174794258
0.1505,nan,0.6653832931171402,0.7161308742158325,0.3936540451465876
0.15075,nan,0.6645461805384245,0.7151257739214547,0.3928551201923575
0.151,nan,0.6637065884759749,0.7141155464684368,0.39205612994859457
0.15125,nan,0.6628644924619734,0.7131001294468475,0.3912570614824044
0.1515,nan,0.6620198676294614,0.7120794591379378,0.390457901588058
0.15175,nan,0.6611726887031287,0.7110534704749681,0.3896586367785975
0.152,nan,0.6603229299898261,0.7100220970025102,0.38885925327711046
0.15225,nan,0.6594705653687902,0.7089852708341459,0.3880597370076538
0.1525,nan,0.6586155682815755,0.7079429226084941,0.38726007358581555
0.15275,nan,0.657757911721676,0.7068949814434777,0.3864602483088938
0.153,nan,0.6568975682238298,0.7058413748887454,0.38566024614567385
0.15325,nan,0.6560345098529936,0.7047820288761583,0.38486005172578375
0.1535,nan,0.6551687081929702,0.7037168676682378,0.38405964932860553
0.15375,nan,0.6543001343346828,0.7026458138044822,0.38325902287172264
0.154,nan,0.6534287588640794,0.7015687880454331,0.38245815589887777
0.15425,nan,0.6525545518496474,0.7004857093143777,0.38165703156741226
0.1545,nan,0.6516774828295335,0.6993964946365671,0.38085563263516686
0.15475,nan,0.6507975207982466,0.6983010590758172,0.38005394144680976
0.155,nan,0.6499146341929254,0.6971993156683514,0.37925193991956174
0.15525,nan,0.6490287908791628,0.6960911753537422,0.37844960952829076
0.1555,nan,0.6481399581363546,0.6949765469027869,0.3776469312899325
0.15575,nan,0.6472481026425689,0.6938553368421547,0.3768438857472083
0.156,nan,0.6463531904589048,0.6927274493756306,0.37604045295159955
0.15625,nan,0.6454551870133245,0.691592786301751,0.3752366124455294
0.1565,nan,0.6445540570839369,0.6904512469276449,0.37443234324371816
0.15675,nan,0.6436497647817074,0.6893027279788537,0.3736276238136558
0.157,nan,0.6427422735325741,0.6881471235048996,0.3728224320551453
0.15725,nan,0.6418315460589382,0.6869843247803573,0.3720167452788609
0.1575,nan,0.6409175443605093,0.6858142202011597,0.37121054018385996
0.15775,nan,0.6400002296944717,0.6846366951758596,0.370403792833992
0.158,nan,0.6390795625549488,0.6834516320115415,0.3695964786331337
0.15825,nan,0.6381555026517245,0.6822589097940523,0.3687885722991763
0.1585,nan,0.6372280088882015,0.6810584042622141,0.36798004783669436
0.15875,nan,0.6362970393385518,0.6798499876756303,0.36717087850820745
0.159,nan,0.6353625512240282,0.6786335286756917,0.3663610368039481
0.15925,nan,0.6344245008884013,0.6774088921393495,0.3655504944100425
0.1595,nan,0.6334828437724722,0.6761759390251783,0.3647392221749942
0.15975,nan,0.6325375343876303,0.6749345262112415,0.363927190074368
0.16,nan,0.6315885262884049,0.6736845063242114,0.36311436717355067
0.16025,nan,0.6306357720439635,0.6724257275591548,0.36230072158845644
0.1605,nan,0.6296792232085093,0.6711580334893639,0.36148622044404355
0.16075,nan,0.628718830290526,0.669881262865544,0.3606708298304871
0.161,nan,0.6277545427208098,0.6685952494036234,0.35985451475684654
0.16125,nan,0.626786308819238,0.6672998215603874,0.3590372391020513
0.1615,nan,0.6258140757602009,0.6659948022960656,0.3582189655630097
0.16175,nan,0.624837789536643,0.6646800088229421,0.3573996555996386
0.162,nan,0.6238573949226379,0.6633552523389653,0.3565792693765848
0.16225,nan,0.6228728354344193,0.6620203377452389,0.3557577657013894
0.1625,nan,0.6218840532898016,0.6606750633462022,0.35493510195883327
0.16275,nan,0.6208909893658947,0.6593192205311708,0.3541112340411683
0.163,nan,0.6198935831550344,0.6579525934358084,0.35328611627391526
0.16325,nan,0.6188917727188294,0.6565749585819592,0.3524597013368844
0.1635,nan,0.6178854946402279,0.6551860844941237,0.35163194018003147
0.16375,nan,0.6168746839734986,0.6537857312907,0.35080278193373843
0.164,nan,0.6158592741920161,0.6523736502479367,0.34997217381306023
0.16425,nan,0.6148391971337246,0.6509495833343224,0.3491400610154301
0.1645,nan,0.6138143829441616,0.6495132627129376,0.34830638661127866
0.16475,nan,0.6127847600169004,0.6480644102090272,0.3474710914269541
0.165,nan,0.6117502549312692,0.6466027367397709,0.3466341139192724
0.16525,nan,0.6107107923871953,0.6451279417029272,0.34579539004096044
0.1655,nan,0.609666295137003,0.6436397123206508,0.3449548530961648
0.16575,nan,0.608616683913999,0.6421377229344184,0.34411243358512866
0.166,nan,0.6075618773576544,0.6406216342465176,0.3432680590370207
0.16625,nan,0.6065017919351753,0.6390910925030693,0.34242165382979695
0.1665,nan,0.6054363418592627,0.6375457286129813,0.3415731389958529
0.16675,nan,0.6043654390018172,0.6359851571965803,0.3407224320120703
0.167,nan,0.6032889928033504,0.6344089755569295,0.33986944657270113
0.16725,nan,0.6022069101778388,0.6328167625660283,0.3390140923433552
0.1675,nan,0.6011190954127281,0.6312080774570994,0.3381562746941269
0.16775,nan,0.6000254500637954,0.6295824585131192,0.33729589440967034
0.168,nan,0.5989258728445326,0.6279394216404768,0.3364328473737485
0.16825,nan,0.5978202595097009,0.6262784588152107,0.3355670242254518
0.1685,nan,0.5967085027326762,0.6245990363876399,0.33469830998393035
0.16875,nan,0.5955904919761787,0.6229005932292799,0.3338265836380443
0.169,nan,0.5944661133559398,0.621182538703736,0.3329517176968486
0.16925,nan,0.5933352494968349,0.6194442504406936,0.33207357769625456
0.1695,nan,0.5921977793809593,0.6176850718891326,0.3311920216565396
0.16975,nan,0.5910535781870973,0.6159043096224105,0.3303068994846012
0.17,nan,0.5899025171209766,0.614101230363739,0.3294180523139272
0.17025,nan,0.5887444632356502,0.6122750576957551,0.3285253117741757
0.1705,nan,0.5875792792413002,0.6104249684122085,0.32762849918099346
0.17075,nan,0.5864068233036902,0.6085500884629902,0.3267274246351719
0.171,nan,0.5852269488304241,0.6066494884357025,0.32582188601845374
0.17125,nan,0.5840395042441042,0.6047221785073521,0.3249116678711477
0.1715,nan,0.5828443327413826,0.6027671027881634,0.3239965401341124
0.17175,nan,0.5816412720368294,0.6007831329656186,0.3230762567345707
0.17200000000000001,nan,0.5804301540904305,0.5987690611399125,0.3221505539914229
0.17225000000000001,nan,0.5792108048174046,0.5967235917214317,0.32121914881111824
0.17250000000000001,nan,0.5779830437789382,0.5946453322357073,0.32028173663951964
0.17275000000000001,nan,0.5767466838522621,0.5925327828502087,0.3193379891282279
0.17300000000000001,nan,0.5755015308783696,0.5903843243989353,0.3183875514652334
0.17325000000000002,nan,0.5742473832854943,0.5881982046327983,0.31743003930902225
0.17350000000000002,nan,0.5729840316862672,0.5859725223635862,0.3164650352517709
0.17375000000000002,nan,0.5717112584462869,0.5837052090932608,0.3154920847202368
0.17400000000000002,nan,0.5704288372215663,0.5813940076233312,0.3145106912012084
0.17425000000000002,nan,0.5691365324620766,0.5790364470145901,0.31352031065048996
0.17450000000000002,nan,0.5678340988782971,0.5766298131061875,0.31252034490824704
0.17475000000000002,nan,0.5665212808673471,0.5741711135920593,0.31151013389624604
0.17500000000000002,nan,0.5651978118948919,0.5716570363741387,0.31048894631007473
0.17525000000000002,nan,0.5638634138285853,0.5690838995397527,0.3094559684360223
0.17550000000000002,nan,0.5625177962183144,0.5664475908080314,0.3084102906096049
0.17575000000000002,nan,0.5611606555179796,0.563743493602616,0.30735089067855437
0.176,nan,0.5597916742428836,0.5609663959541207,0.3062766136191687
0.17625,nan,0.5584105200560957,0.5581103770925798,0.30518614615365275
0.1765,nan,0.557016844776356,0.555168664666893,0.30407798478469455
0.17675,nan,0.5556102832990875,0.5521334527235369,0.30295039503432164
0.177,nan,0.5541904524210617,0.5489956664031578,0.30180135873775
0.17725,nan,0.5527569495579794,0.5457446529601574,0.30062850481742237
0.1775,nan,0.5513093513427824,0.5423677687899024,0.29942901673645145
0.17775,nan,0.5498472120908738,0.5388498162056581,0.29819950625320296
0.178,nan,0.548370062116455,0.5351722572311901,0.2969358371571335
0.17825,nan,0.5468774058819378,0.5313120860069125,0.2956328724168049
0.1785,nan,0.5453687199597583,0.5272401590718612,0.2942840996915095
0.17875,nan,0.5438434507827965,0.5229186263539762,0.29288105504680667
0.179,nan,0.5423010121559887,0.5182967891246533,0.29141239365434907
0.17925,nan,0.5407407824973908,0.5133040186478056,0.2898623008029646
0.1795,nan,0.5391621017718423,0.5078366971487529,0.2882075611917755
0.17975,nan,0.5375642680743219,0.5017315435801273,0.2864115720229056
0.18,nan,0.5359465338127899,0.4947025047126464,0.28441017716918354
0.18025,nan,0.5343081014316052,0.4861519294591782,0.2820692790754053
0.1805,nan,0.5326481186060766,0.474264607324818,0.2789814566778292
0.18075,nan,0.5309656728259341,nan,nan
0.181,nan,0.5292597852700015,nan,nan
0.18125,nan,0.5275294038552898,nan,nan
0.1815,nan,0.5257733953203019,nan,nan
0.18175,nan,0.5239905361733177,nan,nan
0.182,nan,0.5221795023001943,nan,nan
0.18225,nan,0.5203388569807872,nan,nan
0.1825,nan,0.5184670370056259,nan,nan
0.18275,nan,0.5165623365112705,nan,nan
0.183,nan,0.514622888058773,nan,nan
0.18325,nan,0.5126466403578542,nan,nan
0.1835,nan,0.5106313318801101,nan,nan
0.18375,nan,0.5085744593942034,nan,nan
0.184,nan,0.5064732401750451,nan,nan
0.18425,nan,0.5043245662594724,nan,nan
0.1845,nan,0.5021249486017021,nan,nan
0.18475,nan,0.4998704482614893,nan,nan
0.185,nan,0.497556590743506,nan,nan
0.18525,nan,0.4951782581537619,nan,nan
0.1855,nan,0.49272955172035265,nan,nan
0.18575,nan,0.4902036140727486,nan,nan
0.186,nan,0.4875923958733935,nan,nan
0.18625,nan,0.4848863438985203,nan,nan
0.1865,nan,0.4820739756147919,nan,nan
0.18675,nan,0.4791412852808048,nan,nan
0.187,nan,0.4760708920632965,nan,nan
0.18725,nan,0.47284077836082294,nan,nan
0.1875,nan,0.46942234810740796,nan,nan
0.18775,nan,0.46577729501399967,nan,nan
0.188,nan,0.46185224564099925,nan,nan
0.18825,nan,0.4575688729340009,nan,nan
0.1885,nan,0.45280367896440726,nan,nan
0.18875,nan,0.44734007355136146,nan,nan
0.189,nan,0.4407245003438255,nan,nan
0.18925,nan,0.43157004774393654,nan,nan
0.1895,nan,nan,nan,nan
0.18975,nan,nan,nan,nan
0.19,nan,nan,nan,nan
0.19025,nan,nan,nan,nan
0.1905,nan,nan,nan,nan
0.19075,nan,nan,nan,nan
0.191,nan,nan,nan,nan
0.19125,nan,nan,nan,nan
0.1915,nan,nan,nan,nan
0.19175,nan,nan,nan,nan
0.192,nan,nan,nan,nan
0.19225,nan,nan,nan,nan
0.1925,nan,nan,nan,nan
0.19275,nan,nan,nan,nan
0.193,nan,nan,nan,nan
0.19325,nan,nan,nan,nan
0.1935,nan,nan,nan,nan
0.19375,nan,nan,nan,nan
0.194,nan,nan,nan,nan
0.19425,nan,nan,nan,nan
0.1945,nan,nan,nan,nan
0.19475,nan,nan,nan,nan
0.195,nan,nan,nan,nan
0.19525,nan,nan,nan,nan
0.1955,nan,nan,nan,nan
0.19575,nan,nan,nan,nan
0.196,nan,nan,nan,nan
0.19625,nan,nan,nan,nan
0.1965,nan,nan,nan,nan
0.19675,nan,nan,nan,nan
0.197,nan,nan,nan,nan
0.19725,nan,nan,nan,nan
0.1975,nan,nan,nan,nan
0.19775,nan,nan,nan,nan
0.198,nan,nan,nan,nan
0.19825,nan,nan,nan,nan
0.1985,nan,nan,nan,nan
0.19875,nan,nan,nan,nan
0.199,nan,nan,nan,nan
0.19925,nan,nan,nan,nan
0.1995,nan,nan,nan,nan
0.19975,nan,nan,nan,nan
0.2,nan,nan,nan,nan
