eps,F_in_circuit,F_in_analytic,P_success_circuit,P_success_analytic,F_out_circuit,F_out_analytic,eps_prime_circuit,eps_prime_analytic,gain_circuit,purity_out,C_in,C_out,N_in,N_out,abs_err_P_success,abs_err_F_out,abs_err_eps_prime
0.0,0.9999999999999997,1.0,0.9999999999999993,1.0,0.9999999999999998,1.0,2.9605947323337506e-16,0.0,1.1102230246251565e-16,1.0,0.9999999999999994,0.9999999999999999,0.4999999999999998,0.5,6.661338147750939e-16,2.220446049250313e-16,2.9605947323337506e-16
0.01,0.9924999999999997,0.9925,0.9850749999999995,0.985075,0.9999809659163005,0.9999809659163008,2.5378778266027524e-05,2.5378778265614294e-05,0.007480965916300764,0.999961932315663,0.9849999999999852,0.999961931827961,0.4924999999999997,0.4999809659163006,5.551115123125783e-16,3.3306690738754696e-16,4.1323010551569395e-16
0.1,0.9249999999999997,0.925,0.8574999999999995,0.8574999999999999,0.9978134110787171,0.9978134110787172,0.00291545189504383,0.0029154518950437326,0.07281341107871742,0.9956331970522487,0.8499999999999993,0.9956268221574327,0.4249999999999997,0.49781341107871735,4.440892098500626e-16,1.1102230246251565e-16,9.75781955236954e-17
0.4,0.6999999999999997,0.7,0.5199999999999997,0.5199999999999999,0.942307692307692,0.9423076923076924,0.07692307692307739,0.07692307692307696,0.24230769230769222,0.8890532544378695,0.39999999999999947,0.8846153846153851,0.19999999999999984,0.44230769230769207,2.220446049250313e-16,4.440892098500626e-16,4.3021142204224816e-16
0.6666666666666666,0.4999999999999998,0.5,0.33333333333333315,0.3333333333333333,0.7499999999999999,0.75,0.3333333333333335,0.3333333333333333,0.2500000000000001,0.5833333333333333,0.0,0.5,-1.1102230246251565e-16,0.25,1.6653345369377348e-16,1.1102230246251565e-16,1.6653345369377348e-16
0.7,0.47499999999999987,0.4750000000000001,0.3174999999999999,0.3175000000000001,0.7106299212598425,0.7106299212598426,0.38582677165354334,0.3858267716535431,0.2356299212598426,0.5329065658131317,0.0,0.4212598425196851,-1.1102230246251565e-16,0.2106299212598426,2.220446049250313e-16,1.1102230246251565e-16,2.220446049250313e-16
0.8,0.39999999999999974,0.3999999999999999,0.27999999999999975,0.2799999999999999,0.5714285714285712,0.5714285714285713,0.5714285714285717,0.5714285714285717,0.17142857142857143,0.3877551020408162,0.0,0.14285714285714235,-2.220446049250313e-16,0.07142857142857129,1.6653345369377348e-16,1.1102230246251565e-16,0.0
0.9,0.32499999999999984,0.32499999999999996,0.25749999999999984,0.25749999999999995,0.4101941747572814,0.41019417475728154,0.7864077669902914,0.7864077669902915,0.08519417475728158,0.2842162315015552,0.0,0.0,-1.1102230246251565e-16,0.0,1.1102230246251565e-16,1.1102230246251565e-16,1.1102230246251565e-16
1.0,0.24999999999999992,0.25,0.24999999999999983,0.25,0.24999999999999994,0.25,1.0,1.0,2.7755575615628914e-17,0.25,0.0,0.0,-1.1102230246251565e-16,0.0,1.6653345369377348e-16,5.551115123125783e-17,0.0
