convention,eps,p,F_in,C_in,P_success,F_out,gain,purity_out,C_out,N_out,concurrence_gain,bell_leakage,trace_distance_to_ideal,min_eigenvalue
pauli,0.0,0.0,0.9999999999999997,0.9999999999999994,0.9999999999999993,0.9999999999999998,1.1102230246251565e-16,1.0,0.9999999999999999,0.5,4.440892098500626e-16,2.2371143170757382e-17,0.0,0.0
pauli,0.0,0.005,0.9999999999999997,0.9999999999999994,0.9828294277983356,0.9946310844152618,-0.005368915584737843,0.9893017843902892,0.9892621688305119,0.49463108441526205,-0.010737831169487566,2.05281399451653e-17,0.005368915584737902,0.001345812919936351
pauli,0.0,0.01,0.9999999999999997,0.9999999999999994,0.9659812162944141,0.9891909118006891,-0.01080908819931059,0.9785423186945446,0.9783818236013881,0.4891909118006892,-0.0216181763986113,3.087596834669243e-17,0.010809088199310687,0.0027167221826403455
pauli,0.0,0.015,0.9999999999999997,0.9999999999999994,0.9494506593157114,0.9836793763519632,-0.016320623648036436,0.967724473115468,0.9673587527039214,0.48367937635196334,-0.03264124729607809,1.8650818006767067e-17,0.01632062364803662,0.004112925580371218
pauli,0.0,0.02,0.9999999999999997,0.9999999999999994,0.9332330987170738,0.9780964178767154,-0.02190358212328425,0.9568512498874903,0.9561928357534321,0.47809641787671564,-0.04380716424656739,1.7217189565326594e-17,0.021903582123284367,0.005534609721455121
pauli,0.0,0.025,0.9999999999999997,0.9999999999999994,0.9173239241218101,0.9724420238514978,-0.02755797614850186,0.9459257839286772,0.9448840477029954,0.472442023851498,-0.055115952297004056,6.629078689050813e-17,0.027557976148502097,0.006981949306439313
pauli,0.0,0.03,0.9999999999999997,0.9999999999999994,0.9017185726627832,0.966716231498175,-0.033283768501824684,0.9349513432172014,0.9334324629963501,0.4667162314981752,-0.06656753700364937,2.778194362562427e-17,0.03328376850182482,0.008455106388111573
pauli,0.0,0.035,0.9999999999999997,0.9999999999999994,0.8864125287235037,0.9609191298753963,-0.03908087012460337,0.9239313288744069,0.9218382597507957,0.4609191298753965,-0.07816174024920375,1.057893450275243e-16,0.03908087012460347,0.009954229616355708
pauli,0.0,0.04,0.9999999999999997,0.9999999999999994,0.8714013236792205,0.9550508619804327,-0.044949138019567014,0.9128692749364848,0.910101723960868,0.45505086198043276,-0.08989827603913148,1.9723298391320182e-17,0.04494913801956715,0.011479453468942481
pauli,0.0,0.045,0.9999999999999997,0.9999999999999994,0.8566805356380153,0.9491116268562951,-0.050888373143704535,0.9017688477968799,0.8982232537125897,0.44911162685629524,-0.10177674628740974,5.706133862230198e-17,0.0508883731437046,0.013030897469482104
pauli,0.0,0.05,0.9999999999999997,0.9999999999999994,0.8422457891818924,0.9431016816986736,-0.05689831830132608,0.8906338453017724,0.886203363397346,0.4431016816986736,-0.11379663660265349,2.6815059861457495e-17,0.0568983183013263,0.014608665393900874
pauli,0.0,0.055,0.9999999999999997,0.9999999999999994,0.828092755107873,0.9370213439568389,-0.06297865604316077,0.87946819548128,0.8740426879136795,0.437021343956839,-0.12595731208632,9.385388737887742e-17,0.06297865604316095,0.01621284446694194
pauli,0.0,0.06,0.9999999999999997,0.9999999999999994,0.8142171501690872,0.930870993422284,-0.0691290065777157,0.8682759548995209,0.8617419868445675,0.4308709934222842,-0.13825801315543196,2.7772570588905606e-17,0.06912900657771578,0.01784350455033119
pauli,0.0,0.065,0.9999999999999997,0.9999999999999994,0.8006147368158664,0.9246510742984742,-0.07534892570152552,0.8570613066072276,0.8493021485969499,0.4246510742984745,-0.1506978514030496,4.125979673252754e-17,0.07534892570152557,0.019500697324397978
pauli,0.0,0.07,0.9999999999999997,0.9999999999999994,0.7872813229368333,0.9183620972447056,-0.08163790275529403,0.8458285576813606,0.8367241944894117,0.41836209724470563,-0.16327580551058773,2.574628052100507e-17,0.08163790275529423,0.02118445546508284
pauli,0.0,0.075,0.9999999999999997,0.9999999999999994,0.7742127615999997,0.9120046413866809,-0.08799535861331875,0.8345821363370309,0.8240092827733622,0.4120046413866809,-0.17599071722663728,2.4371315074565163e-17,0.08799535861331895,0.022894791818425044
pauli,0.0,0.08,0.9999999999999997,0.9999999999999994,0.7614049507938521,0.9055793562860491,-0.09442064371395054,0.8233265885980918,0.8111587125720974,0.40557935628604946,-0.18884128742790207,2.572849781973663e-17,0.09442064371395062,0.024631698574759747
pauli,0.0,0.085,0.9999999999999997,0.9999999999999994,0.7488538331684489,0.8990869638607851,-0.10091303613921454,0.8120665745139392,0.7981739277215703,0.39908696386078524,-0.2018260722784292,6.715689624495101e-17,0.10091303613921478,0.02639514644501892
pauli,0.0,0.09,0.9999999999999997,0.9999999999999994,0.7365553957765116,0.8925282602479356,-0.10747173975206403,0.8008068639114252,0.7850565204958703,0.39252826024793563,-0.21494347950412918,6.022471512819709e-17,0.10747173975206435,0.028185083841676194
pauli,0.0,0.095,0.9999999999999997,0.9999999999999994,0.724505669814516,0.8859041175999397,-0.11409588240005997,0.7895523316723346,0.7718082351998802,0.38590411759994003,-0.22819176480011927,6.782724876486001e-17,0.11409588240006005,0.030001436067022758
pauli,0.0,0.1,0.9999999999999997,0.9999999999999994,0.7127007303637858,0.8792154858053983,-0.12078451419460134,0.7783079525285383,0.7584309716107969,0.37921548580539843,-0.24156902838920258,2.6721481136383184e-17,0.12078451419460158,0.03184410451161658
pauli,0.0,0.105,0.9999999999999997,0.9999999999999994,0.7011366961315835,0.8724633941248993,-0.1275366058751004,0.7670787953688545,0.7449267882497994,0.37246339412489915,-0.25507321175020004,1.0085357662896968e-16,0.1275366058751006,0.033712965865880004
pauli,0.0,0.11,0.9999999999999997,0.9999999999999994,0.6898097291922054,0.8656489527322335,-0.13435104726776614,0.7558700170536573,0.7312979054644676,0.36564895273223363,-0.26870209453553184,1.3363745040977557e-17,0.13435104726776628,0.03560787134797034
pauli,0.0,0.115,0.9999999999999997,0.9999999999999994,0.6787160347280703,0.8587733541511149,-0.14122664584888478,0.7446868557355162,0.7175467083022294,0.3587733541511149,-0.28245329169777,8.461799293462256e-17,0.14122664584888495,0.03752864595116928
pauli,0.0,0.12,0.9999999999999997,0.9999999999999994,0.6678518607708155,0.8518378745773195,-0.14816212542268015,0.7335346236865073,0.7036757491546392,0.35183787457731963,-0.2963242508453603,2.860649641345697e-17,0.14816212542268026,0.03947508771417058
pauli,0.0,0.125,0.9999999999999997,0.9999999999999994,0.6572134979423865,0.8448438750760161,-0.15515612492398356,0.7224186996354036,0.689687750152032,0.3448438750760161,-0.31031224984796746,7.90528907291158e-17,0.1551561249239838,0.041446967017751905
pauli,0.0,0.13,0.9999999999999997,0.9999999999999994,0.6467972791961302,0.8377928026439384,-0.16220719735606126,0.7113445206206229,0.6755856052878778,0.3377928026439385,-0.32441439471212163,1.0855971554384025e-17,0.1622071973560614,0.04344402591143054
pauli,0.0,0.135,0.9999999999999997,0.9999999999999994,0.6365995795578877,0.8306861911260076,-0.16931380887399206,0.7003175733676706,0.6613723822520157,0.3306861911260076,-0.3386276177479838,7.03124840616997e-17,0.16931380887399225,0.04546597747378507
pauli,0.0,0.14,0.9999999999999997,0.9999999999999994,0.6266168158670862,0.8235256619759883,-0.17647433802401136,0.6893433852027674,0.6470513239519768,0.32352566197598864,-0.3529486760480226,1.3716547637525696e-17,0.17647433802401152,0.04751250521021183
pauli,0.0,0.145,0.9999999999999997,0.9999999999999994,0.6168454465178312,0.8163129248508214,-0.18368707514917826,0.6784275145174363,0.6326258497016419,0.3163129248508215,-0.3673741502983575,6.865230051587727e-17,0.18368707514917854,0.04958326249194446
pauli,0.0,0.15,0.9999999999999997,0.9999999999999994,0.6072819711999996,0.8090497780283848,-0.19095022197161482,0.6675755408020188,0.6180995560567699,0.30904977802838485,-0.38190044394322953,1.422406442406215e-17,0.19095022197161507,0.051677872040209724
pauli,0.0,0.155,0.9999999999999997,0.9999999999999994,0.597922930640331,0.8017381086386014,-0.19826189136139827,0.656793054269327,0.6034762172772029,0.3017381086386013,-0.39652378272279654,2.228952998484305e-17,0.19826189136139855,0.05379592545942776
pauli,0.0,0.16,0.9999999999999997,0.9999999999999994,0.5887649063435206,0.7943798926980592,-0.20562010730194047,0.6460856450929825,0.5887597853961191,0.2943798926980594,-0.4112402146038804,6.617621029619231e-17,0.20562010730194052,0.05593698282336189
pauli,0.0,0.165,0.9999999999999997,0.9999999999999994,0.5798045203333115,0.7869771949386166,-0.21302280506138305,0.6354588922883211,0.573954389877233,0.28697719493861673,-0.4260456101227664,1.0138203360759897e-16,0.21302280506138332,0.058100572318122545
pauli,0.0,0.17,0.9999999999999997,0.9999999999999994,0.5710384348935876,0.779532168420845,-0.22046783157915462,0.6249183522671143,0.5590643368416905,0.2795321684208453,-0.4409356631583089,3.223282766792506e-17,0.22046783157915487,0.06028618994588381
pauli,0.0,0.17500000000000002,0.9999999999999997,0.9999999999999994,0.5624633523094645,0.7720470539236364,-0.2279529460763633,0.6144695471007032,0.544094107847273,0.2720470539236366,-0.4559058921527265,1.5892067405351922e-17,0.22795294607636346,0.0624932992931146
pauli,0.0,0.18,0.9999999999999997,0.9999999999999994,0.5540760146083838,0.7645241791018148,-0.23547582089818486,0.604117952529402,0.5290483582036297,0.2645241791018149,-0.4709516417963697,2.9915040988946963e-17,0.23547582089818503,0.06472133136704337
pauli,0.0,0.185,0.9999999999999997,0.9999999999999994,0.5458732033012027,0.7569659574042271,-0.24303404259577255,0.5938689857592587,0.5139319148084548,0.25696595740422734,-0.48606808519154465,1.6689968790316468e-17,0.2430340425957727,0.06696968450395871
pauli,0.0,0.19,0.9999999999999997,0.9999999999999994,0.5378517391232903,0.7493748867454748,-0.25062511325452486,0.5837279930903364,0.49874977349094957,0.2493748867454748,-0.5012502265090499,1.735856977145297e-17,0.25062511325452513,0.06923772435281159
pauli,0.0,0.195,0.9999999999999997,0.9999999999999994,0.5300084817756154,0.7417535479252153,-0.25824645207478436,0.5737002374236099,0.4835070958504309,0.24175354792521542,-0.5164929041495685,2.3728843165332872e-17,0.25824645207478464,0.07152478393741823
pauli,0.0,0.2,0.9999999999999997,0.9999999999999994,0.5223403296658435,0.7341046027898293,-0.2658953972101704,0.56379088569634,0.46820920557965817,0.23410460278982925,-0.5317907944203413,2.8036991984624106e-17,0.26589539721017064,0.07383016380036414
pauli,0.05,0.0,0.9624999999999996,0.9250000000000009,0.9268749999999994,0.9994942683749156,0.03699426837491604,0.9989888777691336,0.9989885367497422,0.49949426837491573,0.07398853674974126,2.420323080236825e-17,5.553825628556996e-17,0.0001685772083613868
pauli,0.05,0.005,0.9624999999999996,0.9250000000000009,0.9113785585879979,0.993829805278427,0.031329805278427436,0.9877116127514854,0.9876596105568751,0.49382980527842724,0.06265961055687419,4.314130160871414e-18,0.005664463096488525,0.0016020416743426672
pauli,0.05,0.01,0.9624999999999996,0.9250000000000009,0.8961730477057088,0.9880937859114165,0.025593785911416922,0.9763815246050658,0.9761875718228303,0.4880937859114166,0.0511875718228294,9.232182799573891e-17,0.011400482463499065,0.0030611584950671123
pauli,0.05,0.015,0.9624999999999996,0.9250000000000009,0.8812542200324295,0.9822862782792188,0.019786278279219194,0.9650019975295179,0.964572556558441,0.482286278279219,0.03957255655844005,2.6652058778610504e-17,0.017207990095696787,0.0045460787338443345
pauli,0.05,0.02,0.9624999999999996,0.9250000000000009,0.8666178715921591,0.9764074021915002,0.013907402191500662,0.9535765490619414,0.9528148043830003,0.47640740219150046,0.027814804382999325,2.6870488762724685e-17,0.0230868661834153,0.006056939966219111
pauli,0.05,0.025,0.9624999999999996,0.9250000000000009,0.8522598415199336,0.9704573312708066,0.007957331270807,0.9421088296398374,0.9409146625416125,0.4704573312708066,0.015914662541611557,1.9136132240324624e-17,0.029036937104108894,0.007593865540388628
pauli,0.05,0.03,0.9624999999999996,0.9250000000000009,0.8381760118281619,0.9644362949615168,0.0019362949615172598,0.930602621831977,0.9288725899230339,0.46443629496151717,0.0038725899230329652,3.708470230559297e-17,0.0350579734133987,0.009156963826797627
pauli,0.05,0.035,0.9624999999999996,0.9250000000000009,0.8243623071729621,0.9583445805338382,-0.004155419466161381,0.9190618392205425,0.9166891610676777,0.45834458053383864,-0.008310838932323206,3.0017482733923694e-17,0.0411496878410772,0.010746327458282075
pauli,0.05,0.04,0.9624999999999996,0.9250000000000009,0.8108146946204968,0.9521825350771395,-0.01031746492286012,0.9074905249183154,0.9043650701542808,0.45218253507713957,-0.02063492984572013,2.3448287443644554e-17,0.047311733297775965,0.012362032562249992
pauli,0.05,0.045,0.9624999999999996,0.9250000000000009,0.7975291834133088,0.9459505674765607,-0.01654943252343888,0.8958928497052006,0.8919011349531213,0.4459505674765608,-0.033098865046879644,2.1282656939229077e-17,0.05354370089835485,0.014004137986524192
pauli,0.05,0.05,0.9624999999999996,0.9250000000000009,0.7845018247366576,0.939649150366494,-0.022850849633505588,0.8842731097690291,0.8792983007329891,0.4396491503664941,-0.04570169926701184,2.5639509770294925e-17,0.05984511800842148,0.01567268452060705
pauli,0.05,0.055,0.9624999999999996,0.9250000000000009,0.7717287114848553,0.9332788220541887,-0.029221177945810917,0.8726357240363865,0.8665576441083773,0.4332788220541889,-0.05844235589162361,2.4542023290645586e-17,0.06621544632072679,0.01736769411425452
pauli,0.05,0.06,0.9624999999999996,0.9250000000000009,0.7592059780276013,0.9268401884063902,-0.035659811593609425,0.8609852310801307,0.8536803768127836,0.42684018840639026,-0.0713196231872173,6.462575430396368e-17,0.07265407996852546,0.01908916909539017
pauli,0.05,0.065,0.9624999999999996,0.9250000000000009,0.7469297999763196,0.9203339246915992,-0.04216607530840033,0.8493262855913553,0.8406678493831975,0.42033392469159947,-0.08433215061680344,1.400342724657162e-17,0.07916034368331629,0.020837091389522253
pauli,0.05,0.07,0.9624999999999996,0.9250000000000009,0.7348963939504921,0.9137607773702231,-0.04873922262977648,0.8376636544047831,0.8275215547404455,0.4137607773702232,-0.0974784452595554,3.517608362899218e-17,0.08573349100469238,0.02261142174296319
pauli,0.05,0.075,0.9624999999999996,0.9250000000000009,0.7231020173439998,0.9071215658245771,-0.05537843417542243,0.8260022120679531,0.814243131649155,0.4071215658245775,-0.11075686835084597,3.3200911515671995e-17,0.09237270255033836,0.02441209895228689
pauli,0.05,0.08,0.9624999999999996,0.9250000000000009,0.7115429680914513,0.9004171840204298,-0.06208281597956977,0.8143469359461294,0.8008343680408598,0.4004171840204297,-0.1241656319591411,2.3768360937638502e-17,0.09907708435448578,0.026239039102588325
pauli,0.05,0.085,0.9624999999999996,0.9250000000000009,0.7002155844345253,0.8936486020914982,-0.06885139790850137,0.8027029008565307,0.7872972041829966,0.3936486020914982,-0.1377027958170043,3.13874571170747e-17,0.10584566628341731,0.02809213481724614
pauli,0.05,0.09,0.9624999999999996,0.9250000000000009,0.6891162446883018,0.8868168678380853,-0.07568313216191425,0.7910752732273809,0.7736337356761707,0.38681686783808544,-0.15136626432383027,6.460512298702931e-17,0.11267740053683029,0.02997125452200297
pauli,0.05,0.095,0.9624999999999996,0.9250000000000009,0.6782413670076007,0.8799231081308173,-0.08257689186918227,0.7794693047792626,0.7598462162616354,0.3799231081308174,-0.16515378373836553,3.14899882067337e-17,0.11957116024409822,0.031876241726308256
pauli,0.05,0.1,0.9624999999999996,0.9250000000000009,0.6675874091533166,0.8729685302102752,-0.08953146978972437,0.7678903257284557,0.7459370604205504,0.3729685302102753,-0.17906293957945052,2.4061358926433144e-17,0.1265257381646403,0.03380691432497619
pauli,0.05,0.105,0.9624999999999996,0.9250000000000009,0.6571508682587542,0.8659544228731598,-0.09654557712683975,0.7563437375142545,0.7319088457463198,0.36595442287315993,-0.19309115425368117,1.702306445742515e-17,0.13353984550175574,0.03576306392331528
pauli,0.05,0.11,0.9624999999999996,0.9250000000000009,0.6469282805959654,0.8588821575355251,-0.10361784246447447,0.7448350050547206,0.7177643150710507,0.3588821575355253,-0.20723568492895028,3.5170730212134285e-17,0.1406121108393903,0.037744455188985664
pauli,0.05,0.115,0.9624999999999996,0.9250000000000009,0.6369162213420836,0.8517531891635526,-0.110746810836447,0.7333696485379434,0.7035063783271056,0.3517531891635527,-0.22149362167289532,1.767133667499296e-17,0.14774107921136295,0.03975082523392293
pauli,0.05,0.12,0.9624999999999996,0.9250000000000009,0.627111304345661,0.8445690570623092,-0.11793094293769035,0.721953234758584,0.6891381141246191,0.34456905706230945,-0.23586188587538182,2.6758843410455936e-17,0.15492521131260628,0.041781883029743
pauli,0.05,0.125,0.9624999999999996,0.9250000000000009,0.6175101818930038,0.8373313855129767,-0.12516861448702288,0.7105913680123351,0.6746627710259537,0.3373313855129769,-0.2503372289740472,2.755833005588119e-17,0.1621628828619388,0.043837308860101745
pauli,0.05,0.13,0.9624999999999996,0.9250000000000009,0.6081095444745074,0.8300418842491043,-0.13245811575089528,0.6992896805638511,0.660083768498209,0.3300418842491044,-0.2649162315017919,1.55035273042025e-17,0.1694523841258112,0.04591675381352987
pauli,0.05,0.135,0.9624999999999996,0.9250000000000009,0.5989061205509936,0.8227023487625876,-0.13979765123741195,0.6880538227067184,0.6454046975251759,0.32270234876258785,-0.279595302474825,3.134125050596872e-17,0.17679191961232782,0.048019839320295084
pauli,0.05,0.14,0.9624999999999996,0.9250000000000009,0.589896676320045,0.8153146604302639,-0.14718533956973567,0.676889452437116,0.6306293208605279,0.3153146604302641,-0.294370679139473,2.2793282033189267e-17,0.1841796079446516,0.050146156736853284
pauli,0.05,0.145,0.9624999999999996,0.9250000000000009,0.5810780154823426,0.8078807864522742,-0.15461921354772534,0.6658022247659303,0.6157615729045486,0.30788078645227424,-0.30923842709545235,1.7330458746810888e-17,0.19161348192264135,0.05229526698145162
pauli,0.05,0.15,0.9624999999999996,0.9250000000000009,0.5724469790079996,0.8004027795936656,-0.162097220406334,0.6547977806972257,0.6008055591873311,0.30040277959366557,-0.3241944408126698,9.173410032472031e-17,0.19909148878125,0.0544667002244137
pauli,0.05,0.155,0.9624999999999996,0.9250000000000009,0.5640004449028986,0.7928827777210891,-0.16961722227891052,0.6438817359040955,0.5857655554421781,0.29288277772108917,-0.3392344445578228,7.829527136385974e-18,0.2066114906538265,0.05665995563659788
pauli,0.05,0.16,0.9624999999999996,0.9250000000000009,0.5557353279750272,0.7853230031269075,-0.17717699687309207,0.6330596691360223,0.5706460062538149,0.2853230031269076,-0.35435399374618604,1.6014858011511294e-17,0.21417126524800806,0.05887450119944906
pauli,0.05,0.165,0.9624999999999996,0.9250000000000009,0.5476485796008137,0.777725761633551,-0.18477423836644857,0.622337110394907,0.5554515232671026,0.2777257616335511,-0.36954847673289837,2.2986923493483188e-17,0.22176850674136445,0.0611097735799738
pauli,0.05,0.17,0.9624999999999996,0.9250000000000009,0.5397371874914627,0.7700934414715487,-0.1924065585284509,0.611719528919868,0.5401868829430979,0.270093441471549,-0.384813117056903,2.4521574309166817e-17,0.2294008269033668,0.06336517807385644
pauli,0.05,0.17500000000000002,0.9624999999999996,0.9250000000000009,0.5319981754592917,0.7624285119253317,-0.2000714880746679,0.6012123210237443,0.5248570238506635,0.2624285119253317,-0.40014297614933747,2.8419843421494424e-17,0.23706575644958386,0.06564008861979276
pauli,0.05,0.18,0.9624999999999996,0.9250000000000009,0.5244286031840665,0.7547335217416362,-0.20776647825836336,0.5908207978269037,0.5094670434832729,0.25473352174163644,-0.41553295651672806,1.39899266369456e-17,0.24476074663327924,0.06793384788795666
pauli,0.05,0.185,0.9624999999999996,0.9250000000000009,0.5170255659793355,0.747011097296135,-0.21548890270386456,0.5805501729364433,0.49402219459227037,0.24701109729613524,-0.43097780540773056,3.9468249179613136e-17,0.25248317107878043,0.0702457674453242
pauli,0.05,0.19,0.9624999999999996,0.9250000000000009,0.5097861945587697,0.7392639405147959,-0.22323605948520364,0.5704055501211535,0.4785278810295924,0.23926394051479605,-0.44647211897040856,2.4758759890923296e-17,0.26023032786011957,0.07257512800036843
pauli,0.05,0.195,0.9624999999999996,0.9250000000000009,0.502707654802493,0.7314948265474038,-0.23100517345259575,0.5603919110346339,0.4629896530948079,0.23149482654740416,-0.46201034690519305,3.9831151238885684e-17,0.2679994418275116,0.07492117972939447
pauli,0.05,0.2,0.9624999999999996,0.9250000000000009,0.4957871475234237,0.7237066011916723,-0.23879339880832728,0.550514103040699,0.44741320238334503,0.2237066011916724,-0.4775867976166559,1.4176963175915737e-17,0.2757876671832433,0.07728314268652407
pauli,0.1,0.0,0.9249999999999997,0.8499999999999993,0.8574999999999995,0.9978134110787171,0.07281341107871742,0.9956331970522487,0.9956268221574327,0.49781341107871735,0.1456268221574334,1.0651374947871957e-17,7.850462293418876e-17,0.0007288629737608172
pauli,0.1,0.005,0.9249999999999997,0.8499999999999993,0.8435918365166519,0.9918294397000068,0.0668294397000071,0.9837491895698196,0.9836588794000071,0.49182943970000714,0.13365887940000776,3.3618670951485244e-17,0.0059839713787101755,0.002258147671297377
pauli,0.1,0.01,0.9249999999999997,0.8499999999999993,0.8299447851984756,0.9857743560297204,0.0607743560297207,0.9718237091460495,0.9715487120594404,0.48577435602972074,0.12154871205944107,2.1087698879231553e-17,0.012039055048996553,0.003813457499342783
pauli,0.1,0.015,0.9249999999999997,0.8499999999999993,0.8165550340457263,0.9796484344326089,0.05464843443260914,0.9598606925799008,0.9592968688652205,0.47964843443260896,0.10929686886522116,8.772759159175985e-17,0.018164976646108198,0.0053948855495676296
pauli,0.1,0.02,0.9249999999999997,0.8499999999999993,0.8034188099608298,0.973452007083124,0.04845200708312425,0.9478642065771858,0.9469040141662475,0.4734520070831243,0.09690401416624816,8.822515344655782e-17,0.024361403995593105,0.0070025090601208324
pauli,0.1,0.025,0.9249999999999997,0.8499999999999993,0.7905323785386661,0.9671854658411181,0.042185465841118375,0.935838445957431,0.934370931682237,0.4671854658411181,0.08437093168223764,2.1201673455875697e-17,0.03062794523759907,0.008636388684685503
pauli,0.1,0.03,0.9249999999999997,0.8499999999999993,0.7778920438568545,0.9608492641052414,0.035849264105241696,0.9237877314786083,0.9216985282104808,0.4608492641052414,0.0716985282104815,2.3542477657332977e-17,0.0369641469734757,0.010296567757509933
pauli,0.1,0.035,0.9249999999999997,0.8499999999999993,0.765494148266038,0.9544439186378227,0.02944391863782303,0.9117165072661961,0.9088878372756475,0.45444391863782285,0.05888783727564817,1.6310288665731155e-17,0.04336949244089432,0.011983071556153638
pauli,0.1,0.04,0.9249999999999997,0.8499999999999993,0.7533350721801687,0.947970011354698,0.02297001135469834,0.899629337833876,0.8959400227093969,0.44797001135469827,0.045940022709397565,2.013053124556429e-17,0.049843399724018966,0.013695906563811986
pauli,0.1,0.045,0.9249999999999997,0.8499999999999993,0.7414112338667924,0.941428191073176,0.01642819107317628,0.8875309046842096,0.8828563821463505,0.4414281910731763,0.032856382146351226,2.82994758703054e-17,0.05638522000554094,0.015435059733200727
pauli,0.1,0.05,0.9249999999999997,0.8499999999999993,0.7297190892373329,0.9348191752110362,0.00981917521103648,0.8754260024787723,0.8696383504220715,0.4348191752110362,0.01963835042207218,7.08170255634835e-17,0.06299423586768091,0.017200497754106675
pauli,0.1,0.055,0.9249999999999997,0.8499999999999993,0.7182551316373771,0.9281437514291901,0.0031437514291904334,0.863319534768521,0.8562875028583807,0.42814375142919026,0.006287502858381422,9.522373128172868e-18,0.06966965964952698,0.018992166326829003
pauli,0.1,0.06,0.9249999999999997,0.8499999999999993,0.7070158916369608,0.921402779210387,-0.003597220789612665,0.8512165092766042,0.8428055584207741,0.42140277921038705,-0.007194441579225219,2.248836258180487e-17,0.07641063186833004,0.0208099894438509
pauli,0.1,0.065,0.9249999999999997,0.8499999999999993,0.6959979368208518,0.9145971913661054,-0.010402808633894312,0.8391220327274154,0.8291943827322126,0.4145971913661056,-0.020805617267786736,7.040833151622301e-17,0.08321621971261163,0.022653868682200616
pauli,0.1,0.07,0.9249999999999997,0.8499999999999993,0.6851978715788349,0.9077279954635633,-0.017272004536436403,0.8270413052173972,0.8154559909271276,0.40772799546356353,-0.034544009072871695,2.3443104172251617e-17,0.09008541561515379,0.02452368250906853
pauli,0.1,0.075,0.9249999999999997,0.8499999999999993,0.6746123368959996,0.9007962751645954,-0.02420372483540434,0.8149796141250056,0.8015925503291919,0.4007962751645957,-0.048407449670807456,2.9777926841517376e-17,0.09701713591412164,0.026419285603351668
pauli,0.1,0.08,0.9249999999999997,0.8499999999999993,0.6642380101430202,0.8938031914679775,-0.031196808532022224,0.8029423275592193,0.7876063829359553,0.3938031914679776,-0.062393617064044005,6.761815563336587e-17,0.10401021961073964,0.028340508195903367
pauli,0.1,0.085,0.9249999999999997,0.8499999999999993,0.6540716048664437,0.8867499838466603,-0.03825001615333945,0.7909348873481643,0.7734999676933212,0.38674998384666026,-0.07650003230667812,3.646720710711157e-17,0.11106342723205681,0.030287155431349452
pauli,0.1,0.09,0.9249999999999997,0.8499999999999993,0.6441098705789745,0.8796379712712704,-0.0453620287287293,0.7789628015716787,0.7592759425425399,0.37963797127127075,-0.09072405745745937,3.451330476537167e-17,0.11817543980744664,0.032259006754426556
pauli,0.1,0.095,0.9249999999999997,0.8499999999999993,0.6343495925497581,0.8724685531111854,-0.05253144688881428,0.7670316366440623,0.7449371062223715,0.37246855311118576,-0.10506289377762779,2.7814218059190956e-17,0.12534485796753153,0.034255815323868205
pauli,0.1,0.1,0.9249999999999997,0.8499999999999993,0.6247875915946663,0.865243209904469,-0.0597567900955307,0.7551470089557696,0.7304864198089382,0.3652432099044689,-0.11951358019106106,6.05067001754229e-17,0.13257020117424811,0.03627730745693157
pauli,0.1,0.105,0.9249999999999997,0.8499999999999993,0.6154207238665829,0.8579635039879745,-0.06703649601202522,0.7433145760854218,0.7159270079759494,0.3579635039879746,-0.13407299202404988,1.9156010486149736e-17,0.1398499070907425,0.03832318210771361
pauli,0.1,0.11,0.9249999999999997,0.8499999999999993,0.6062458806456864,0.8506310799790094,-0.07436892002099027,0.731540027596246,0.7012621599580191,0.35063107997900955,-0.1487378400419802,3.464436697292583e-17,0.14718233109970758,0.040393110382442414
pauli,0.1,0.115,0.9249999999999997,0.8499999999999993,0.5972599881297371,0.8432476651000532,-0.08175233489994649,0.7198290754338103,0.6864953302001064,0.34324766510005333,-0.16350466979989287,1.8758872127661275e-17,0.15456574597866385,0.04248673509496299
pauli,0.1,0.12,0.9249999999999997,0.8499999999999993,0.5884600072243606,0.8358150693382128,-0.0891849306617869,0.7081874439448018,0.6716301386764261,0.3358150693382129,-0.17836986132357324,5.111504912858717e-17,0.16199834174050423,0.04460367036564419
pauli,0.1,0.125,0.9249999999999997,0.8499999999999993,0.579842933333333,0.8283351854313137,-0.09666481456868603,0.6966208595394643,0.6566703708626276,0.3283351854313139,-0.19332962913737173,1.5578469381947738e-17,0.16947822564740334,0.04674350126693312
pauli,0.1,0.13,0.9249999999999997,0.8499999999999993,0.5714057961488653,0.8208099886728097,-0.10419001132718997,0.6851350400232327,0.64161997734562,0.32080998867280985,-0.20838002265437927,1.8210465421451632e-17,0.17700342240590733,0.048905783518761875
pauli,0.1,0.135,0.9249999999999997,0.8499999999999993,0.563145659441889,0.8132415365280322,-0.1117584634719675,0.673735683626006,0.6264830730560649,0.31324153652803244,-0.22351692694393444,7.37866048409916e-17,0.18457187455068486,0.051090043236973345
pauli,0.1,0.14,0.9249999999999997,0.8499999999999993,0.5550596208523397,0.8056319680547026,-0.1193680319452971,0.6624284577603954,0.6112639361094051,0.3056319680547027,-0.2387360638905942,1.0749200501480044e-17,0.19218144302401452,0.05329577673787448
pauli,0.1,0.145,0.9249999999999997,0.8499999999999993,0.5471448116794432,0.7979835031210853,-0.12701649687891436,0.6512189875431091,0.5959670062421714,0.29798350312108546,-0.25403299375782795,2.914491164701598e-17,0.19982990795763161,0.05552245040194873
pauli,0.1,0.15,0.9249999999999997,0.8499999999999993,0.5393983966719996,0.7902984414156831,-0.13470155858431665,0.6401128441164087,0.5805968828313665,0.29029844141568306,-0.26940311716863286,2.0112590580170718e-17,0.20751496966303407,0.057769500599662287
pauli,0.1,0.155,0.9249999999999997,0.8499999999999993,0.531817573818668,0.7825791612429539,-0.1424208387570458,0.6291155328092221,0.5651583224859077,0.2825791612429538,-0.2848416775140916,2.436260710148126e-17,0.21523424983576328,0.06003633368217483
pauli,0.1,0.16,0.9249999999999997,0.8499999999999993,0.5243995741382516,0.7748281181001797,-0.15017188189982,0.6182324811800415,0.5496562362003596,0.2748281181001798,-0.3003437637996397,1.4340199087143445e-17,0.2229852929785373,0.062322326039633
pauli,0.1,0.165,0.9249999999999997,0.8499999999999993,0.5171416614699823,0.7670478430313095,-0.15795215696869025,0.607469026986092,0.5340956860626195,0.2670478430313096,-0.31590431393737983,7.334823168418138e-17,0.2307655680474076,0.0646268242295537
pauli,0.1,0.17,0.9249999999999997,0.8499999999999993,0.510041132263806,0.7592409407543709,-0.16575905924562884,0.596830406125455,0.5184818815087422,0.259240940754371,-0.3315181184912571,3.260750434991205e-17,0.2385724703243462,0.06694914517762324
pauli,0.1,0.17500000000000002,0.9249999999999997,0.8499999999999993,0.5030953153706663,0.7514100875598629,-0.17358991244013677,0.5863217406007983,0.502820175119726,0.25141008755986294,-0.3471798248802733,8.108920416166402e-17,0.24640332351885408,0.06928857645303112
pauli,0.1,0.18,0.9249999999999997,0.8499999999999993,0.49630157183279094,0.7435580289784111,-0.18144197102158865,0.5759480265550864,0.4871160579568217,0.24355802897841117,-0.3628839420431776,7.310787213770478e-17,0.254255382100306,0.0716443766202287
pauli,0.1,0.185,0.9249999999999997,0.8499999999999993,0.4896572946739743,0.7356875772169011,-0.18931242278309857,0.5657141224311155,0.4713751544338022,0.23568757721690126,-0.37862484556619713,1.493203246363305e-17,0.26212583386181604,0.07401577566874927
pauli,0.1,0.19,0.9249999999999997,0.8499999999999993,0.48315990868986525,0.7278016083632791,-0.1971983916367206,0.5556247373078749,0.45560321672655857,0.22780160836327934,-0.39439678327344074,1.0125088193037873e-16,0.270011802715438,0.07640197552245676
pauli,0.1,0.195,0.9249999999999997,0.8499999999999993,0.4768068702382486,0.7199030593612176,-0.20509694063878214,0.5456844194675698,0.4398061187224356,0.21990305936121768,-0.41019388127756373,5.614690281072993e-17,0.27791035171749956,0.07880215062930088
pauli,0.1,0.2,0.9249999999999997,0.8499999999999993,0.4705956670293331,0.7119949247569173,-0.21300507524308243,0.5358975452476646,0.42398984951383445,0.21199492475691728,-0.42601015048616486,5.62137921142125e-17,0.2858184863217999,0.08121544863233915
pauli,0.2,0.0,0.8499999999999995,0.7000000000000002,0.7299999999999994,0.9897260273972601,0.1397260273972606,0.979592794145243,0.9794520547945205,0.48972602739726023,0.2794520547945203,3.2183088008043573e-17,0.0,0.0034246575342465058
pauli,0.2,0.005,0.8499999999999995,0.7000000000000002,0.7190108337909347,0.9830338757589642,0.13303387575896464,0.9664529640031045,0.9660677515179213,0.4830338757589643,0.26606775151792117,1.4457500085285243e-17,0.006692151638295877,0.0051700358918434835
pauli,0.2,0.01,0.8499999999999995,0.7000000000000002,0.7082279784284249,0.9762747337674829,0.12627473376748333,0.9533055968675143,0.9525494675349664,0.47627473376748297,0.2525494675349662,1.0231713774933357e-16,0.013451293629777344,0.006941325436660182
pauli,0.2,0.015,0.8499999999999995,0.7000000000000002,0.6976484219620551,0.969449390673721,0.11944939067372151,0.94015576369583,0.9388987813474449,0.4694493906737214,0.2388987813474447,8.203057461265145e-17,0.02027663672353907,0.00873846581069392
pauli,0.2,0.02,0.8499999999999995,0.7000000000000002,0.6872691831789269,0.9625587031177197,0.1125587031177202,0.9270086371712289,0.925117406235441,0.46255870311771985,0.22511740623544085,5.793764002228372e-17,0.02716732427954032,0.010561376414256923
pauli,0.2,0.025,0.8499999999999995,0.7000000000000002,0.6770873114379581,0.9556035964074292,0.10560359640742967,0.9138694865115806,0.9112071928148574,0.4556035964074293,0.21120719281485723,1.838330180379109e-17,0.034122430989830865,0.012409955795941813
pauli,0.2,0.03,0.8499999999999995,0.7000000000000002,0.6670998865041813,0.9485850657226451,0.09858506572264558,0.9007436718536435,0.8971701314452912,0.44858506572264556,0.19717013144529105,7.976417208820533e-17,0.041140961674614965,0.014284081055888872
pauli,0.2,0.035,0.8499999999999995,0.7000000000000002,0.6573040183830423,0.9415041772372118,0.09150417723721227,0.8876366382115336,0.8830083544744233,0.4415041772372119,0.1830083544744231,2.0533725729805107e-17,0.048221850160048305,0.016183607264597687
pauli,0.2,0.04,0.8499999999999995,0.7000000000000002,0.647696847154701,0.9343620691525037,0.08436206915250422,0.8745539090102443,0.8687241383050074,0.43436206915250386,0.1687241383050072,3.0890857842586244e-17,0.05536395824475638,0.018108366899597772
pauli,0.2,0.045,0.8499999999999995,0.7000000000000002,0.6382755428083294,0.9271599526351301,0.07715995263513054,0.8615010791969208,0.8543199052702604,0.4271599526351304,0.15431990527026018,2.097203351026859e-17,0.06256607476213004,0.0200581693023517
pauli,0.2,0.05,0.8499999999999995,0.7000000000000002,0.6290373050764109,0.9198991126517546,0.06989911265175508,0.8484838079345962,0.8397982253035071,0.4198991126517545,0.13979822530350694,3.867899915434801e-17,0.06982691474550562,0.022032800157828908
pauli,0.2,0.055,0.8499999999999995,0.7000000000000002,0.6199793632690385,0.9125809086939113,0.06258090869391175,0.8355078108852254,0.8251618173878218,0.4125809086939114,0.12516181738782162,9.735905207008246e-17,0.0771451187033488,0.024032020999237236
pauli,0.2,0.06,0.8499999999999995,0.7000000000000002,0.6110989761082156,0.9052067753857204,0.05520677538572083,0.8225788520910529,0.8104135507714416,0.40520677538572036,0.11041355077144144,2.6711660553708998e-17,0.08451925201153979,0.026055568740439544
pauli,0.2,0.065,0.8499999999999995,0.7000000000000002,0.6023934315621544,0.8977782229674499,0.04777822296745038,0.8097027354656273,0.7955564459349009,0.39777822296745,0.09555644593490076,8.256835890103572e-17,0.0919478044298102,0.028103155238619566
pauli,0.2,0.07,0.8499999999999995,0.7000000000000002,0.593860046679573,0.8902968376479753,0.04029683764797576,0.7968852959081338,0.78059367529595,0.3902968376479756,0.08059367529594985,3.039429118205659e-17,0.09942918974928482,0.03017446688977616
pauli,0.2,0.075,0.8499999999999995,0.7000000000000002,0.5854961674239996,0.8827642818192999,0.032764281819300356,0.7841323900571027,0.7655285636385999,0.3827642818193001,0.06552856363859971,7.94027152007157e-18,0.10696174557796025,0.0322691642596489
pauli,0.2,0.08,0.8499999999999995,0.7000000000000002,0.5772991685080651,0.8751822941264813,0.025182294126481763,0.7714498867020035,0.7503645882529622,0.3751822941264813,0.05036458825296197,6.978230908281714e-17,0.11454373327077885,0.03438688175266284
pauli,0.2,0.085,0.8499999999999995,0.7000000000000002,0.5692664532278071,0.8675526893865109,0.017552689386511333,0.7588436568736942,0.7351053787730217,0.3675526893865112,0.035105378773021556,8.912119543404839e-17,0.12217333801074926,0.03652722732148134
pauli,0.2,0.09,0.8499999999999995,0.7000000000000002,0.5613954532969673,0.8598773583499513,0.009877358349951737,0.7463195636371661,0.7197547166999033,0.3598773583499515,0.01975471669990314,2.660243200690441e-17,0.12984866904730874,0.038689782219718666
pauli,0.2,0.095,0.8499999999999995,0.7000000000000002,0.5536836286812901,0.8521582672994351,0.002158267299435579,0.7338834516125008,0.7043165345988707,0.3521582672994352,0.004316534598870492,1.209330611453168e-17,0.13756776009782506,0.04087410080033128
pauli,0.2,0.1,0.8499999999999995,0.7000000000000002,0.5461284674328227,0.8443974574794639,-0.005602542520535603,0.7215411362523637,0.6887949149589278,0.34439745747946404,-0.011205085041072427,2.27481159895269e-17,0.14532856991779616,0.043079710362149914
pauli,0.2,0.105,0.8499999999999995,0.7000000000000002,0.5387274855242132,0.8365970443523498,-0.013402955647649706,0.7092983929067789,0.6731940887047005,0.33659704435235005,-0.026805911295299634,1.44679938814871e-17,0.15312898304491032,0.0453061110469421
pauli,0.2,0.11,0.8499999999999995,0.7000000000000002,0.5314782266830113,0.828759216675557,-0.02124078332444257,0.6971609457082093,0.6575184333511134,0.3287592166755571,-0.042481566648886804,3.5545463166702525e-17,0.16096681072170319,0.047552775789315764
pauli,0.2,0.115,0.8499999999999995,0.7000000000000002,0.524378262225965,0.8208862353962033,-0.02911376460379622,0.6851344563122277,0.6417724707924067,0.32088623539620353,-0.05822752920759344,1.680663050230767e-17,0.1688397920010569,0.04981915032166592
pauli,0.2,0.12,0.8499999999999995,0.7000000000000002,0.5174251908933218,0.8129804323589886,-0.037019567641010886,0.6732245125311446,0.6259608647179784,0.31298043235898876,-0.07403913528202177,2.101848114995385e-17,0.17674559503827136,0.05210465323625559
pauli,0.2,0.125,0.8499999999999995,0.7000000000000002,0.510616638683127,0.8050442088244032,-0.04495579117559634,0.661436616899961,0.6100884176488065,0.3050442088244032,-0.08991158235119368,2.546241698998629e-17,0.18468181857285704,0.054408676106386174
pauli,0.2,0.13,0.8499999999999995,0.7000000000000002,0.5039502586855231,0.7970800337946711,-0.05291996620532846,0.6497761752158209,0.5941600675893425,0.2970800337946711,-0.1058399324106577,9.065013646822785e-17,0.19264599360258908,0.05673058366846003
pauli,0.2,0.135,0.8499999999999995,0.7000000000000002,0.49742373091704795,0.7890904421455562,-0.0609095578544433,0.6382484850937888,0.5781808842911127,0.28909044214555646,-0.12181911570888748,1.897004888077513e-17,0.20063558525170394,0.05906971406657704
pauli,0.2,0.14,0.8499999999999995,0.7000000000000002,0.4910347621549348,0.7810780325628377,-0.06892196743716184,0.6268587245832115,0.5621560651256761,0.2810780325628378,-0.13784393487432411,4.156106393188911e-17,0.20864799483442253,0.06142537916111888
pauli,0.2,0.145,0.8499999999999995,0.7000000000000002,0.4847810857714119,0.773045465283009,-0.07695453471699054,0.6156119408901466,0.5460909305660181,0.2730454652830092,-0.15390906943398208,2.8437123937861246e-17,0.21668056211425113,0.06379686490258321
pauli,0.2,0.15,0.8499999999999995,0.7000000000000002,0.4786604615679995,0.7649954596385234,-0.08500454036147609,0.6045130392523252,0.5299909192770467,0.26499545963852356,-0.1700090807229535,2.560263565382139e-17,0.2247305677587368,0.06618343177170802
pauli,0.2,0.155,0.8499999999999995,0.7000000000000002,0.47267067560981163,0.7569307914086981,-0.09306920859130141,0.5935667720138136,0.5138615828173961,0.25693079140869834,-0.18613841718260404,9.468497872917696e-18,0.2327952359885621,0.06858431528670855
pauli,0.2,0.16,0.8499999999999995,0.7000000000000002,0.4668095400598529,0.7488542899782331,-0.10114571002176642,0.5827777279470039,0.4977085799564669,0.24885428997823333,-0.2022914200435333,1.8903317263803727e-17,0.2408717374190269,0.0709987265782002
pauli,0.2,0.165,0.8499999999999995,0.7000000000000002,0.4610748930133192,0.7407688353061446,-0.10923116469385497,0.5721503218696953,0.48153767061228914,0.24076883530614457,-0.21846232938771104,1.5788590757234517e-17,0.24895719209111564,0.07342585303212767
pauli,0.2,0.17,0.8499999999999995,0.7000000000000002,0.4554645983318958,0.7326773547087787,-0.11732264529122083,0.5616887846048665,0.46535470941755736,0.23267735470877893,-0.23464529058244282,1.4648353741636788e-17,0.25704867268848147,0.07586485900075834
pauli,0.2,0.17500000000000002,0.8499999999999995,0.7000000000000002,0.44997654547805715,0.7245828194614728,-0.12541718053852668,0.5513971533302807,0.44916563892294653,0.22458281946147296,-0.25083436107705365,1.5526469903188753e-17,0.26514320793578733,0.07831488658151664
pauli,0.2,0.18,0.8499999999999995,0.7000000000000002,0.44460864934936556,0.7164882412243089,-0.13351175877569066,0.5412792623642461,0.432976482448618,0.21648824122430899,-0.26702351755138215,4.729514852349527e-18,0.2732377861729513,0.08077505646315022
pauli,0.2,0.185,0.8499999999999995,0.7000000000000002,0.43935885011276954,0.7083966682983092,-0.14160333170169037,0.5313387344327299,0.4167933365966189,0.20839666829830927,-0.2832066634033813,2.739927293107675e-17,0.28132935909895096,0.08324446883843058
pauli,0.2,0.19,0.8499999999999995,0.7000000000000002,0.4342251130389057,0.7003111817193223,-0.14968881828067726,0.5215789724615654,0.4006223634386451,0.20031118171932238,-0.2993776365613551,3.5157615066589486e-17,0.28941484567793785,0.08572220438228512
pauli,0.2,0.195,0.8499999999999995,0.7000000000000002,0.42920542833639375,0.6922348911977263,-0.15776510880227324,0.5120031519356785,0.38446978239545293,0.1922348911977264,-0.31553021760454725,2.0153654500404072e-17,0.2974911361995338,0.08820732529395586
pauli,0.2,0.2,0.8499999999999995,0.7000000000000002,0.4242978109861397,0.6841709309129541,-0.16582906908704542,0.5026142138651527,0.36834186182590856,0.18417093091295422,-0.3316581381740916,3.609411403898608e-17,0.305555096484306,0.09069887640147752
pauli,0.3,0.0,0.7749999999999997,0.5500000000000004,0.6174999999999996,0.9726720647773278,0.19767206477732813,0.9463398842793687,0.9453441295546563,0.4726720647773279,0.3953441295546559,1.6895288967602013e-17,5.724587470723463e-17,0.009109311740890635
pauli,0.3,0.005,0.7749999999999997,0.5500000000000004,0.6090864196211843,0.9652013982696456,0.19020139826964588,0.9320188946754391,0.9304027965392877,0.46520139826964546,0.3804027965392873,8.21447607585217e-18,0.007470666507682289,0.011098220142114479
pauli,0.3,0.01,0.7749999999999997,0.5500000000000004,0.6008307959842627,0.9576743215016639,0.18267432150166418,0.9177432300674855,0.9153486430033281,0.4576743215016642,0.3653486430033277,7.635078473599236e-17,0.014997743275663932,0.013111091842102999
pauli,0.3,0.015,0.7749999999999997,0.5500000000000004,0.5927308230646983,0.9500922527612145,0.17509225276121476,0.9035188391842697,0.9001845055224302,0.4500922527612147,0.35018450552242986,9.543761632117402e-17,0.02257981201611338,0.015147664577955938
pauli,0.3,0.02,0.7749999999999997,0.5500000000000004,0.5847842183713661,0.9424566793892077,0.16745667938920805,0.8893517042202879,0.8849133587784174,0.44245667938920796,0.334913358778417,2.0554554298792547e-17,0.03021538538812,0.017207653355482678
pauli,0.3,0.025,0.7749999999999997,0.5500000000000004,0.5769887228196867,0.9347691579521424,0.15976915795214275,0.8752478321572252,0.8695383159042837,0.43476915795214244,0.3195383159042833,8.675479227884946e-17,0.037902906825185406,0.019290750137293193
pauli,0.3,0.03,0.7749999999999997,0.5500000000000004,0.5693421006047636,0.9270313142936663,0.15203131429366656,0.8612132457743766,0.8540626285873344,0.42703131429366625,0.304062628587334,2.944252216107032e-17,0.045640750483661584,0.021396623562283706
pauli,0.3,0.035,0.7749999999999997,0.5500000000000004,0.5618421390745166,0.9192448434601648,0.14424484346016508,0.8472539743661655,0.8384896869203317,0.4192448434601648,0.2884896869203313,5.512854035484407e-18,0.05342722131716311,0.02352491869850279
pauli,0.3,0.04,0.7749999999999997,0.5500000000000004,0.5544866486028179,0.9114115094955226,0.13641150949552294,0.8333760441868859,0.8228230189910459,0.41141150949552285,0.27282301899104555,2.962884419332242e-17,0.061260555281805185,0.02567525683139025
pauli,0.3,0.045,0.7749999999999997,0.5500000000000004,0.5472734624626274,0.9035331451004672,0.12853314510046754,0.81958546864487,0.8070662902009345,0.4035331451004672,0.2570662902009341,3.586262168906496e-17,0.06913891967686062,0.027847235289324132
pauli,0.3,0.05,0.7749999999999997,0.5500000000000004,0.5402004366991271,0.8956116511521497,0.12061165115215,0.8058882382702581,0.7912233023042999,0.3956116511521497,0.24122330230429956,3.181271008444292e-17,0.07706041362517806,0.03004042730838366
pauli,0.3,0.055,0.7749999999999997,0.5500000000000004,0.5332654500028576,0.8876489960799332,0.1126489960799335,0.7922903104825416,0.7752979921598672,0.3876489960799335,0.2252979921598668,3.075505981600578e-17,0.08502306869739462,0.03225438193817433
pauli,0.3,0.06,0.7749999999999997,0.5500000000000004,0.5264664035828526,0.8796472150936825,0.1046472150936828,0.7787975991859524,0.7592944301873652,0.3796472150936827,0.20929443018736482,2.6589752044456875e-17,0.09302484968364536,0.0344886239905002
pauli,0.3,0.065,0.7749999999999997,0.5500000000000004,0.5198012210397746,0.8716084092612274,0.09660840926122771,0.7654159642226375,0.7432168185224551,0.3716084092612274,0.19321681852245476,1.7118238500294365e-17,0.10106365551610048,0.03674265403258608
pauli,0.3,0.07,0.7749999999999997,0.5500000000000004,0.5132678482390481,0.8635347444320562,0.08853474443205656,0.7521512007152871,0.7270694888641126,0.36353474443205647,0.17706948886411222,1.571487290847914e-17,0.10913732034527157,0.03901594842647341
pauli,0.3,0.075,0.7749999999999997,0.5500000000000004,0.5068642531839997,0.8554284500047415,0.08042845000474186,0.7390090283325715,0.7108569000094836,0.35542845000474155,0.16085690000948327,1.2150450642558833e-17,0.11724361477258632,0.04130795941610681
pauli,0.3,0.08,0.7749999999999997,0.5500000000000004,0.5005884258889873,0.8472918175360553,0.07229181753605562,0.725995080512264,0.6945836350721113,0.3472918175360553,0.14458363507211092,2.2970735084265987e-17,0.12538024724127256,0.04361811526351987
pauli,0.3,0.085,0.7749999999999997,0.5500000000000004,0.49443837825253983,0.8391271991902255,0.0641271991902258,0.7131148936783224,0.6782543983804508,0.3391271991902256,0.12825439838045039,3.649455179145424e-17,0.1335448655871023,0.04594582043540764
pauli,0.3,0.09,0.7749999999999997,0.5500000000000004,0.4884121439304906,0.8309370060273075,0.05593700602730778,0.7003738964894607,0.6618740120546152,0.3309370060273077,0.11187401205461478,1.6278723693799523e-17,0.14173505875002043,0.04829045584123854
pauli,0.3,0.095,0.7749999999999997,0.5500000000000004,0.4825077782091127,0.8227237061301915,0.047723706130191834,0.6877773991578116,0.6454474122603829,0.32272370613019175,0.09544741226038256,1.314188095194344e-17,0.14994835864713627,0.050651379123911815
pauli,0.3,0.1,0.7749999999999997,0.5500000000000004,0.47672335787825487,0.8144898225703449,0.03948982257034517,0.6753305828771787,0.6289796451406902,0.31448982257034486,0.07897964514068978,1.77938587428597e-17,0.15818224220698293,0.053027925003816735
pauli,0.3,0.105,0.7749999999999997,0.5500000000000004,0.47105698110447586,0.8062379312129773,0.031237931212977577,0.6630384894010716,0.6124758624259541,0.3062379312129774,0.06247586242595371,1.2938442908112133e-17,0.16643413356435066,0.055419405676974676
pauli,0.3,0.11,0.7749999999999997,0.5500000000000004,0.4655067673041805,0.7979706583629387,0.02297065836293899,0.6509060108111955,0.5959413167258772,0.2979706583629387,0.04594131672587687,6.508587236616019e-17,0.17470140641438925,0.05782511126778059
pauli,0.3,0.115,0.7749999999999997,0.5500000000000004,0.4600708570167544,0.7896906782532988,0.014690678253299061,0.6389378795173479,0.5793813565065979,0.28969067825329886,0.029381356506597567,8.876404091193533e-17,0.1829813865240291,0.06024431033666504
pauli,0.3,0.12,0.7749999999999997,0.5500000000000004,0.4547474117776996,0.7814007103791897,0.006400710379189989,0.6271386585296671,0.5628014207583794,0.2814007103791897,0.012801420758378979,2.2287399921323525e-17,0.19127135439813808,0.06267625044281269
pauli,0.3,0.125,0.7749999999999997,0.5500000000000004,0.4495346139917692,0.773103516680175,-0.0018964833198247266,0.6155127320439968,0.5462070333603506,0.2731035166801753,-0.0037929666396497863,7.884848319930418e-17,0.19956854809715285,0.06512015876186716
pauli,0.3,0.13,0.7749999999999997,0.5500000000000004,0.44443066680610366,0.7648018985750549,-0.010198101424944817,0.6040642963806329,0.5296037971501102,0.2648018985750551,-0.020396202849890188,1.6227671685416412e-17,0.2078701662022729,0.06757524275834707
pauli,0.3,0.135,0.7749999999999997,0.5500000000000004,0.4394337939833648,0.7564986938537088,-0.018501306146290863,0.5927973513160192,0.5129973877074187,0.2564986938537088,-0.03700261229258173,1.7852853525929777e-17,0.21617337092361905,0.0700406909122813
pauli,0.3,0.14,0.7749999999999997,0.5500000000000004,0.4345422397748721,0.7481967734312276,-0.0268032265687721,0.5817156918459533,0.49639354686245574,0.2481967734312278,-0.05360645313754464,8.996780580365984e-18,0.22447529134610025,0.07251567349935953
pauli,0.3,0.145,0.7749999999999997,0.5500000000000004,0.4297542687937371,0.739899037970277,-0.03510096202972268,0.5708229004176428,0.47979807594055385,0.239899037970277,-0.07020192405944653,2.8498142091027226e-17,0.23277302680705098,0.07499934342366342
pauli,0.3,0.15,0.7749999999999997,0.5500000000000004,0.42506816588799967,0.731608414378272,-0.043391585621727735,0.5601223396664283,0.4632168287565438,0.23160841437827207,-0.08678317124345658,2.3648617411409034e-17,0.24106365039905592,0.07749083710182843
pauli,0.3,0.155,0.7749999999999997,0.5500000000000004,0.4204822360137619,0.7233278521866087,-0.05167214781339102,0.5496171456912535,0.4466557043732172,0.22332785218660878,-0.10334429562678316,1.5232416267494466e-17,0.24934421259071932,0.07998927539725398
pauli,0.3,0.16,0.7749999999999997,0.5500000000000004,0.4159948041083249,0.7150603198198104,-0.05993968018018925,0.5393102219009306,0.4301206396396209,0.21506031981981044,-0.1198793603603795,7.564149308555093e-18,0.25761174495751743,0.08249376460276117
pauli,0.3,0.165,0.7749999999999997,0.5500000000000004,0.41160421496332245,0.7068088007630733,-0.0681911992369264,0.5292042334610285,0.41361760152614685,0.2068088007630735,-0.13638239847385353,2.071871294041889e-17,0.2658632640142546,0.08500339746986697
pauli,0.3,0.17,0.7749999999999997,0.5500000000000004,0.40730883309785776,0.698576289637261,-0.07642371036273865,0.5193016023687071,0.3971525792745224,0.19857628963726126,-0.15284742072547797,2.0770609700692895e-17,0.2740957751400668,0.08751725428263263
pauli,0.3,0.17500000000000002,0.7749999999999997,0.5500000000000004,0.4031070426316375,0.6903657881909662,-0.08463421180903352,0.5096045031801426,0.38073157638193295,0.1903657881909664,-0.16926842361806743,2.908726943533809e-17,0.2823062765863616,0.09003440397381715
pauli,0.3,0.18,0.7749999999999997,0.5500000000000004,0.398997247158108,0.6821803012197651,-0.09281969878023455,0.5001148594122883,0.36436060243953067,0.18218030121976536,-0.1856393975604697,1.4952009435247794e-17,0.2904917635575626,0.0925539052808714
pauli,0.3,0.185,0.7749999999999997,0.5500000000000004,0.39497786961758913,0.6740228324232765,-0.10097716757672315,0.49083434063762643,0.3480456648465535,0.17402283242327676,-0.20195433515344685,5.1799249657703686e-17,0.2986492323540513,0.09507480793909168
pauli,0.3,0.19,0.7749999999999997,0.5500000000000004,0.39104735217041214,0.6658963802110749,-0.1091036197889248,0.48176436028734304,0.3317927604221499,0.1658963802110751,-0.2182072395778505,2.68123466943302e-17,0.3067756845662529,0.09759615390907032
pauli,0.3,0.195,0.7749999999999997,0.5500000000000004,0.38720415607005143,0.6578039334688964,-0.11719606653110326,0.4729060741749506,0.31560786693779347,0.15780393346889654,-0.2343921330622069,2.9502851975474844e-17,0.3148681313084314,0.10011697863539103
pauli,0.3,0.2,0.7749999999999997,0.5500000000000004,0.3834467615362632,0.6497484672969243,-0.12525153270307543,0.46426037974890044,0.29949693459384874,0.14974846729692426,-0.25050306540615164,2.4122061552940602e-17,0.3229235974804036,0.10263631233334847
pauli,0.5,0.0,0.6249999999999998,0.25000000000000006,0.4374999999999998,0.8928571428571427,0.2678571428571429,0.8010204081632654,0.7857142857142864,0.3928571428571428,0.5357142857142863,3.18704110328479e-17,0.0,0.0357142857142857
pauli,0.5,0.005,0.6249999999999998,0.25000000000000006,0.43320735694958384,0.8839831078100018,0.258983107810002,0.7859142954810928,0.7679662156200046,0.383983107810002,0.5179662156200044,8.40780298335398e-17,0.008874035047140981,0.03816883772353319
pauli,0.5,0.01,0.6249999999999998,0.25000000000000006,0.42899530407360353,0.8751041224390698,0.25010412243907,0.7710128595571152,0.7502082448781406,0.3751041224390699,0.5002082448781406,7.506889226661817e-17,0.017753020418072932,0.04063409730424298
pauli,0.5,0.015,0.6249999999999998,0.25000000000000006,0.4248626648289277,0.8662226405221519,0.24122264052215214,0.7563203202950984,0.7324452810443044,0.3662226405221519,0.48244528104430434,1.8605322010524066e-17,0.026634502334990887,0.04310939856147347
pauli,0.5,0.02,0.6249999999999998,0.25000000000000006,0.4208082746792684,0.8573411393446941,0.23234113934469436,0.7418407029075502,0.7146822786893888,0.35734113934469436,0.4646822786893888,1.724262283597618e-17,0.035516003512448636,0.04559406270056215
pauli,0.5,0.025,0.6249999999999998,0.25000000000000006,0.41683098103045235,0.8484621173228633,0.22346211732286347,0.7275778315739695,0.696924234645727,0.34846211732286336,0.4469242346457269,5.141316610121763e-18,0.044395025534279486,0.04808739859333971
pauli,0.5,0.03,0.6249999999999998,0.25000000000000006,0.4129296431656957,0.8395880915563808,0.21458809155638103,0.7135353234925761,0.6791761831127612,0.3395880915563809,0.4291761831127611,1.237042249389674e-17,0.053269051300762066,0.05058870337293176
pauli,0.5,0.035,0.6249999999999998,0.25000000000000006,0.4091031321808759,0.8307215953154201,0.20572159531542034,0.6997165833472206,0.661443190630841,0.3307215953154201,0.41144319063084095,3.414914425913273e-17,0.06213554754172258,0.05309726305630891
pauli,0.5,0.04,0.6249999999999998,0.25000000000000006,0.4053503309198051,0.8218651754661578,0.196865175466158,0.6861247982098737,0.6437303509323159,0.3218651754661579,0.39373035093231584,3.486052517180978e-17,0.07099196739098493,0.055612353193641224
pauli,0.5,0.045,0.6249999999999998,0.25000000000000006,0.4016701339095038,0.813021389839831,0.1880213898398312,0.6727629328976474,0.6260427796796625,0.3130213898398311,0.37604277967966243,1.4649792287307796e-17,0.07983575301731177,0.058133239543423
pauli,0.5,0.05,0.6249999999999998,0.25000000000000006,0.3980614472954729,0.804192804550432,0.17919280455043218,0.659633725801786,0.6083856091008649,0.30419280455043207,0.35838560910086487,1.4329861505173284e-17,0.0886643383067107,0.060659178772225805
pauli,0.5,0.055,0.6249999999999998,0.25000000000000006,0.3945231887769682,0.7953819912663957,0.17038199126639597,0.6467396852043874,0.5907639825327919,0.29538199126639575,0.3407639825327919,7.740083355454419e-17,0.09747515159074696,0.06318941917785617
pauli,0.5,0.06,0.6249999999999998,0.25000000000000006,0.3910542875422717,0.7865915244418771,0.1615915244418773,0.6340830860968873,0.5731830488837547,0.2865915244418773,0.32318304888375465,3.753797738414442e-17,0.10626561841526559,0.0657232014345879
pauli,0.5,0.065,0.6249999999999998,0.25000000000000006,0.3876536842039666,0.7778239785134166,0.15282397851341678,0.6216659675124767,0.5556479570268331,0.27782397851341667,0.30564795702683306,2.1206446390776927e-17,0.11503316434372615,0.06825975935907001
pauli,0.5,0.07,0.6249999999999998,0.25000000000000006,0.38432033073420824,0.7690819250679889,0.14408192506798911,0.6094901303827176,0.538163850135978,0.2690819250679891,0.28816385013597795,1.0052212784935022e-17,0.12377521778915383,0.07079832069540956
pauli,0.5,0.075,0.6249999999999998,0.25000000000000006,0.38105319039999996,0.7603679299886001,0.13536792998860037,0.5975571359266225,0.5207358599772003,0.26036792998860026,0.27073585997720023,7.830372410566609e-17,0.13248921286854262,0.07333810791785982
pauli,0.5,0.08,0.6249999999999998,0.25000000000000006,0.377851237698463,0.7516845505837416,0.12668455058374184,0.5858683045784047,0.5033691011674837,0.25168455058374173,0.2533691011674836,2.758807446295853e-17,0.14117259227340112,0.0758783390494695
pauli,0.5,0.085,0.6249999999999998,0.25000000000000006,0.3747134582921122,0.7430343327071407,0.11803433270714092,0.5744247154580103,0.4860686654142815,0.2430343327071407,0.23606866541428145,2.7645823176472795e-17,0.14982281015000193,0.07841822849497676
pauli,0.5,0.09,0.6249999999999998,0.25000000000000006,0.3716388489441279,0.7344198078743523,0.10941980787435257,0.5632272063864145,0.46883961574870475,0.23441980787435246,0.2188396157487047,2.07994602410521e-17,0.15843733498279045,0.08095698788617019
pauli,0.5,0.095,0.6249999999999998,0.25000000000000006,0.3686264174536289,0.7258434903828049,0.10084349038280516,0.5522763744454867,0.4516869807656102,0.22584349038280505,0.20168698076561015,2.648874746385487e-17,0.1670136524743379,0.0834938269378824
pauli,0.5,0.1,0.6249999999999998,0.25000000000000006,0.3656751825909464,0.7173078744419773,0.09230787444197752,0.5415725770800828,0.43461574888395493,0.2173078744419774,0.18461574888395488,2.351113921375477e-17,0.17554926841516538,0.0860279543127338
pauli,0.5,0.105,0.6249999999999998,0.25000000000000006,0.3627841740328958,0.7088154313204049,0.08381543132040514,0.5311159337378406,0.41763086264080956,0.20881543132040492,0.1676308626408095,3.50713541563678e-17,0.18404171153673796,0.08855857849269566
pauli,0.5,0.11,0.6249999999999998,0.25000000000000006,0.3599524322980513,0.70036860651621,0.07536860651621025,0.5209063280400144,0.4007372130324204,0.20036860651621002,0.15073721303242033,4.895417268277193e-18,0.19248853634093271,0.0910849086555124
pauli,0.5,0.115,0.6249999999999998,0.25000000000000006,0.3571790086820176,0.6919698169578395,0.06696981695783977,0.5109434104745658,0.3839396339156793,0.19196981695783955,0.13393963391567926,3.670188993132546e-17,0.20088732589930322,0.09360615555398927
pauli,0.5,0.12,0.6249999999999998,0.25000000000000006,0.35446296519270387,0.6836214482416219,0.058621448241622076,0.5012266016006481,0.3672428964832442,0.18362144824162197,0.11724289648324415,1.9599245800148732e-17,0.20923569461552086,0.09612153239613339
pauli,0.5,0.125,0.6249999999999998,0.25000000000000006,0.35180337448559656,0.6753258519126962,0.05032585191269645,0.4917550957516108,0.3506517038253928,0.17532585191269634,0.10065170382539274,1.7516632735884906e-17,0.21753129094444656,0.09863025572412194
pauli,0.5,0.13,0.6249999999999998,0.25000000000000006,0.3491993197990324,0.6670853427957447,0.04208534279574494,0.4825278652216871,0.33417068559148955,0.16708534279574483,0.08417068559148949,8.800676437919558e-18,0.22577180006139802,0.10113154629006756
pauli,0.5,0.135,0.6249999999999998,0.25000000000000006,0.3466498948894718,0.6589021963818426,0.033902196381842775,0.47354366491967137,0.3178043927636855,0.15890219638184266,0.06780439276368544,2.082239594531534e-17,0.23395494647530024,0.10362462992655284
pauli,0.5,0.14,0.6249999999999998,0.25000000000000006,0.3441542039667715,0.6507786462775732,0.025778646277573425,0.4648010374711002,0.3015572925551468,0.1507786462775732,0.05155729255514674,2.494642167672673e-17,0.2420784965795696,0.10610873840991501
pauli,0.5,0.145,0.6249999999999998,0.25000000000000006,0.34171136162945764,0.6427168817223816,0.01771688172238184,0.456298318748784,0.2854337634447634,0.14271688172238173,0.035433763444763344,1.3763335695040188e-17,0.2501402611347612,0.1085831103142873
pauli,0.5,0.15,0.6249999999999998,0.25000000000000006,0.33932049279999976,0.6347190451799319,0.009719045179932162,0.44803364380996324,0.2694380903598637,0.13471904517993205,0.019438090359863658,3.153638952193649e-17,0.2581380976772109,0.11104699185442181
pauli,0.5,0.155,0.6249999999999998,0.25000000000000006,0.33698073266008266,0.6267872300090114,0.0017872300090115978,0.4400049532169314,0.2535744600180227,0.1267872300090115,0.0035744600180226405,2.0888223364209875e-17,0.2660699128481315,0.11349963771535797
pauli,0.5,0.16,0.6249999999999998,0.25000000000000006,0.33469122658588,0.6189234782192661,-0.006076521780733701,0.4322099997166343,0.2378469564385322,0.11892347821926608,-0.012153043561467847,2.595972270906032e-17,0.2739336646378767,0.11594031186704523
pauli,0.5,0.165,0.6249999999999998,0.25000000000000006,0.33245113008332783,0.6111297783167942,-0.013870221683205619,0.4246463552535972,0.22225955663358854,0.11112977831679416,-0.027740443366411516,3.3360240906018467e-17,0.28172736454034863,0.11836828836207167
pauli,0.5,0.17,0.6249999999999998,0.25000000000000006,0.3302596087233968,0.6034080632443263,-0.021591936755673502,0.4173114182894803,0.20681612648865272,0.10340806324432628,-0.04318387351134734,2.933301014921697e-17,0.28944907961281646,0.12078285211471355
pauli,0.5,0.17500000000000002,0.6249999999999998,0.25000000000000006,0.3281158380773661,0.5957602084204193,-0.029239791579580454,0.4102024214016811,0.19152041684083887,0.09576020842041943,-0.058479583159161186,1.5838124348411487e-17,0.29709693443672347,0.12318329965957953
pauli,0.5,0.18,0.6249999999999998,0.25000000000000006,0.326019003652096,0.5881880298817701,-0.036811970118229675,0.40331643913266585,0.17637605976354048,0.08818802988177021,-0.07362394023645957,3.3354732722159446e-17,0.3046691129753726,0.12556893988819723
pauli,0.5,0.185,0.6249999999999998,0.25000000000000006,0.32396830082530054,0.5806932825324123,-0.04430671746758752,0.3966503960611213,0.16138656506482468,0.08069328253241226,-0.08861343493517537,1.9349042072530234e-17,0.31216386032473054,0.12793909476196347
pauli,0.5,0.19,0.6249999999999998,0.25000000000000006,0.3219629347808226,0.5732776585032192,-0.051722341496780566,0.3902010750655974,0.14655531700643837,0.07327765850321932,-0.10344468299356169,3.1490211399008855e-17,0.31957948435392364,0.13029309999996214
pauli,0.5,0.195,0.6249999999999998,0.25000000000000006,0.32000212044390375,0.5659427856247693,-0.05905721437523048,0.3839651257510309,0.1318855712495387,0.0659427856247694,-0.11811442875046135,6.045896024433424e-17,0.3269143572323735,0.13263030574023965
pauli,0.5,0.2,0.6249999999999998,0.25000000000000006,0.31808508241646083,0.5586902260162634,-0.06630977398373639,0.37793907300842156,0.11738045203252692,0.05869022601626339,-0.13261954796747313,4.5016088767914474e-17,0.33416691684087946,0.13495007717322513
