eps,F_in,p_star_replace,p_star_pauli,weak_noise_slope_K
0.002,0.9985,0.0014932800858951272,0.0013999500805266817,1.0021285643650197
0.004,0.997,0.0029732395113277682,0.0027874120418697828,1.0042642648396252
0.006,0.9955,0.00444005442219103,0.004162551020804091,1.0064071123095968
0.008,0.994,0.005893897559533599,0.005525528962062749,1.0085571174117878
0.01,0.9925,0.007334938344180737,0.006876504697669441,1.0107142905288018
0.012,0.991,0.008763342958741288,0.008215634023819958,1.0128786417835889
0.014,0.9895,0.010179274427162738,0.009543069775465067,1.0150501810339647
0.016,0.988,0.011582892691860917,0.01085896189861961,1.0172289178670462
0.018000000000000002,0.9865,0.012974354688544073,0.012163457520510068,1.0194148615936043
0.020000000000000004,0.985,0.014353814418806314,0.013456701017630919,1.0216080212423373
0.022,0.9835,0.0157214230205649,0.014738834081779593,1.0238084055540577
0.024,0.982,0.017077328836422132,0.016009995784145747,1.026016022975794
0.026000000000000002,0.9805,0.01842167748002075,0.01727032263751945,1.0282308816548058
0.028000000000000004,0.979,0.019754611900464684,0.01851994865668564,1.0304529894325154
0.03,0.9775,0.021076272444872007,0.01975900541706751,1.032682353838345
0.032,0.976,0.022386796919121307,0.020987622111676225,1.0349189820834699
0.034,0.9745,0.02368632064685641,0.022205925606427885,1.03716288105448
0.036000000000000004,0.973,0.024974976526806927,0.023414040493881495,1.0394140573069477
0.038000000000000006,0.9715,0.026252895088484152,0.024612089145453892,1.0416725170589056
0.04,0.97,0.0275202045463001,0.02580019176215634,1.0439382661842291
0.042,0.9685,0.028777030852170836,0.02697846642391016,1.046211310205927
0.044000000000000004,0.967,0.03002349774664877,0.028147029137483223,1.04849165428933
0.046,0.9655,0.03125972680863581,0.029305993883096074,1.0507793032351904
0.048,0.964,0.032485837503719264,0.03045547265973681,1.053074261472677
0.05,0.9625,0.03370194723118265,0.031595575529233734,1.0553765330522729
0.052000000000000005,0.961,0.03490817136973243,0.03272641065912415,1.057686121638575
0.054000000000000006,0.9595,0.036104623321957935,0.03384808436433556,1.0600030305029882
0.056,0.958,0.03729141455763684,0.03496070114778454,1.0623272625163185
0.058,0.9565,0.03846865465582086,0.03606436373983206,1.0646588201412626
0.060000000000000005,0.955,0.0396364513458234,0.03715917313670944,1.0669977054247917
0.062,0.9535,0.04079491054710792,0.03824522863791367,1.0693439199904284
0.064,0.952,0.04194413640811711,0.03932262788260979,1.0716974650304174
0.066,0.9505,0.04308423134407672,0.040391466885071926,1.0740583412977844
0.068,0.949,0.04421529607380823,0.041451840069195216,1.0764265490982903
0.07,0.9475,0.045337429655576675,0.042503840302103135,1.078802088282268
0.07200000000000001,0.946,0.046450729522009376,0.04354755892688379,1.0811849582363502
0.07400000000000001,0.9445,0.04755529151410691,0.04458308579447523,1.083575157875084
0.076,0.9430000000000001,0.04865120991438174,0.04561050929473288,1.0859726856324268
0.078,0.9415,0.04973857747914521,0.04662991638669863,1.0883775394531308
0.08,0.94,0.05081748546997082,0.04764139262809765,1.0907897167840057
0.082,0.9385,0.05188802368436049,0.04864502220408796,1.0932092145650643
0.084,0.937,0.05295028048563331,0.049640887955281224,1.0956360292205485
0.08600000000000001,0.9355,0.054004342832065635,0.05062907140506153,1.098070156649833
0.08800000000000001,0.9339999999999999,0.05505029630529824,0.0516096527862171,1.100511592218206
0.09,0.9325,0.056088225138039266,0.052582711066911814,1.1029603307475289
0.092,0.931,0.05711821224107806,0.053548323976010684,1.1054163665067627
0.094,0.9295,0.05814033922963259,0.054506568027780554,1.1078796932023796
0.096,0.9279999999999999,0.05915468644904992,0.0554575185459843,1.110350303968635
0.098,0.9265,0.06016133299987802,0.05640124968738564,1.1128281913577185
0.1,0.925,0.061160356762325785,0.05733783446468042,1.115313347329769
0.10200000000000001,0.9235,0.062151834420133924,0.05826734476887555,1.1178057632427616
0.10400000000000001,0.9219999999999999,0.06313584148386579,0.05918985139112418,1.1203054298422572
0.10600000000000001,0.9205,0.0641124523136409,0.06010542404403835,1.1228123372510233
0.108,0.919,0.06508174014132469,0.06101413138249189,1.1253264749585097
0.11,0.9175,0.06604377709219034,0.06191604102392844,1.1278478318101972
0.112,0.916,0.0669986342060661,0.06281121956818697,1.1303763959967994
0.114,0.9145,0.06794638145798505,0.06369973261686099,1.1329121550433288
0.116,0.913,0.06888708777834919,0.06458164479220237,1.1354550957980185
0.11800000000000001,0.9115,0.06982082107262123,0.06545701975558241,1.1380052044211049
0.12000000000000001,0.91,0.07074764824055872,0.0663259202255238,1.1405624663734615
0.122,0.9085,0.0716676351950027,0.06718840799531503,1.1431268664050902
0.124,0.907,0.0725808468802301,0.06804454395021572,1.1456983885434653
0.126,0.9055,0.07348734728988776,0.06889438808426977,1.1482770160817266
0.128,0.904,0.07438719948451249,0.06973799951673046,1.1508627315667284
0.13,0.9025,0.07528046560865466,0.07057543650811374,1.153455516786928
0.132,0.901,0.07616720690761077,0.0714067564758851,1.1560553527601343
0.134,0.8995,0.07704748374377954,0.07223201600979332,1.1586622197210878
0.136,0.898,0.07792135561264874,0.07305127088685819,1.1612760971088996
0.138,0.8965,0.07878888115842388,0.07386457608602238,1.1638969635543226
0.14,0.895,0.07965011818930877,0.07467198580247697,1.1665247968668724
0.14200000000000002,0.8935,0.08050512369244497,0.07547355346166716,1.169159574021783
0.14400000000000002,0.892,0.08135395384852186,0.07626933173298923,1.1718012711468058
0.14600000000000002,0.8905,0.08219666404606389,0.0770593725431849,1.1744498635088443
0.148,0.889,0.08303330889540324,0.07784372708944054,1.177105325500427
0.15,0.8875,0.08386394224234892,0.07862244585220211,1.179767630626012
0.152,0.886,0.08468861718155546,0.07939557860770824,1.18243675148813
0.154,0.8845000000000001,0.08550738606960445,0.08016317444025417,1.185112659773358
0.156,0.883,0.08632030053780047,0.08092528175418795,1.1877953262381191
0.158,0.8815,0.08712741150469291,0.0816819482856496,1.1904847206943225
0.16,0.88,0.08792876918832994,0.08243322111405932,1.1931808119948224
0.162,0.8785000000000001,0.08872442311824982,0.08317914667335921,1.1958835680187077
0.164,0.877,0.08951442214721615,0.08391977076301514,1.1985929556564188
0.166,0.8755,0.09029881446270686,0.08465513855878769,1.2013089407946862
0.168,0.874,0.09107764759815878,0.08538529462327386,1.2040314883012948
0.17,0.8725,0.0918509684439757,0.08611028291622722,1.2067605620096677
0.17200000000000001,0.871,0.0926188232583066,0.08683014680466244,1.209496124703274
0.17400000000000002,0.8694999999999999,0.09338125767759894,0.08754492907274901,1.2122381380998515
0.17600000000000002,0.868,0.09413831672693125,0.08825467193149805,1.2149865628354524
0.178,0.8665,0.09489004483013333,0.08895941702825,1.2177413584483026
0.18,0.865,0.09563648581969615,0.08965920545596515,1.2205024833624791
0.182,0.8634999999999999,0.096377682946479,0.09035407776232406,1.223269894871401
0.184,0.862,0.09711367888921729,0.09104407395864121,1.2260435491211306
0.186,0.8605,0.09784451576383635,0.09172923352859658,1.2288234010934957
0.188,0.859,0.0985702351325755,0.09240959543678953,1.2316094045890134
0.19,0.8574999999999999,0.09929087801292763,0.09308519813711966,1.2344015122096295
0.192,0.856,0.10000648488639889,0.09375607958099896,1.2371996753412657
0.194,0.8545,0.10071709570709077,0.09442227722539759,1.2400038441361743
0.196,0.853,0.10142274991011108,0.09508382804072914,1.2428139674950995
0.198,0.8514999999999999,0.10212348641981647,0.09574076851857795,1.245629993049246
0.2,0.85,0.10281934365789187,0.09639313467927363,1.2484518671420528
0.202,0.8485,0.10351035955126801,0.09704096207931376,1.251279534810767
0.20400000000000001,0.847,0.10419657153988428,0.09768428581864151,1.2541129397678255
0.20600000000000002,0.8454999999999999,0.10487801658429655,0.098323140547778,1.2569520243820376
0.20800000000000002,0.844,0.10555473117313907,0.09895756047481788,1.2597967296595665
0.21000000000000002,0.8425,0.10622675133043613,0.09958757937228388,1.262646995224713
0.212,0.841,0.10689411262277432,0.10021323058385093,1.265502759300501
0.214,0.8395,0.1075568501663349,0.10083454703093897,1.2683639586890583
0.216,0.838,0.10821499863378846,0.10145156121917669,1.271230528751795
0.218,0.8365,0.1088685922610593,0.1020643052447431,1.274102403389388
0.22,0.835,0.10951766485395661,0.10267281080058432,1.2769795150215484
0.222,0.8335,0.11016224979468099,0.10327710918251343,1.2798617945665978
0.224,0.832,0.11080238004820539,0.10387723129519255,1.2827491714208337
0.226,0.8305,0.11143808816853543,0.10447320765800196,1.2856415734376923
0.228,0.829,0.11206940630484957,0.10506506841079648,1.2885389269067056
0.23,0.8275,0.11269636620752464,0.10565284331955435,1.2914411565322526
0.232,0.826,0.11331899923404679,0.10623656178191886,1.2943481854121062
0.234,0.8245,0.11393733635481222,0.10681625283263646,1.2972599350157712
0.23600000000000002,0.823,0.1145514081588176,0.1073919451488915,1.3001763251626184
0.23800000000000002,0.8215,0.11516124485924568,0.10796366705554283,1.3030972739998115
0.24000000000000002,0.82,0.11576687629894741,0.1085314465302632,1.3060226979800251
0.242,0.8185,0.11636833195581983,0.1090953112085811,1.3089525118389587
0.244,0.817,0.11696564094808691,0.10965528838883148,1.3118866285726412
0.246,0.8155,0.11755883203948224,0.1102114050370146,1.3148249594145334
0.248,0.8140000000000001,0.11814793364433625,0.11076368779156523,1.3177674138124174
0.25,0.8125,0.11873297383256974,0.11131216296803413,1.3207138994050838
0.252,0.8109999999999999,0.11931398033459661,0.11185685656368433,1.3236643219988113
0.254,0.8095,0.11989098054613778,0.11239779426200416,1.3266185855436423
0.256,0.808,0.12046400153294676,0.11293500143713758,1.3295765921094502
0.258,0.8065,0.12103307003545044,0.11346850315823478,1.3325382418618041
0.26,0.8049999999999999,0.12159821247330456,0.11399832419372302,1.3355034330376288
0.262,0.8035,0.12215945494986918,0.11452448901550236,1.3384720619206596
0.264,0.802,0.12271682325660255,0.11504702180306489,1.341444022816699
0.266,0.8005,0.12327034287737651,0.11556594644754048,1.3444192080286628
0.268,0.7989999999999999,0.12382003899271447,0.11608128655566982,1.347397507831434
0.27,0.7975,0.12436593648395494,0.11659306545370776,1.350378810446513
0.272,0.796,0.12490805993734026,0.1171013061912565,1.3533630020164682
0.274,0.7945,0.12544643364803348,0.1176060315450314,1.3563499665791905
0.276,0.7929999999999999,0.12598108162406338,0.11810726402255942,1.3593395860419475
0.278,0.7915,0.12651202759020141,0.11860502586581383,1.3623317401552526
0.28,0.79,0.12703929499177002,0.1190993390547844,1.365326306486528
0.28200000000000003,0.7885,0.12756290699838282,0.1195902253109839,1.368323160393587
0.28400000000000003,0.7869999999999999,0.1280828865076223,0.12007770610089592,1.3713221749979188
0.28600000000000003,0.7855,0.12859925614865092,0.12056180263936024,1.3743232211577912
0.28800000000000003,0.784,0.12911203828576073,0.12104253589290069,1.3773261674411632
0.29000000000000004,0.7825,0.12962125502186084,0.12151992658299454,1.3803308800984158
0.292,0.781,0.13012692820190558,0.12199399518928648,1.3833372230349006
0.294,0.7795000000000001,0.13062907941626192,0.12246476195274555,1.386345057783311
0.296,0.778,0.1311277300040236,0.12293224687877213,1.3893542434758748
0.298,0.7765,0.13162290105624966,0.12339646974023405,1.392364636816374
0.3,0.775,0.13211461341919423,0.12385745008049459,1.3953760920519926
0.302,0.7735000000000001,0.13260288769741413,0.12431520721632575,1.3983884609450004
0.304,0.772,0.1330877442568774,0.12476976024082255,1.4014015927442645
0.306,0.7705,0.13356920322800847,0.12522112802625796,1.4044153341566086
0.308,0.769,0.13404728450864611,0.12566932922685572,1.4074295293180037
0.31,0.7675000000000001,0.13452200776700746,0.1261143822815695,1.4104440197646155
0.312,0.766,0.13499339244455894,0.126556305416774,1.4134586444036903
0.314,0.7645,0.13546145775885676,0.1269951166489282,1.4164732394843034
0.316,0.763,0.13592622270633642,0.1274308337871904,1.4194876385679567
0.318,0.7615000000000001,0.13638770606505554,0.12786347443598958,1.4225016724990447
0.32,0.76,0.13684592639738472,0.12829305599754817,1.4255151693751842
0.322,0.7585,0.13730090205267734,0.128719595674385,1.4285279545174094
0.324,0.757,0.13775265116985308,0.12914311047173727,1.4315398504402532
0.326,0.7555000000000001,0.13820119167997882,0.12956361719998014,1.4345506768216996
0.328,0.754,0.1386465413087847,0.12998113247698567,1.437560250473027
0.33,0.7525,0.13908871757914468,0.13039567273044814,1.4405683853085414
0.332,0.751,0.13952773781351543,0.13080725420017073,1.4435748923152079
0.334,0.7495,0.1399636191363351,0.13121589294031416,1.4465795795221814
0.336,0.748,0.14039637847638256,0.13162160482160865,1.4495822519702517
0.338,0.7464999999999999,0.140826032569098,0.13202440553352937,1.452582711681197
0.34,0.745,0.1412525979588649,0.13242431058643586,1.455580757627069
0.342,0.7435,0.14167609100125544,0.13282133531367699,1.458576185699395
0.34400000000000003,0.742,0.14209652786523824,0.13321549487366086,1.4615687886783255
0.34600000000000003,0.7404999999999999,0.14251392453535103,0.1336068042518916,1.4645583562017188
0.34800000000000003,0.739,0.1429282968138371,0.13399527826297228,1.467544674734178
0.35000000000000003,0.7375,0.14333966032274817,0.1343809315525764,1.4705275275360452
0.35200000000000004,0.736,0.14374803050601076,0.1347637785993851,1.473506694632365
0.354,0.7345,0.14415342263146233,0.13514383371699593,1.4764819527818156
0.356,0.733,0.1445558517928515,0.13552111105579828,1.4794530754456328
0.358,0.7315,0.14495533291180718,0.13589562460481924,1.482419832756515
0.36,0.73,0.14535188073977617,0.13626738819354017,1.485381991487537
0.362,0.7285,0.14574550985992907,0.1366364154936835,1.48833931502107
0.364,0.727,0.14613623468903533,0.13700272002097064,1.4912915633177226
0.366,0.7255,0.14652406947930846,0.13736631513685169,1.4942384928853123
0.368,0.724,0.14690902832022162,0.13772721405020777,1.4971798567478773
0.37,0.7225,0.14729112514029338,0.13808542981902505,1.500115404414736
0.372,0.721,0.14767037370884697,0.13844097535204403,1.5030448818496112
0.374,0.7195,0.14804678763773468,0.13879386341037628,1.5059680314398238
0.376,0.718,0.1484203803830492,0.13914410660910861,1.5088845919655776
0.378,0.7165,0.14879116524678837,0.1394917174188641,1.511794298569332
0.38,0.715,0.14915915537850855,0.13983670816735178,1.5146968827252831
0.382,0.7135,0.14952436377694417,0.14017909104088516,1.5175920722089749
0.384,0.712,0.1498868032916047,0.1405188780858794,1.5204795910670335
0.386,0.7105,0.1502464866243433,0.14085608121032187,1.5233591595870515
0.388,0.709,0.15060342633090323,0.14119071218522178,1.5262304942676368
0.39,0.7075,0.1509576348224379,0.14152278264603554,1.529093307788627
0.392,0.706,0.1513091243670074,0.14185230409406946,1.5319473089815017
0.394,0.7045,0.15165790709105112,0.1421792878978604,1.5347922027999894
0.396,0.703,0.15200399498083658,0.1425037452945343,1.537627690290899
0.398,0.7015,0.15234739988388626,0.14282568739114337,1.5404534685651787
0.4,0.7,0.1526881335103803,0.14314512516598152,1.5432692307692306
0.402,0.6985,0.1530262074345381,0.14346206946987947,1.5460746660564841
0.404,0.697,0.1533616330959773,0.14377653102747873,1.5488694595592558
0.406,0.6955,0.15369442180105147,0.14408852043848575,1.5516532923609057
0.40800000000000003,0.694,0.15402458472416675,0.14439804817890634,1.5544258414683116
0.41000000000000003,0.6925,0.15435213290907657,0.1447051246022593,1.5571867797846743
0.41200000000000003,0.691,0.15467707727015734,0.1450097599407725,1.5599357760826786
0.41400000000000003,0.6895,0.15499942859366198,0.1453119643065581,1.5626724949780235
0.41600000000000004,0.688,0.155319197538956,0.14561174769277127,1.5653965969033392
0.41800000000000004,0.6865,0.15563639463973025,0.14590911997474712,1.5681077380825192
0.42,0.685,0.15595103030519897,0.14620409091112402,1.5708055705054775
0.422,0.6835,0.1562631148212744,0.14649667014494475,1.5734897419033536
0.424,0.6819999999999999,0.15657265835172,0.1467868672047375,1.576159895724193
0.426,0.6805,0.156879670939312,0.14707469150560498,1.5788156711091155
0.428,0.679,0.1571841625069263,0.1473601523502434,1.5814567028689974
0.43,0.6775,0.1574861428586634,0.14764325892999694,1.5840826214616874
0.432,0.6759999999999999,0.1577856216809313,0.1479240203258731,1.5866930529697856
0.434,0.6745,0.15808260854351117,0.14820244550954173,1.5892876190789949
0.436,0.673,0.15837711290060857,0.14847854334432053,1.5918659370570853
0.438,0.6715,0.15866914409188748,0.14875232258614451,1.5944276197334808
0.44,0.6699999999999999,0.1589587113434879,0.14902379188451992,1.5969722754795026
0.442,0.6685,0.1592458237690273,0.14929295978346308,1.5994995081892875
0.444,0.667,0.15953049037058448,0.14955983472242296,1.6020089172614114
0.446,0.6655,0.15981272003966926,0.14982442503718993,1.6045000975812425
0.448,0.6639999999999999,0.16009252155817472,0.1500867389607888,1.6069726395040462
0.45,0.6625,0.16036990359931635,0.15034678462435908,1.6094261288388765
0.452,0.661,0.16064487472855332,0.15060457005801875,1.611860146833277
0.454,0.6595,0.16091744340449576,0.15086010319171478,1.6142742701588138
0.456,0.6579999999999999,0.1611876179797973,0.15111339185606,1.6166680708974848
0.458,0.6565,0.1614554067020338,0.15136444378315667,1.6190411165290122
0.46,0.655,0.16172081771456548,0.15161326660740515,1.6213929699190675
0.462,0.6535,0.16198385905738696,0.1518598678663003,1.6237231893084447
0.464,0.6519999999999999,0.16224453866796132,0.15210425500121375,1.6260313283032237
0.466,0.6505,0.16250286438204223,0.15234643535816458,1.6283169358659426
0.468,0.649,0.162758843934481,0.15258641618857594,1.6305795563078198
0.47000000000000003,0.6475,0.1630124849600207,0.1528242046500194,1.6328187292820522
0.47200000000000003,0.6459999999999999,0.1632637949940761,0.15305980780694634,1.6350339897782262
0.47400000000000003,0.6445,0.1635127814735022,0.15329323263140832,1.637224868117869
0.47600000000000003,0.643,0.16375945173734788,0.15352448600376364,1.6393908899511762
0.47800000000000004,0.6415,0.16400381302759817,0.15375357471337328,1.6415315762549525
0.48000000000000004,0.6399999999999999,0.1642458724899025,0.1539805054592836,1.643646443331793
0.482,0.6385000000000001,0.16448563717429138,0.15420528485089816,1.6457350028105455
0.484,0.637,0.16472311403588114,0.15442791940863856,1.6477967616480835
0.486,0.6355,0.16495830993556515,0.15464841556459233,1.649831222132432
0.488,0.634,0.16519123164069338,0.15486677966315004,1.6518378818872792
0.49,0.6325000000000001,0.16542188582574152,0.15508301796163268,1.6538162338779063
0.492,0.631,0.16565027907296612,0.15529713663090575,1.6557657664185783
0.494,0.6295,0.16587641787304938,0.1555091417559838,1.6576859631814342
0.496,0.628,0.16610030862573255,0.15571903933662426,1.6595763032069042
0.498,0.6265000000000001,0.1663219576404373,0.15592683528791,1.661436260915706
0.5,0.625,0.16654137113687628,0.1561325354408215,1.663265306122449
0.502,0.6234999999999999,0.1667585552456526,0.15633614554279932,1.665062904050887
0.504,0.622,0.1669735160088482,0.15653767125829518,1.6668285153508648
0.506,0.6205,0.16718625938060128,0.15673711816931368,1.668561596116989
0.508,0.619,0.1673967912276737,0.1569344917759441,1.6702615979090725
0.51,0.6174999999999999,0.16760511733000638,0.157129797496881,1.6719279677743843
0.512,0.616,0.16781124338126552,0.1573230406699364,1.6735601482717573
0.514,0.6145,0.16801517498937776,0.15751422655254166,1.6751575774975787
0.516,0.613,0.16821691767705566,0.15770336032223967,1.6767196891137226
0.518,0.6114999999999999,0.1684164768823124,0.15789044707716787,1.678245912377453
0.52,0.61,0.1686138579589658,0.15807549183653044,1.6797356721733474
0.522,0.6085,0.16880906617713426,0.15825849954106336,1.6811883890472772
0.524,0.607,0.16900210672372126,0.15843947505348868,1.6826034792424935
0.526,0.6054999999999999,0.16919298470289104,0.15861842315896035,1.683980354737858
0.528,0.604,0.16938170513653295,0.15879534856549965,1.6853184232882594
0.53,0.6025,0.16956827296471863,0.1589702559044237,1.6866170884672682
0.532,0.601,0.1697526930461483,0.15914314973076402,1.687875749712059
0.534,0.5994999999999999,0.16993497015858708,0.15931403452367537,1.6890938023706568
0.536,0.598,0.17011510899929344,0.1594829146868376,1.6902706377515457
0.538,0.5965,0.170293114185437,0.15964979454884717,1.691405643175681
0.54,0.595,0.17046899025450882,0.15981467836360203,1.6924982020309551
0.542,0.5934999999999999,0.1706427416647208,0.15997757031067575,1.693547693829155
0.544,0.592,0.17081437279539716,0.16013847449568483,1.6945534942654592
0.546,0.5905,0.17098388794735672,0.16029739495064693,1.6955149752805168
0.548,0.589,0.17115129134328694,0.1604543356343315,1.696431505125152
0.55,0.5874999999999999,0.17131658712810732,0.1606093004326006,1.6973024484277384
0.552,0.586,0.17147977936932646,0.16076229315874355,1.6981271662642876
0.554,0.5845,0.17164087205738934,0.1609133175538025,1.698905016231295
0.556,0.583,0.17179986910601494,0.16106237728688902,1.6996353525213823
0.558,0.5814999999999999,0.17195677435252793,0.16120947595549492,1.7003175260017924
0.56,0.58,0.17211159155817313,0.1613546170857873,1.7009508842957595
0.562,0.5785,0.17226432440845338,0.16149780413292505,1.7015347718668192
0.5640000000000001,0.577,0.17241497651339852,0.1616390404813111,1.702068530106082
0.5660000000000001,0.5754999999999999,0.17256355140788535,0.1617783294448925,1.7025514974225284
0.5680000000000001,0.574,0.17271005255192126,0.16191567426742617,1.7029830093363474
0.5700000000000001,0.5725,0.1728544833309243,0.16205107812274153,1.7033623985753887
0.5720000000000001,0.571,0.17299684705599508,0.1621845441149954,1.7036889951747356
0.5740000000000001,0.5694999999999999,0.1731371469641794,0.16231607527891817,1.7039621265794629
0.5760000000000001,0.568,0.1732753862187264,0.162445674580056,1.7041811177506114
0.5780000000000001,0.5665,0.17341156790933487,0.16257334491500144,1.7043452912744168
0.58,0.5650000000000001,0.1735456950523945,0.16269908911161984,1.7044539674748342
0.582,0.5635,0.17367777059121664,0.1628229099292656,1.7045064645293901
0.584,0.562,0.1738077973962596,0.16294481005899336,1.7045020985884076
0.586,0.5605,0.17393577826534495,0.1630647921237609,1.7044401838976335
0.588,0.559,0.17406171592386496,0.1631828586786234,1.7043200329243033
0.59,0.5575,0.17418561302498453,0.163299012210923,1.7041409564866825
0.592,0.556,0.17430747214983386,0.16341325514046925,1.7039022638871126
0.594,0.5545,0.17442729580769362,0.16352558981971277,1.7036032630485942
0.596,0.553,0.17454508643617248,0.1636360185339117,1.7032432606549452
0.598,0.5515,0.17466084640137783,0.16374454350129172,1.7028215622945497
0.6,0.55,0.17477457799807677,0.16385116687319698,1.7023374726077427
0.602,0.5485,0.1748862834498523,0.16395589073423653,1.7017902954378492
0.604,0.547,0.17499596490924946,0.16405871710242137,1.7011793339858963
0.606,0.5455,0.17510362445791522,0.16415964792929552,1.700503890969044
0.608,0.544,0.17520926410673066,0.16425868510005998,1.699763268782732
0.61,0.5425,0.1753128857959353,0.16435583043368934,1.6989567696665886
0.612,0.541,0.17541449139524376,0.16445108568304104,1.6980836958741008
0.614,0.5395,0.17551408270395602,0.16454445253495878,1.6971433498460768
0.616,0.538,0.17561166145105886,0.16463593261036769,1.6961350343879147
0.618,0.5365,0.1757072292953206,0.16472552746436306,1.6950580528506898
0.62,0.535,0.17580078782537742,0.16481323858629132,1.6939117093160723
0.622,0.5335,0.17589233855981418,0.1648990673998258,1.6926953087850931
0.624,0.532,0.17598188294723557,0.16498301526303336,1.691408157370759
0.626,0.5305,0.17606942236633133,0.16506508346843562,1.690049562494528
0.628,0.529,0.17615495812593293,0.16514527324306214,1.6886188330866463
0.63,0.5275,0.17623849146506396,0.16522358574849746,1.6871152797903564
0.632,0.526,0.1763200235529815,0.16530002208092015,1.685538215169965
0.634,0.5245,0.1763995554892123,0.16537458327113652,1.6838869539227816
0.636,0.523,0.1764770883035791,0.16544727028460543,1.6821608130949093
0.638,0.5215,0.17655262295622096,0.16551808402145715,1.6803591123008932
0.64,0.52,0.17662616033760536,0.16558702531650504,1.678481173947206
0.642,0.5185,0.1766977012685342,0.16565409493925082,1.6765263234595678
0.644,0.517,0.1767672465001397,0.16571929359388096,1.6744938895140744
0.646,0.5155,0.17683479671387614,0.16578262191925888,1.6723832042721256
0.648,0.514,0.17690035252150063,0.16584408048890684,1.6701936036191238
0.65,0.5125,0.17696391446504958,0.16590366981098398,1.6679244274069296
0.652,0.511,0.17702548301680468,0.16596139032825438,1.6655750197000325
0.654,0.5095,0.17708505857925388,0.16601724241805052,1.6631447290254222
0.656,0.508,0.17714264148504258,0.1660712263922274,1.6606329086261136
0.658,0.5065,0.17719823199691914,0.1661233424971117,1.6580389167182983
0.66,0.505,0.17725183030767125,0.1661735909134418,1.6553621167520782
0.662,0.5035,0.17730343654005554,0.16622197175630207,1.6526018776757363
0.664,0.502,0.17735305074671887,0.16626848507504893,1.6497575742035029
0.666,0.5005,0.1774006729101122,0.16631313085323018,1.6468285870867612
0.668,0.499,0.17744630294239674,0.16635590900849695,1.643814303388642
0.67,0.49749999999999994,0.17748994068534324,0.16639681939250928,1.6407141167619455
0.672,0.496,0.17753158591022064,0.16643586179083186,1.6375274277303347
0.674,0.49449999999999994,0.17757123831768018,0.16647303592282517,1.6342536439727307
0.676,0.493,0.17760889753762954,0.1665083414415277,1.6308921806108376
0.678,0.49149999999999994,0.1776445631290998,0.16654177793353106,1.627442460499733
0.68,0.49,0.17767823458010415,0.16657334491884765,1.6239039145214376
0.682,0.48849999999999993,0.17770991130748892,0.16660304185077085,1.6202759818813903
0.684,0.487,0.17773959265677558,0.1666308681157271,1.6165581104077331
0.686,0.48549999999999993,0.17776727790199642,0.16665682303312165,1.6127497568533313
0.6880000000000001,0.484,0.17779296624552002,0.166680905855175,1.6088503872004192
0.6900000000000001,0.48249999999999993,0.17781665681786982,0.16670311576675295,1.6048594769677853
0.6920000000000001,0.481,0.17783834867753417,0.16672345188518828,1.6007765115203911
0.6940000000000001,0.4794999999999999,0.17785804081076767,0.1667419132600947,1.596600986381311
0.6960000000000001,0.478,0.17787573213138425,0.16675849887317273,1.5923324075458931
0.6980000000000001,0.4764999999999999,0.17789142148054204,0.16677320763800818,1.587970291798017
0.7000000000000001,0.475,0.17790510762651945,0.166786038399862,1.5835141670283344
0.7020000000000001,0.4734999999999999,0.1779167892644831,0.1667969899354529,1.5789635725543598
0.7040000000000001,0.472,0.17792646501624637,0.16680606095273098,1.5743180594422999
0.706,0.47050000000000003,0.17793413343001954,0.16681325009064332,1.5695771908304645
0.708,0.4690000000000001,0.17793979298015203,0.16681855591889252,1.5647405422541423
0.71,0.4675,0.17794344206686363,0.16682197693768466,1.5598077019717884
0.712,0.46599999999999997,0.17794507901596973,0.16682351157747163,1.5547782712923783
0.714,0.4645,0.17794470207859442,0.16682315819868226,1.5496518649037845
0.716,0.4630000000000001,0.1779423094308769,0.16682091509144711,1.5444281112020048
0.718,0.4615,0.17793789917366748,0.16681678047531326,1.5391066526210968
0.72,0.45999999999999996,0.17793146933221451,0.1668107524989511,1.5336871459636499
0.722,0.4585,0.17792301785584283,0.16680282923985265,1.5281692627316208
0.724,0.4570000000000001,0.1779125426176201,0.16679300870401884,1.5225526894573609
0.726,0.4555,0.17790004141401802,0.1667812888256419,1.5168371280346646
0.728,0.45399999999999996,0.1778855119645592,0.16676766746677427,1.5110222960496462
0.73,0.4525,0.1778689519114578,0.16675214241699168,1.5051079271112604
0.732,0.45100000000000007,0.17785035881924785,0.16673471139304485,1.4990937711812893
0.734,0.4495,0.1778297301744039,0.16671537203850365,1.492979594903575
0.736,0.44799999999999995,0.1778070633849496,0.16669412192339023,1.486765181932322
0.738,0.4465,0.17778235578005722,0.16667095854380365,1.480450333259255
0.74,0.44500000000000006,0.17775560460963705,0.16664587932153474,1.474034867539426
0.742,0.4435,0.1777268070439148,0.16661888160367014,1.467518621415461
0.744,0.44199999999999995,0.17769596017300127,0.16658996266218867,1.4609014498400272
0.746,0.4405,0.17766306100644863,0.1665591196935456,1.4541832263963062
0.748,0.43900000000000006,0.1776281064727973,0.1665263498182475,1.4473638436162526
0.75,0.4375,0.1775910934191123,0.16649165008041777,1.440443213296399
0.752,0.43599999999999994,0.177552018610507,0.16645501744735033,1.4334212668109945
0.754,0.4345,0.17751087872965782,0.1664164488090542,1.4262979554222344
0.756,0.43300000000000005,0.1774676703763057,0.1663759409777866,1.4190732505873442
0.758,0.4315,0.17742239006674726,0.16633349068757555,1.4117471442622842
0.76,0.42999999999999994,0.1773750342333144,0.16628909459373226,1.4043196492018262
0.762,0.4285,0.17732559922384128,0.1662427492723512,1.396790799255765
0.764,0.42700000000000005,0.1772740813011201,0.1661944512198001,1.3891606496610114
0.766,0.4255,0.177220476642345,0.16614419685219844,1.381429277329316
0.768,0.42399999999999993,0.1771647813385435,0.16609198250488452,1.3735967811303809
0.77,0.4225,0.1771069913939949,0.16603780443187022,1.3656632821700936
0.772,0.42100000000000004,0.17704710272563767,0.16598165880528531,1.357628924063633
0.774,0.4195,0.17698511116246257,0.16592354171480866,1.3494938732031936
0.776,0.4179999999999999,0.1769210124448939,0.165863449167088,1.3412583190200549
0.778,0.4165,0.176854802224157,0.1658013770851472,1.3329224742407588
0.78,0.41500000000000004,0.1767864760616334,0.1657373213077813,1.3244865751371058
0.782,0.4135,0.1767160294282017,0.1656712775889391,1.3159508817697316
0.784,0.4119999999999999,0.1766434577035647,0.16560324159709192,1.3073156782249855
0.786,0.4105,0.17656875617556353,0.1655332089145908,1.298581272844858
0.788,0.40900000000000003,0.17649192003947747,0.16546117503701013,1.289747998449682
0.79,0.4075,0.1764129443973088,0.165387135372477,1.2808162125533582
0.792,0.4059999999999999,0.17633182425705385,0.16531108524098798,1.2717862975708354
0.794,0.40449999999999997,0.1762485545319599,0.1652330198737124,1.262658661017576
0.796,0.403,0.1761631300397657,0.16515293441228035,1.2534337357007614
0.798,0.40149999999999997,0.17607554550192825,0.16507082390805775,1.2441119799019615
0.8,0.3999999999999999,0.17598579554283345,0.16498668332140637,1.2346938775510203
0.802,0.39849999999999997,0.17589387468899137,0.1649005075209294,1.2251799383908952
0.804,0.397,0.1757997773682158,0.16481229128270233,1.2155706981331968
0.806,0.39549999999999996,0.17570349790878728,0.16472202928948806,1.205866718604179
0.808,0.3939999999999999,0.17560503053860055,0.16462971612993801,1.1960685878809199
0.81,0.39249999999999996,0.1755043693842943,0.16453534629777591,1.1861769204174626
0.812,0.391,0.17540150847036534,0.1644389141909675,1.1761923571606536
0.8140000000000001,0.38949999999999996,0.175296441718264,0.1643404141108725,1.166115565655458
0.8160000000000001,0.3879999999999999,0.17518916294547393,0.1642398402613818,1.1559472401394937
0.8180000000000001,0.38649999999999995,0.1750796658645724,0.16413718674803662,1.1456881016265705
0.8200000000000001,0.385,0.17496794408227392,0.1640324475771318,1.135338897979
0.8220000000000001,0.38349999999999995,0.17485399109845484,0.1639256166548014,1.1249004039684454
0.8240000000000001,0.3819999999999999,0.17473780030515937,0.1638166877860869,1.1143734213251064
0.8260000000000001,0.38049999999999995,0.17461936498558658,0.16370565467398743,1.1037587787750198
0.8280000000000001,0.379,0.1744986783130586,0.16359251091849245,1.0930573320652663
0.8300000000000001,0.37749999999999995,0.1743757333499692,0.16347725001559613,1.0822699639768887
0.8320000000000001,0.3759999999999999,0.1742505230467108,0.16335986535629138,1.0713975843253256
0.8340000000000001,0.37449999999999994,0.1741230402405837,0.16324035022554723,1.060441129948167
0.836,0.373,0.17399327765468312,0.16311869780126542,1.0494015646800636
0.838,0.37150000000000005,0.1738612278967649,0.16299490115321708,1.0382798793145993
0.84,0.37,0.1737268834580916,0.16286895324196088,1.027077091552981
0.842,0.36850000000000005,0.1735902367122542,0.16274084691773832,1.015794245939369
0.844,0.367,0.173451279913974,0.16261057491935063,1.0044324137827128
0.846,0.36550000000000005,0.1733100051978811,0.16247812987301352,0.9929926930649414
0.848,0.364,0.17316640457726895,0.16234350429118966,0.981476208335385
0.85,0.36250000000000004,0.17302046994282694,0.16220669057140025,0.9698841105912936
0.852,0.361,0.17287219306134877,0.16206768099501448,0.958217577144354
0.854,0.35950000000000004,0.17272156557441556,0.1619264677260146,0.946477811473082
0.856,0.358,0.17256857899705633,0.16178304280974032,0.9346660430610193
0.858,0.35650000000000004,0.17241322471637993,0.1616373981716062,0.9227835272206267
0.86,0.355,0.17225549399018594,0.16148952561579932,0.9108315449028198
0.862,0.35350000000000004,0.17209537794554394,0.16133941682394745,0.8988114024920746
0.864,0.352,0.1719328675773517,0.16118706335376723,0.8867244315870537
0.866,0.35050000000000003,0.1717679537468617,0.16103245663768284,0.874571988766715
0.868,0.349,0.17160062718018293,0.1608755879814215,0.8623554553418683
0.87,0.34750000000000003,0.17143087846675245,0.1607164485625804,0.8500762370921708
0.872,0.346,0.17125869805778032,0.16055502942916905,0.8377357639885458
0.874,0.34450000000000003,0.1710840762646622,0.16039132149812083,0.825335489901043
0.876,0.34299999999999997,0.1709070032573664,0.160225315553781,0.812876892292147
0.878,0.3415,0.1707274690627849,0.16005700224636085,0.8003614718955734
0.88,0.33999999999999997,0.17054546356305936,0.15988637209036816,0.7877907523805939
0.882,0.3385,0.17036097649386953,0.1597134154630027,0.7751662800019449
0.884,0.33699999999999997,0.17017399744269499,0.15953812260252656,0.7624896232353882
0.886,0.3355,0.169984515847038,0.15936048360659813,0.7497623723990104
0.888,0.33399999999999996,0.16979252099261918,0.1591804884305805,0.7369861392603491
0.89,0.3325,0.16959800201153202,0.15899812688581128,0.7241625566294562
0.892,0.33099999999999996,0.16940094788036908,0.158813388637846,0.7112932779380241
0.894,0.3295,0.16920134741830598,0.15862626320466186,0.6983799768046972
0.896,0.32799999999999996,0.1689991892851554,0.15843673995483318,0.6854243465867292
0.898,0.3265,0.16879446197937684,0.1582448081056658,0.6724280999181349
0.9,0.32499999999999996,0.1685871538360562,0.1580504567213027,0.6593929682345177
0.902,0.3235,0.1683772530248378,0.15785367471078543,0.6463207012847545
0.904,0.32199999999999995,0.16816474754782623,0.1576544508260871,0.6332130666297416
0.906,0.3205,0.16794962523743828,0.15745277366009838,0.6200718491284091
0.908,0.31899999999999995,0.1677318737542218,0.15724863164458294,0.6068988504112355
0.91,0.3175,0.16751148058462625,0.15704201304808713,0.5936958883414962
0.912,0.31599999999999995,0.16728843303873459,0.15683290597381366,0.5804647964644986
0.914,0.3145,0.16706271824794752,0.1566212983574508,0.5672074234450682
0.916,0.31299999999999994,0.16683432316262584,0.15640717796496173,0.5539256324935626
0.918,0.3115,0.1666032345496838,0.15619053239032854,0.5406213007807008
0.92,0.30999999999999994,0.16636943899013976,0.15597134905325602,0.5272963188415082
0.922,0.3085,0.1661329228766132,0.15574961519682487,0.5139525899686914
0.924,0.30699999999999994,0.1658936724107785,0.15552531788510482,0.5005920295957687
0.926,0.3055,0.16565167360076374,0.15529844400071602,0.4872165646702883
0.928,0.30399999999999994,0.1654069122585031,0.15506898024234667,0.4738281330174847
0.93,0.3025,0.16515937399703023,0.15483691312221584,0.4604286826947312
0.932,0.30099999999999993,0.164909044227728,0.15460222896349501,0.4470201713371552
0.934,0.2995,0.164655908157511,0.15436491389766654,0.4336045654947996
0.936,0.29799999999999993,0.16439995078596528,0.15412495386184244,0.4201838399617157
0.9380000000000001,0.2965,0.1641411569024183,0.15388233459601713,0.40675997709738904
0.9400000000000001,0.29499999999999993,0.1638795110829616,0.1536370416402765,0.3933349661409054
0.9420000000000001,0.2935,0.1636149976874043,0.15338906033194155,0.3799108025182772
0.9440000000000001,0.2919999999999999,0.1633476008561737,0.15313837580266285,0.366489487143352
0.9460000000000001,0.2905,0.16307730450714375,0.15288497297544726,0.3530730257127419
0.9480000000000001,0.2889999999999999,0.16280409233241097,0.15262883656163528,0.33966342799521254
0.9500000000000001,0.2875,0.16252794779499136,0.1523699510578044,0.32626270711598443
0.9520000000000001,0.2859999999999999,0.16224885412546425,0.15210830074262274,0.31287287883640125
0.9540000000000001,0.2845,0.16196679431853506,0.15184386967362662,0.299495960829428
0.9560000000000001,0.2829999999999999,0.1616817511295373,0.15157664168394122,0.28613397195144974
0.9580000000000001,0.2815,0.16139370707085424,0.15130660037892585,0.27278893151084543
0.9600000000000001,0.2799999999999999,0.16110264440827624,0.15103372913275898,0.25946285853381423
0.962,0.27849999999999997,0.16080854515727194,0.15075801108494244,0.24615777102794362
0.964,0.277,0.16051139107919157,0.1504794291367421,0.2328756852440003
0.966,0.2755000000000001,0.16021116367738647,0.1501979659475498,0.21961861493644827
0.968,0.274,0.15990784419324594,0.14991360393116807,0.20638857062317492
0.97,0.27249999999999996,0.15960141360215788,0.14962632525202302,0.19318755884493355
0.972,0.271,0.15929185260937448,0.1493361118212886,0.18001758142499827
0.974,0.2695000000000001,0.15897914164580154,0.14904294529293893,0.1668806347295328
0.976,0.268,0.1586632608636892,0.14874680705970864,0.1537787089291765
0.978,0.26649999999999996,0.15834419013223627,0.1484476782489715,0.1407137872623497
0.98,0.265,0.15802190903310062,0.14814553971853184,0.12768784530078098
0.982,0.26350000000000007,0.15769639685581024,0.14784037205232212,0.11470285021775917
0.984,0.262,0.15736763259307926,0.14753215555601182,0.10176076005960995
0.986,0.26049999999999995,0.15703559493602404,0.14722087025252253,0.08886352302089759
0.988,0.259,0.15670026226926606,0.14690649587743693,0.07601307672384623
0.99,0.25750000000000006,0.15636161266594045,0.14658901187431916,0.06321134750247731
0.992,0.256,0.15601962388259388,0.14626839738993178,0.05046024969195169
0.994,0.25449999999999995,0.15567427335396383,0.1459446312693411,0.037761684923604245
0.996,0.253,0.155325538187641,0.14561769205091343,0.02511754142615229
0.998,0.25150000000000006,0.15497339515862288,0.14528755796120896,0.012529693333555733
