p,eps0,n,F,C
0.01,0.1,0,0.9249999999999999,0.8499999999999993
0.01,0.1,1,0.9865351216122745,0.973070243224555
0.01,0.1,2,0.9896316151283153,0.9792632302566427
0.01,0.1,3,0.9897020277570441,0.9794040555140768
0.01,0.1,4,0.9897035125841807,0.9794070251683586
0.01,0.1,5,0.9897035433205057,0.9794070866410055
0.01,0.1,6,0.9897035439485217,0.9794070878970388
0.01,0.1,7,0.9897035439612245,0.9794070879224542
0.01,0.1,8,0.9897035439614796,0.979407087922968
0.01,0.1,9,0.9897035439614847,0.979407087922969
0.01,0.1,10,0.9897035439614851,0.9794070879229771
0.01,0.1,11,0.9897035439614849,0.9794070879229771
0.01,0.1,12,0.9897035439614849,0.9794070879229623
0.01,0.1,13,0.9897035439614849,0.979407087922976
0.01,0.1,14,0.9897035439614849,0.9794070879229623
0.01,0.1,15,0.9897035439614849,0.979407087922976
0.01,0.1,16,0.9897035439614849,0.9794070879229623
0.01,0.1,17,0.9897035439614849,0.979407087922976
0.01,0.1,18,0.9897035439614849,0.9794070879229623
0.01,0.1,19,0.9897035439614849,0.979407087922976
0.01,0.1,20,0.9897035439614849,0.9794070879229623
0.01,0.1,21,0.9897035439614849,0.979407087922976
0.01,0.1,22,0.9897035439614849,0.9794070879229623
0.01,0.1,23,0.9897035439614849,0.979407087922976
0.01,0.1,24,0.9897035439614849,0.9794070879229623
0.01,0.1,25,0.9897035439614849,0.979407087922976
0.01,0.1,26,0.9897035439614849,0.9794070879229623
0.01,0.1,27,0.9897035439614849,0.979407087922976
0.01,0.1,28,0.9897035439614849,0.9794070879229623
0.01,0.1,29,0.9897035439614849,0.979407087922976
0.01,0.1,30,0.9897035439614849,0.9794070879229623
0.01,0.1,31,0.9897035439614849,0.979407087922976
0.01,0.1,32,0.9897035439614849,0.9794070879229623
0.01,0.1,33,0.9897035439614849,0.979407087922976
0.01,0.1,34,0.9897035439614849,0.9794070879229623
0.01,0.1,35,0.9897035439614849,0.979407087922976
0.01,0.1,36,0.9897035439614849,0.9794070879229623
0.01,0.1,37,0.9897035439614849,0.979407087922976
0.01,0.1,38,0.9897035439614849,0.9794070879229623
0.01,0.1,39,0.9897035439614849,0.979407087922976
0.01,0.1,40,0.9897035439614849,0.9794070879229623
0.01,0.5,0,0.625,0.25000000000000006
0.01,0.5,1,0.8762141826974466,0.7524283653948929
0.01,0.5,2,0.9812835692527133,0.9625671385054246
0.01,0.5,3,0.9894964406024401,0.9789928812048885
0.01,0.5,4,0.9896991803238616,0.9793983606477172
0.01,0.5,5,0.9897034538566547,0.9794069077133177
0.01,0.5,6,0.989703542124019,0.9794070842480371
0.01,0.5,7,0.9897035439243749,0.9794070878487383
0.01,0.5,8,0.9897035439607411,0.9794070879214667
0.01,0.5,9,0.9897035439614701,0.9794070879229498
0.01,0.5,10,0.9897035439614846,0.979407087922968
0.01,0.5,11,0.9897035439614849,0.9794070879229695
0.01,0.5,12,0.9897035439614849,0.979407087922976
0.01,0.5,13,0.9897035439614849,0.9794070879229623
0.01,0.5,14,0.9897035439614849,0.979407087922976
0.01,0.5,15,0.9897035439614849,0.9794070879229623
0.01,0.5,16,0.9897035439614849,0.979407087922976
0.01,0.5,17,0.9897035439614849,0.9794070879229623
0.01,0.5,18,0.9897035439614849,0.979407087922976
0.01,0.5,19,0.9897035439614849,0.9794070879229623
0.01,0.5,20,0.9897035439614849,0.979407087922976
0.01,0.5,21,0.9897035439614849,0.9794070879229623
0.01,0.5,22,0.9897035439614849,0.979407087922976
0.01,0.5,23,0.9897035439614849,0.9794070879229623
0.01,0.5,24,0.9897035439614849,0.979407087922976
0.01,0.5,25,0.9897035439614849,0.9794070879229623
0.01,0.5,26,0.9897035439614849,0.979407087922976
0.01,0.5,27,0.9897035439614849,0.9794070879229623
0.01,0.5,28,0.9897035439614849,0.979407087922976
0.01,0.5,29,0.9897035439614849,0.9794070879229623
0.01,0.5,30,0.9897035439614849,0.979407087922976
0.01,0.5,31,0.9897035439614849,0.9794070879229623
0.01,0.5,32,0.9897035439614849,0.979407087922976
0.01,0.5,33,0.9897035439614849,0.9794070879229623
0.01,0.5,34,0.9897035439614849,0.979407087922976
0.01,0.5,35,0.9897035439614849,0.9794070879229623
0.01,0.5,36,0.9897035439614849,0.979407087922976
0.01,0.5,37,0.9897035439614849,0.9794070879229623
0.01,0.5,38,0.9897035439614849,0.979407087922976
0.01,0.5,39,0.9897035439614849,0.9794070879229623
0.01,0.5,40,0.9897035439614849,0.979407087922976
0.01,0.8,0,0.3999999999999998,0.0
0.01,0.8,1,0.5592344532084512,0.11846890641690233
0.01,0.8,2,0.8114748912824719,0.6229497825649439
0.01,0.8,3,0.9690045564582299,0.93800911291646
0.01,0.8,4,0.9890941828441949,0.9781883656883952
0.01,0.8,5,0.9896905741879098,0.9793811483758132
0.01,0.8,6,0.9897032755561036,0.9794065511122231
0.01,0.8,7,0.9897035384794454,0.9794070769588984
0.01,0.8,8,0.9897035438506319,0.9794070877012504
0.01,0.8,9,0.9897035439592609,0.9794070879185227
0.01,0.8,10,0.9897035439614406,0.9794070879228791
0.01,0.8,11,0.9897035439614841,0.9794070879229754
0.01,0.8,12,0.9897035439614847,0.979407087922977
0.01,0.8,13,0.9897035439614849,0.9794070879229623
0.01,0.8,14,0.9897035439614849,0.979407087922976
0.01,0.8,15,0.9897035439614849,0.9794070879229623
0.01,0.8,16,0.9897035439614849,0.979407087922976
0.01,0.8,17,0.9897035439614849,0.9794070879229623
0.01,0.8,18,0.9897035439614849,0.979407087922976
0.01,0.8,19,0.9897035439614849,0.9794070879229623
0.01,0.8,20,0.9897035439614849,0.979407087922976
0.01,0.8,21,0.9897035439614849,0.9794070879229623
0.01,0.8,22,0.9897035439614849,0.979407087922976
0.01,0.8,23,0.9897035439614849,0.9794070879229623
0.01,0.8,24,0.9897035439614849,0.979407087922976
0.01,0.8,25,0.9897035439614849,0.9794070879229623
0.01,0.8,26,0.9897035439614849,0.979407087922976
0.01,0.8,27,0.9897035439614849,0.9794070879229623
0.01,0.8,28,0.9897035439614849,0.979407087922976
0.01,0.8,29,0.9897035439614849,0.9794070879229623
0.01,0.8,30,0.9897035439614849,0.979407087922976
0.01,0.8,31,0.9897035439614849,0.9794070879229623
0.01,0.8,32,0.9897035439614849,0.979407087922976
0.01,0.8,33,0.9897035439614849,0.9794070879229623
0.01,0.8,34,0.9897035439614849,0.979407087922976
0.01,0.8,35,0.9897035439614849,0.9794070879229623
0.01,0.8,36,0.9897035439614849,0.979407087922976
0.01,0.8,37,0.9897035439614849,0.9794070879229623
0.01,0.8,38,0.9897035439614849,0.979407087922976
0.01,0.8,39,0.9897035439614849,0.9794070879229623
0.01,0.8,40,0.9897035439614849,0.979407087922976
0.05,0.1,0,0.9249999999999999,0.8499999999999993
0.05,0.1,1,0.9389576438503507,0.8779152877007024
0.05,0.1,2,0.9411696909802958,0.8823393819605928
0.05,0.1,3,0.9414650997275533,0.8829301994551068
0.05,0.1,4,0.9415028154048988,0.8830056308098002
0.05,0.1,5,0.9415075220066688,0.883015044013339
0.05,0.1,6,0.9415081008986772,0.8830162017973553
0.05,0.1,7,0.9415081714013043,0.8830163428026081
0.05,0.1,8,0.9415081799286845,0.883016359857369
0.05,0.1,9,0.9415081809550319,0.8830163619100635
0.05,0.1,10,0.941508181078127,0.8830163621562547
0.05,0.1,11,0.941508181092853,0.8830163621857071
0.05,0.1,12,0.9415081810946113,0.88301636218922
0.05,0.1,13,0.9415081810948209,0.8830163621896424
0.05,0.1,14,0.9415081810948458,0.8830163621896929
0.05,0.1,15,0.9415081810948488,0.8830163621896978
0.05,0.1,16,0.9415081810948491,0.883016362189701
0.05,0.1,17,0.9415081810948492,0.8830163621897014
0.05,0.1,18,0.9415081810948492,0.8830163621897014
0.05,0.1,19,0.9415081810948492,0.8830163621897014
0.05,0.1,20,0.9415081810948492,0.8830163621897014
0.05,0.1,21,0.9415081810948492,0.8830163621897014
0.05,0.1,22,0.9415081810948492,0.8830163621897014
0.05,0.1,23,0.9415081810948492,0.8830163621897014
0.05,0.1,24,0.9415081810948492,0.8830163621897014
0.05,0.1,25,0.9415081810948492,0.8830163621897014
0.05,0.1,26,0.9415081810948492,0.8830163621897014
0.05,0.1,27,0.9415081810948492,0.8830163621897014
0.05,0.1,28,0.9415081810948492,0.8830163621897014
0.05,0.1,29,0.9415081810948492,0.8830163621897014
0.05,0.1,30,0.9415081810948492,0.8830163621897014
0.05,0.1,31,0.9415081810948492,0.8830163621897014
0.05,0.1,32,0.9415081810948492,0.8830163621897014
0.05,0.1,33,0.9415081810948492,0.8830163621897014
0.05,0.1,34,0.9415081810948492,0.8830163621897014
0.05,0.1,35,0.9415081810948492,0.8830163621897014
0.05,0.1,36,0.9415081810948492,0.8830163621897014
0.05,0.1,37,0.9415081810948492,0.8830163621897014
0.05,0.1,38,0.9415081810948492,0.8830163621897014
0.05,0.1,39,0.9415081810948492,0.8830163621897014
0.05,0.1,40,0.9415081810948492,0.8830163621897014
0.05,0.5,0,0.625,0.25000000000000006
0.05,0.5,1,0.8097087510327727,0.6194175020655455
0.05,0.5,2,0.9133142369051366,0.8266284738102733
0.05,0.5,3,0.9375497994213164,0.8750995988426334
0.05,0.5,4,0.9410132780538262,0.8820265561076521
0.05,0.5,5,0.9414478436555132,0.8828956873110252
0.05,0.5,6,0.9415008881273872,0.8830017762547746
0.05,0.5,7,0.9415073039070952,0.8830146078141885
0.05,0.5,8,0.9415080759423846,0.8830161518847703
0.05,0.5,9,0.9415081685201863,0.8830163370403735
0.05,0.5,10,0.9415081795937489,0.8830163591875
0.05,0.5,11,0.9415081809158854,0.8830163618317711
0.05,0.5,12,0.9415081810735331,0.883016362147064
0.05,0.5,13,0.941508181092312,0.8830163621846225
0.05,0.5,14,0.9415081810945475,0.8830163621890937
0.05,0.5,15,0.9415081810948134,0.8830163621896259
0.05,0.5,16,0.9415081810948449,0.8830163621896898
0.05,0.5,17,0.9415081810948489,0.8830163621896983
0.05,0.5,18,0.9415081810948492,0.8830163621897014
0.05,0.5,19,0.9415081810948492,0.8830163621897014
0.05,0.5,20,0.9415081810948492,0.8830163621897014
0.05,0.5,21,0.9415081810948492,0.8830163621897014
0.05,0.5,22,0.9415081810948492,0.8830163621897014
0.05,0.5,23,0.9415081810948492,0.8830163621897014
0.05,0.5,24,0.9415081810948492,0.8830163621897014
0.05,0.5,25,0.9415081810948492,0.8830163621897014
0.05,0.5,26,0.9415081810948492,0.8830163621897014
0.05,0.5,27,0.9415081810948492,0.8830163621897014
0.05,0.5,28,0.9415081810948492,0.8830163621897014
0.05,0.5,29,0.9415081810948492,0.8830163621897014
0.05,0.5,30,0.9415081810948492,0.8830163621897014
0.05,0.5,31,0.9415081810948492,0.8830163621897014
0.05,0.5,32,0.9415081810948492,0.8830163621897014
0.05,0.5,33,0.9415081810948492,0.8830163621897014
0.05,0.5,34,0.9415081810948492,0.8830163621897014
0.05,0.5,35,0.9415081810948492,0.8830163621897014
0.05,0.5,36,0.9415081810948492,0.8830163621897014
0.05,0.5,37,0.9415081810948492,0.8830163621897014
0.05,0.5,38,0.9415081810948492,0.8830163621897014
0.05,0.5,39,0.9415081810948492,0.8830163621897014
0.05,0.5,40,0.9415081810948492,0.8830163621897014
0.05,0.8,0,0.3999999999999998,0.0
0.05,0.8,1,0.513501462179522,0.027002924359043917
0.05,0.8,2,0.6890519320909276,0.378103864181855
0.05,0.8,3,0.8573834098258951,0.7147668196517902
0.05,0.8,4,0.9266298154812989,0.8532596309625967
0.05,0.8,5,0.9395523297036604,0.8791046594073211
0.05,0.8,6,0.9412679626970408,0.8825359253940822
0.05,0.8,7,0.9414791154839413,0.8829582309678816
0.05,0.8,8,0.9415046844289776,0.8830093688579561
0.05,0.8,9,0.9415077619029563,0.8830155238059118
0.05,0.8,10,0.9415081309635344,0.8830162619270702
0.05,0.8,11,0.9415081751102362,0.8830163502204734
0.05,0.8,12,0.9415081803813371,0.8830163607626721
0.05,0.8,13,0.9415081810098616,0.8830163620197264
0.05,0.8,14,0.9415081810847332,0.8830163621694674
0.05,0.8,15,0.9415081810936459,0.8830163621872911
0.05,0.8,16,0.941508181094706,0.8830163621894097
0.05,0.8,17,0.9415081810948321,0.8830163621896668
0.05,0.8,18,0.9415081810948472,0.8830163621896949
0.05,0.8,19,0.9415081810948488,0.8830163621896989
0.05,0.8,20,0.941508181094849,0.8830163621896987
0.05,0.8,21,0.9415081810948492,0.8830163621896961
0.05,0.8,22,0.9415081810948494,0.8830163621896968
0.05,0.8,23,0.9415081810948494,0.8830163621897015
0.05,0.8,24,0.9415081810948494,0.8830163621897015
0.05,0.8,25,0.9415081810948494,0.8830163621897015
0.05,0.8,26,0.9415081810948494,0.8830163621897015
0.05,0.8,27,0.9415081810948494,0.8830163621897015
0.05,0.8,28,0.9415081810948494,0.8830163621897015
0.05,0.8,29,0.9415081810948494,0.8830163621897015
0.05,0.8,30,0.9415081810948494,0.8830163621897015
0.05,0.8,31,0.9415081810948494,0.8830163621897015
0.05,0.8,32,0.9415081810948494,0.8830163621897015
0.05,0.8,33,0.9415081810948494,0.8830163621897015
0.05,0.8,34,0.9415081810948494,0.8830163621897015
0.05,0.8,35,0.9415081810948494,0.8830163621897015
0.05,0.8,36,0.9415081810948494,0.8830163621897015
0.05,0.8,37,0.9415081810948494,0.8830163621897015
0.05,0.8,38,0.9415081810948494,0.8830163621897015
0.05,0.8,39,0.9415081810948494,0.8830163621897015
0.05,0.8,40,0.9415081810948494,0.8830163621897015
0.1,0.1,0,0.9249999999999999,0.8499999999999993
0.1,0.1,1,0.8742662098514387,0.7485324197028768
0.1,0.1,2,0.8626191399764803,0.7252382799529611
0.1,0.1,3,0.8592998157053482,0.7185996314106964
0.1,0.1,4,0.8583088940408894,0.7166177880817791
0.1,0.1,5,0.8580091164829128,0.7160182329658258
0.1,0.1,6,0.8579180524545136,0.7158361049090282
0.1,0.1,7,0.8578903522218595,0.7157807044437184
0.1,0.1,8,0.8578819221574183,0.715763844314836
0.1,0.1,9,0.8578793561163781,0.7157587122327569
0.1,0.1,10,0.8578785749635192,0.715757149927039
0.1,0.1,11,0.8578783371538217,0.7157566743076432
0.1,0.1,12,0.857878264754348,0.7157565295086971
0.1,0.1,13,0.8578782427124569,0.7157564854249127
0.1,0.1,14,0.8578782360017676,0.7157564720035354
0.1,0.1,15,0.8578782339586727,0.7157564679173452
0.1,0.1,16,0.857878233336642,0.7157564666732836
0.1,0.1,17,0.857878233147261,0.715756466294522
0.1,0.1,18,0.8578782330896025,0.7157564661792043
0.1,0.1,19,0.857878233072048,0.7157564661440958
0.1,0.1,20,0.8578782330667032,0.7157564661334068
0.1,0.1,21,0.8578782330650762,0.7157564661301515
0.1,0.1,22,0.8578782330645807,0.7157564661291618
0.1,0.1,23,0.8578782330644299,0.7157564661288597
0.1,0.1,24,0.8578782330643839,0.7157564661287683
0.1,0.1,25,0.85787823306437,0.7157564661287401
0.1,0.1,26,0.8578782330643657,0.7157564661287318
0.1,0.1,27,0.8578782330643646,0.7157564661287297
0.1,0.1,28,0.8578782330643641,0.7157564661287278
0.1,0.1,29,0.8578782330643641,0.7157564661287282
0.1,0.1,30,0.857878233064364,0.7157564661287291
0.1,0.1,31,0.857878233064364,0.7157564661287291
0.1,0.1,32,0.857878233064364,0.7157564661287291
0.1,0.1,33,0.857878233064364,0.7157564661287291
0.1,0.1,34,0.857878233064364,0.7157564661287291
0.1,0.1,35,0.857878233064364,0.7157564661287291
0.1,0.1,36,0.857878233064364,0.7157564661287291
0.1,0.1,37,0.857878233064364,0.7157564661287291
0.1,0.1,38,0.857878233064364,0.7157564661287291
0.1,0.1,39,0.857878233064364,0.7157564661287291
0.1,0.1,40,0.857878233064364,0.7157564661287291
0.1,0.5,0,0.625,0.25000000000000006
0.1,0.5,1,0.7279838510451813,0.4559677020903622
0.1,0.5,2,0.8016289283622697,0.6032578567245397
0.1,0.5,3,0.8377105690951184,0.6754211381902369
0.1,0.5,4,0.8513163681815151,0.7026327363630305
0.1,0.5,5,0.8558267767188074,0.7116535534376148
0.1,0.5,6,0.8572465244762199,0.7144930489524398
0.1,0.5,7,0.8576848518874243,0.7153697037748482
0.1,0.5,8,0.8578191829415509,0.7156383658831021
0.1,0.5,9,0.8578602236403567,0.7157204472807136
0.1,0.5,10,0.8578727440782057,0.7157454881564107
0.1,0.5,11,0.8578765607606889,0.7157531215213776
0.1,0.5,12,0.8578777236946573,0.7157554473893145
0.1,0.5,13,0.8578780779385128,0.715756155877025
0.1,0.5,14,0.8578781858263028,0.7157563716526059
0.1,0.5,15,0.8578782186806213,0.7157564373612425
0.1,0.5,16,0.8578782286847739,0.715756457369548
0.1,0.5,17,0.8578782317308944,0.7157564634617898
0.1,0.5,18,0.8578782326583649,0.7157564653167308
0.1,0.5,19,0.8578782329407515,0.7157564658815034
0.1,0.5,20,0.8578782330267285,0.7157564660534568
0.1,0.5,21,0.8578782330529053,0.7157564661058108
0.1,0.5,22,0.8578782330608752,0.715756466121751
0.1,0.5,23,0.8578782330633017,0.7157564661266026
0.1,0.5,24,0.8578782330640407,0.7157564661280804
0.1,0.5,25,0.8578782330642654,0.715756466128531
0.1,0.5,26,0.857878233064334,0.7157564661286683
0.1,0.5,27,0.8578782330643547,0.7157564661287099
0.1,0.5,28,0.8578782330643611,0.715756466128723
0.1,0.5,29,0.8578782330643632,0.7157564661287266
0.1,0.5,30,0.8578782330643638,0.7157564661287278
0.1,0.5,31,0.8578782330643641,0.7157564661287292
0.1,0.5,32,0.8578782330643641,0.7157564661287292
0.1,0.5,33,0.8578782330643641,0.7157564661287292
0.1,0.5,34,0.8578782330643641,0.7157564661287292
0.1,0.5,35,0.8578782330643641,0.7157564661287292
0.1,0.5,36,0.8578782330643641,0.7157564661287292
0.1,0.5,37,0.8578782330643641,0.7157564661287292
0.1,0.5,38,0.8578782330643641,0.7157564661287292
0.1,0.5,39,0.8578782330643641,0.7157564661287292
0.1,0.5,40,0.8578782330643641,0.7157564661287292
0.1,0.8,0,0.3999999999999998,0.0
0.1,0.8,1,0.46306537574535533,0.0
0.1,0.8,2,0.5511549418942956,0.1023098837885908
0.1,0.8,3,0.6578473269107761,0.3156946538215518
0.1,0.8,4,0.7555550677567392,0.5111101355134781
0.1,0.8,5,0.8167453732841541,0.6334907465683088
0.1,0.8,6,0.843779419689715,0.6875588393794301
0.1,0.8,7,0.853392363945653,0.7067847278913059
0.1,0.8,8,0.8564905724298345,0.7129811448596692
0.1,0.8,9,0.8574531733987408,0.7149063467974814
0.1,0.8,10,0.8577484830561075,0.7154969661122149
0.1,0.8,11,0.8578386792150614,0.7156773584301233
0.1,0.8,12,0.8578661821133156,0.7157323642266311
0.1,0.8,13,0.8578745625184487,0.7157491250368966
0.1,0.8,14,0.8578771152452112,0.7157542304904219
0.1,0.8,15,0.8578778926785919,0.7157557853571852
0.1,0.8,16,0.8578781294200292,0.7157562588400584
0.1,0.8,17,0.857878201506812,0.7157564030136242
0.1,0.8,18,0.8578782234559786,0.7157564469119562
0.1,0.8,19,0.8578782301389279,0.715756460277856
0.1,0.8,20,0.8578782321736745,0.7157564643473487
0.1,0.8,21,0.8578782327931832,0.7157564655863654
0.1,0.8,22,0.8578782329818002,0.7157564659636009
0.1,0.8,23,0.8578782330392267,0.7157564660784533
0.1,0.8,24,0.8578782330567106,0.7157564661134217
0.1,0.8,25,0.8578782330620338,0.7157564661240675
0.1,0.8,26,0.8578782330636545,0.7157564661273095
0.1,0.8,27,0.8578782330641479,0.715756466128296
0.1,0.8,28,0.8578782330642982,0.7157564661285956
0.1,0.8,29,0.857878233064344,0.7157564661286875
0.1,0.8,30,0.857878233064358,0.7157564661287166
0.1,0.8,31,0.8578782330643622,0.7157564661287242
0.1,0.8,32,0.8578782330643634,0.715756466128727
0.1,0.8,33,0.8578782330643637,0.7157564661287277
0.1,0.8,34,0.857878233064364,0.7157564661287276
0.1,0.8,35,0.857878233064364,0.7157564661287291
0.1,0.8,36,0.857878233064364,0.715756466128729
0.1,0.8,37,0.857878233064364,0.7157564661287291
0.1,0.8,38,0.857878233064364,0.7157564661287291
0.1,0.8,39,0.857878233064364,0.7157564661287291
0.1,0.8,40,0.857878233064364,0.7157564661287291
0.15,0.1,0,0.9249999999999999,0.8499999999999993
0.15,0.1,1,0.8046779906894101,0.6093559813788202
0.15,0.1,2,0.7633886014706687,0.5267772029413376
0.15,0.1,3,0.7435886575145285,0.4871773150290568
0.15,0.1,4,0.7329507888560818,0.46590157771216334
0.15,0.1,5,0.7269162900222093,0.4538325800444183
0.15,0.1,6,0.7233920394173223,0.4467840788346452
0.15,0.1,7,0.7212996504032448,0.4425993008064893
0.15,0.1,8,0.7200454037260482,0.4400908074520965
0.15,0.1,9,0.7192892855160221,0.4385785710320443
0.15,0.1,10,0.7188319123571921,0.43766382471438464
0.15,0.1,11,0.7185546839141835,0.4371093678283671
0.15,0.1,12,0.7183864400418969,0.43677288008379384
0.15,0.1,13,0.7182842605918871,0.43656852118377454
0.15,0.1,14,0.7182221761014435,0.4364443522028866
0.15,0.1,15,0.7181844431439262,0.43636888628785225
0.15,0.1,16,0.7181615064875663,0.4363230129751329
0.15,0.1,17,0.718147562638174,0.4362951252763481
0.15,0.1,18,0.7181390852613836,0.43627817052276735
0.15,0.1,19,0.7181339311218522,0.43626786224370456
0.15,0.1,20,0.7181307973998048,0.4362615947996099
0.15,0.1,21,0.7181288920680857,0.43625778413617183
0.15,0.1,22,0.7181277335995385,0.43625546719907704
0.15,0.1,23,0.7181270292308678,0.43625405846173626
0.15,0.1,24,0.7181266009614069,0.4362532019228136
0.15,0.1,25,0.7181263405650136,0.4362526811300268
0.15,0.1,26,0.7181261822386286,0.4362523644772571
0.15,0.1,27,0.7181260859728533,0.4362521719457063
0.15,0.1,28,0.7181260274412118,0.43625205488242336
0.15,0.1,29,0.7181259918527187,0.4362519837054374
0.15,0.1,30,0.7181259702141485,0.43625194042829707
0.15,0.1,31,0.718125957057431,0.43625191411486197
0.15,0.1,32,0.7181259490578622,0.436251898115724
0.15,0.1,33,0.7181259441939513,0.43625188838790224
0.15,0.1,34,0.7181259412365882,0.4362518824731762
0.15,0.1,35,0.7181259394384472,0.43625187887689443
0.15,0.1,36,0.7181259383451386,0.43625187669027704
0.15,0.1,37,0.7181259376803832,0.4362518753607667
0.15,0.1,38,0.7181259372761978,0.43625187455239517
0.15,0.1,39,0.7181259370304441,0.4362518740608879
0.15,0.1,40,0.7181259368810204,0.4362518737620414
0.15,0.5,0,0.625,0.25000000000000006
0.15,0.5,1,0.6497675024143826,0.2995350048287653
0.15,0.5,2,0.6708658389377384,0.34173167787547687
0.15,0.5,3,0.6867732919120352,0.3735465838240704
0.15,0.5,4,0.6979234846786674,0.3958469693573349
0.15,0.5,5,0.7053692992342612,0.41073859846852295
0.15,0.5,6,0.7101804048916351,0.4203608097832702
0.15,0.5,7,0.7132212551556714,0.42644251031134256
0.15,0.5,8,0.7151156724502962,0.43023134490059206
0.15,0.5,9,0.7162850299570668,0.4325700599141332
0.15,0.5,10,0.7170026595367894,0.4340053190735787
0.15,0.5,11,0.7174414834553797,0.43488296691075945
0.15,0.5,12,0.7177092263732557,0.43541845274651164
0.15,0.5,13,0.7178723648227419,0.4357447296454835
0.15,0.5,14,0.7179716843973627,0.43594336879472506
0.15,0.5,15,0.7180321201771327,0.4360642403542655
0.15,0.5,16,0.7180688839424794,0.4361377678849588
0.15,0.5,17,0.7180912435771993,0.43618248715439895
0.15,0.5,18,0.718104841109715,0.4362096822194293
0.15,0.5,19,0.7181131095870392,0.43622621917407867
0.15,0.5,20,0.7181181373265262,0.4362362746530522
0.15,0.5,21,0.7181211944215157,0.43624238884303146
0.15,0.5,22,0.7181230532459888,0.4362461064919776
0.15,0.5,23,0.7181241834679704,0.4362483669359408
0.15,0.5,24,0.71812487067349,0.4362497413469794
0.15,0.5,25,0.7181252885115758,0.4362505770231511
0.15,0.5,26,0.7181255425670126,0.4362510851340249
0.15,0.5,27,0.7181256970385284,0.4362513940770568
0.15,0.5,28,0.7181257909606699,0.43625158192133917
0.15,0.5,29,0.7181258480674085,0.4362516961348169
0.15,0.5,30,0.7181258827895584,0.43625176557911666
0.15,0.5,31,0.7181259039013834,0.4362518078027664
0.15,0.5,32,0.7181259167378327,0.43625183347566504
0.15,0.5,33,0.7181259245426727,0.4362518490853453
0.15,0.5,34,0.718125929288185,0.43625185857636967
0.15,0.5,35,0.718125932173559,0.43625186434711843
0.15,0.5,36,0.7181259339279293,0.4362518678558587
0.15,0.5,37,0.7181259349946245,0.436251869989249
0.15,0.5,38,0.718125935643198,0.4362518712863962
0.15,0.5,39,0.7181259360375449,0.4362518720750896
0.15,0.5,40,0.7181259362773162,0.43625187255463266
0.15,0.8,0,0.3999999999999998,0.0
0.15,0.8,1,0.4198015164545771,0.0
0.15,0.8,2,0.4437612746387771,0.0
0.15,0.8,3,0.4719238059341476,0.0
0.15,0.8,4,0.5038880263192421,0.007776052638484243
0.15,0.8,5,0.5385748189209784,0.07714963784195669
0.15,0.8,6,0.5741243818038089,0.14824876360761774
0.15,0.8,7,0.6081110340295346,0.216222068059069
0.15,0.8,8,0.6381446167944119,0.276289233588824
0.15,0.8,9,0.6626095611633884,0.32521912232677685
0.15,0.8,10,0.6810753349554843,0.36215066991096867
0.15,0.8,11,0.6941414253483993,0.3882828506967984
0.15,0.8,12,0.702936657072009,0.4058733141440183
0.15,0.8,13,0.7086489820497168,0.4172979640994331
0.15,0.8,14,0.7122702510075931,0.4245405020151861
0.15,0.8,15,0.7145300393347318,0.4290600786694635
0.15,0.8,16,0.7159262218537921,0.43185244370758397
0.15,0.8,17,0.7167834946232379,0.43356698924647574
0.15,0.8,18,0.7173078599753249,0.43461571995064996
0.15,0.8,19,0.7176278465851007,0.4352556931702013
0.15,0.8,20,0.7178228353387733,0.43564567067754656
0.15,0.8,21,0.7179415516089432,0.4358831032178862
0.15,0.8,22,0.7180137923096567,0.4360275846193136
0.15,0.8,23,0.7180577378433621,0.4361154756867242
0.15,0.8,24,0.7180844656493177,0.4361689312986359
0.15,0.8,25,0.718100719670667,0.43620143934133376
0.15,0.8,26,0.7181106035493937,0.4362212070987873
0.15,0.8,27,0.7181166135601477,0.43623322712029544
0.15,0.8,28,0.7181202679235891,0.43624053584717787
0.15,0.8,29,0.7181224899097501,0.43624497981950083
0.15,0.8,30,0.7181238409453645,0.43624768189072954
0.15,0.8,31,0.7181246624116115,0.43624932482322354
0.15,0.8,32,0.7181251618835833,0.4362503237671665
0.15,0.8,33,0.7181254655743561,0.4362509311487121
0.15,0.8,34,0.7181256502252913,0.4362513004505818
0.15,0.8,35,0.7181257624971951,0.43625152499438963
0.15,0.8,36,0.7181258307609946,0.43625166152198924
0.15,0.8,37,0.7181258722668822,0.4362517445337643
0.15,0.8,38,0.7181258975033677,0.43625179500673533
0.15,0.8,39,0.7181259128477003,0.43625182569540033
0.15,0.8,40,0.7181259221773879,0.4362518443547757
0.19,0.1,0,0.9249999999999999,0.8499999999999993
0.19,0.1,1,0.7465048588674192,0.4930097177348386
0.19,0.1,2,0.672815815754932,0.3456316315098639
0.19,0.1,3,0.6279934553907736,0.2559869107815469
0.19,0.1,4,0.5963050797216792,0.19261015944335844
0.19,0.1,5,0.5719199590261302,0.1438399180522606
0.19,0.1,6,0.5520873512021084,0.10417470240421675
0.19,0.1,7,0.5353115574241666,0.07062311484833314
0.19,0.1,8,0.5206980245416258,0.04139604908325145
0.19,0.1,9,0.5076736456418562,0.015347291283712594
0.19,0.1,10,0.49585165774459905,0.0
0.19,0.1,11,0.48496028285634135,0.0
0.19,0.1,12,0.4748023587002644,0.0
0.19,0.1,13,0.46523122658351235,0.0
0.19,0.1,14,0.4561356849143667,0.0
0.19,0.1,15,0.44743025812768944,0.0
0.19,0.1,16,0.43904871494232167,0.0
0.19,0.1,17,0.4309396430392123,0.0
0.19,0.1,18,0.4230633622920964,0.0
0.19,0.1,19,0.41538972784884964,0.0
0.19,0.1,20,0.40789653226238237,0.0
0.19,0.1,21,0.40056831138672677,0.0
0.19,0.1,22,0.3933954182822184,0.0
0.19,0.1,23,0.38637326777173797,0.0
0.19,0.1,24,0.3795016802583382,0.0
0.19,0.1,25,0.37278427222425614,0.0
0.19,0.1,26,0.36622785573337013,0.0
0.19,0.1,27,0.35984182221463273,0.0
0.19,0.1,28,0.3536374978611988,0.0
0.19,0.1,29,0.3476274694804088,0.0
0.19,0.1,30,0.34182489035260777,0.0
0.19,0.1,31,0.33624278496909094,0.0
0.19,0.1,32,0.3308933785668466,0.0
0.19,0.1,33,0.32578748131568136,0.0
0.19,0.1,34,0.320933957249931,0.0
0.19,0.1,35,0.31633930443532987,0.0
0.19,0.1,36,0.3120073658466111,0.0
0.19,0.1,37,0.30793918096436423,0.0
0.19,0.1,38,0.3041329775200222,0.0
0.19,0.1,39,0.300584292591479,0.0
0.19,0.1,40,0.2972862036943005,0.0
0.19,0.5,0,0.625,0.25000000000000006
0.19,0.5,1,0.5910186157705901,0.18203723154118023
0.19,0.5,2,0.5668065099711973,0.13361301994239438
0.19,0.5,3,0.5474794798503854,0.09495895970077062
0.19,0.5,4,0.5311864231060925,0.06237284621218517
0.19,0.5,5,0.5169751950787583,0.03395039015751661
0.19,0.5,6,0.5042754173055403,0.008550834611080554
0.19,0.5,7,0.49271396970321385,0.0
0.19,0.5,8,0.48203247368116475,0.0
0.19,0.5,9,0.4720447527089091,0.0
0.19,0.5,10,0.4626127348536707,0.0
0.19,0.5,11,0.45363187178826964,0.0
0.19,0.5,12,0.4450218788591679,0.0
0.19,0.5,13,0.4367206333974161,0.0
0.19,0.5,14,0.4286800348209766,0.0
0.19,0.5,15,0.42086312611478016,0.0
0.19,0.5,16,0.41324204646232154,0.0
0.19,0.5,17,0.4057965390895038,0.0
0.19,0.5,18,0.39851283003411386,0.0
0.19,0.5,19,0.39138275003997586,0.0
0.19,0.5,20,0.38440300805153016,0.0
0.19,0.5,21,0.37757454940196705,0.0
0.19,0.5,22,0.3709019498267175,0.0
0.19,0.5,23,0.36439281096536563,0.0
0.19,0.5,24,0.35805713583508864,0.0
0.19,0.5,25,0.35190667476266463,0.0
0.19,0.5,26,0.3459542436521346,0.0
0.19,0.5,27,0.34021302690564287,0.0
0.19,0.5,28,0.3346958860991539,0.0
0.19,0.5,29,0.3294147017723279,0.0
0.19,0.5,30,0.3243797786298088,0.0
0.19,0.5,31,0.3195993435919099,0.0
0.19,0.5,32,0.3150791614949614,0.0
0.19,0.5,33,0.3108222854125529,0.0
0.19,0.5,34,0.3068289486393622,0.0
0.19,0.5,35,0.3030965947532151,0.0
0.19,0.5,36,0.29962003229917644,0.0
0.19,0.5,37,0.29639169274937616,0.0
0.19,0.5,38,0.2934019652851976,0.0
0.19,0.5,39,0.29063957990845746,0.0
0.19,0.5,40,0.28809201121053435,0.0
0.19,0.8,0,0.3999999999999998,0.0
0.19,0.8,1,0.3900470987910937,0.0
0.19,0.8,2,0.3813136905020665,0.0
0.19,0.8,3,0.37333580042454717,0.0
0.19,0.8,4,0.3658851900923051,0.0
0.19,0.8,5,0.35884330075837567,0.0
0.19,0.8,6,0.3521475152010968,0.0
0.19,0.8,7,0.3457655258545643,0.0
0.19,0.8,8,0.3396819731812901,0.0
0.19,0.8,9,0.33389092961084954,0.0
0.19,0.8,10,0.32839138313359395,0.0
0.19,0.8,11,0.32318437726989013,0.0
0.19,0.8,12,0.3182711421551224,0.0
0.19,0.8,13,0.31365187259441585,0.0
0.19,0.8,14,0.30932496476069005,0.0
0.19,0.8,15,0.3052865986864143,0.0
0.19,0.8,16,0.3015305892979273,0.0
0.19,0.8,17,0.2980484449829488,0.0
0.19,0.8,18,0.2948295804132287,0.0
0.19,0.8,19,0.2918616352846042,0.0
0.19,0.8,20,0.2891308555633012,0.0
0.19,0.8,21,0.28662249976300536,0.0
0.19,0.8,22,0.2843212397344098,0.0
0.19,0.8,23,0.2822115329395502,0.0
0.19,0.8,24,0.2802779505681031,0.0
0.19,0.8,25,0.2785054525596332,0.0
0.19,0.8,26,0.27687960622836977,0.0
0.19,0.8,27,0.2753867495533054,0.0
0.19,0.8,28,0.2740141032839591,0.0
0.19,0.8,29,0.2727498379392259,0.0
0.19,0.8,30,0.27158310273751474,0.0
0.19,0.8,31,0.27050402371377436,0.0
0.19,0.8,32,0.26950367797021973,0.0
0.19,0.8,33,0.26857405036298293,0.0
0.19,0.8,34,0.2677079781003273,0.0
0.19,0.8,35,0.2668990878349584,0.0
0.19,0.8,36,0.26614172895384225,0.0
0.19,0.8,37,0.26543090595508145,0.0
0.19,0.8,38,0.26476221208137835,0.0
0.19,0.8,39,0.264131765765447,0.0
0.19,0.8,40,0.2635361509351496,0.0
