circuit,q,branch,coord1,coord2,fidelity,lambda1,lambda2,spectral_radius,stable,residual
Type3,0.001,origin,0.0,0.0,0.25,1.989024970019993,1.988029960029988,1.989024970019993,False,0.0
Type3,0.001,offplane,0.0,0.99648932757202368137,0.49912233189300592034,1.99549058353622,0.005517793967109765,1.99549058353622,False,7.77877e-62
Type3,0.001,main0,0.9969949146282251374,0.99749466329378983057,0.99787112313756002634,0.002971006959595499,0.00154810064997285,0.002971006959595499,True,1.55575e-61
Type3,0.001,main1,0.33177222917861700354,-0.33160508898186322506,0.3329848423438426955,1.99324125473971,0.008758795754849217,1.99324125473971,False,3.88938e-62
Type3,0.005,origin,0.0,0.0,0.25,1.945621262478141,1.940745018712531,1.945621262478141,False,0.0
Type3,0.005,offplane,0.0,0.98222832271762458077,0.49555708067940614519,1.977260331933871,0.02794929237800223,1.977260331933871,False,0.0
Type3,0.005,main0,0.98487052402996947055,0.98736410399588494535,0.98927628801395597161,0.0151384935136152,0.007846996800474285,0.0151384935136152,True,7.77877e-62
Type3,0.005,main1,0.32541447056109716062,-0.32456916675739122151,0.33156494359120077493,1.966028655877451,0.04396813772258251,1.966028655877451,False,3.88938e-62
Type3,0.01,origin,0.0,0.0,0.25,1.892470199301,1.882960298802,1.892470199301,False,0.0
Type3,0.01,offplane,0.0,0.96388777578864609082,0.4909719439471615227,1.954018992995738,0.05681981187271379,1.954018992995738,False,0.0
Type3,0.01,main0,0.9694698700971375249,0.97444347611497462792,0.97834580407731241943,0.03101114764272468,0.01597136450703278,0.03101114764272468,True,0.0
Type3,0.01,main1,0.31720105127794650886,-0.31548582905615109851,0.32972906837493547981,1.931600472543754,0.08836299712432713,1.931600472543754,False,7.77877e-62
Type3,0.02,origin,0.0,0.0,0.25,1.789763177664,1.771684761728,1.789763177664,False,0.0
Type3,0.02,offplane,0.0,0.92532924695270512935,0.48133231173817628234,1.905881476781466,0.1174662798741905,1.905881476781466,False,7.77877e-62
Type3,0.02,main0,0.93777399336304666482,0.94766226040816603228,0.95580256178356484048,0.06514242096884506,0.03313479173441773,0.06514242096884506,True,1.55575e-61
Type3,0.02,main1,0.29980824149633041503,-0.29627514176409823567,0.3258353353071406486,1.861279873657494,0.1783641770168675,1.861279873657494,False,0.0
Type3,0.03,origin,0.0,0.0,0.25,1.691706030629,1.665944009858,1.691706030629,False,0.0
Type3,0.03,offplane,0.0,0.88392885755972333265,0.47098221438993083316,1.855239585617189,0.1822384999457453,1.855239585617189,False,0.0
Type3,0.03,main0,0.90472741446745612475,0.91946063786160174514,0.93222886669912849866,0.1028012298639496,0.05168165580710931,0.1028012298639496,True,1.55575e-61
Type3,0.03,main1,0.28096637357139300472,-0.27550405666502054855,0.32160717261944136522,1.788824080716882,0.2698327365040894,1.788824080716882,False,3.88938e-62
Type3,0.05,origin,0.0,0.0,0.25,1.508872828125,1.47018378125,1.508872828125,False,0.0
Type3,0.05,offplane,0.0,0.79041908937295701381,0.44760477234323925345,1.744510907594163,0.3254927537434012,1.744510907594163,False,0.0
Type3,0.05,main0,0.83359654208705580372,0.85775408525707166266,0.88123679235779581753,0.1907412863087366,0.09397661603043452,0.1907412863087366,True,7.77877e-62
Type3,0.05,main1,0.23792115108594912221,-0.22823234612663688006,0.31190248901131534109,1.636355144379641,0.45614286262431,1.636355144379641,False,5.83408e-62
Type3,0.07,origin,0.0,0.0,0.25,1.342678552749,1.293980366898,1.342678552749,False,0.0
Type3,0.07,offplane,0.0,0.67682682803553624074,0.41920670700888406018,1.616009274687097,0.489559802608897,1.616009274687097,False,0.0
Type3,0.07,main0,0.75328642800557197549,0.78637815645402991344,0.82323775311629346611,0.3001541282660743,0.1459298960636568,0.3001541282660743,True,7.77877e-62
Type3,0.07,main1,0.18514106756802051188,-0.17071196176376442671,0.29989254334306914926,1.470849088101261,0.6441758421436508,1.470849088101261,False,1.94469e-62
Type3,0.1,origin,0.0,0.0,0.25,1.121931,1.062882,1.121931,False,0.0
Type3,0.1,offplane,0.0,0.43109407006043842821,0.35777351751510960705,1.355773329530942,0.7826408219400302,1.355773329530942,False,0.0
Type3,0.1,main0,0.60225634494270713743,0.64716054779699083617,0.71291830942060127776,0.5256785941766503,0.2575306883932259,0.5256785941766503,True,7.77877e-62
Type3,0.1,main1,0.071918732466794968927,-0.051160547796990836169,0.27316922928414977542,1.179784417518826,0.9158203993918015,1.179784417518826,False,9.72346e-63
Type3,0.12,origin,0.0,0.0,0.25,0.992136003584,0.928808173568,0.992136003584,True,0.0
Type3,0.12,main0,0.45074396479764130931,0.50119348903324839427,0.60067035465713275322,0.7540388006753408,0.3919064083923833,0.7540388006753408,True,7.77877e-62
Type3,0.12,main1,0.033203633422611944341,0.08246280726304790203,0.28721751852706794768,1.029314173323469,0.946750181090616,1.029314173323469,False,9.72346e-63
Type3,0.13,origin,0.0,0.0,0.25,0.932047121709,0.867252402018,0.932047121709,True,0.0
Type3,0.13,main0,0.28809767587406874842,0.33834956974698044886,0.47863623037377948643,0.9567314504115163,0.5693995626101696,0.9567314504115163,True,3.88938e-62
Type3,0.13,main1,0.19150577362837677051,0.23937117791657095301,0.40559568129333112351,1.031606324366362,0.6962660149641404,1.031606324366362,False,0.0
Type3,0.14,origin,0.0,0.0,0.25,0.874994252736,0.809134470272,0.874994252736,True,0.0
Type3,0.15,origin,0.0,0.0,0.25,0.820854828125,0.75429903125,0.820854828125,True,0.0
Type3,0.16,origin,0.0,0.0,0.25,0.769509974016,0.702596063232,0.769509974016,True,0.0
Type3,0.17,origin,0.0,0.0,0.25,0.720844437669,0.653880746738,0.720844437669,True,0.0
Type3,0.175,origin,0.0,0.0,0.25,0.6974813693847656,0.6305995942382812,0.6974813693847656,True,0.0
Type3,0.18,origin,0.0,0.0,0.25,0.674746514624,0.608013342848,0.674746514624,True,0.0
Type3,0.1805,origin,0.0,0.0,0.25,0.6725070623529664,0.6057922919464204,0.6725070623529664,True,0.0
Type3,0.181,origin,0.0,0.0,0.25,0.6702737445340201,0.6035780063478422,0.6702737445340201,True,0.0
Type3,0.185,origin,0.0,0.0,0.25,0.6526264529157656,0.5861052993127812,0.6526264529157656,True,0.0
Type3,0.19,origin,0.0,0.0,0.25,0.631107976581,0.564859072962,0.631107976581,True,0.0
Type3,0.2,origin,0.0,0.0,0.25,0.589824,0.524288,0.589824,True,0.0
Type3,0.22,origin,0.0,0.0,0.25,0.513917037504,0.450399201408,0.513917037504,True,0.0
Type3,0.25,origin,0.0,0.0,0.25,0.415283203125,0.35595703125,0.415283203125,True,0.0
Type3,0.3,origin,0.0,0.0,0.25,0.285719,0.235298,0.285719,True,0.0
Type4,0.001,origin,0.0,0.0,0.25,1.993008995001,1.992011992002,1.993008995001,False,0.0
Type4,0.001,offplane,0.0,0.99749586264555202565,0.49937396566138800641,1.996496615090452,0.003507763896969513,1.996496615090452,False,0.0
Type4,0.001,main0,0.99749811829069408299,0.99799799285150878618,0.99824855735822423804,0.00200651902769041,0.001253007612150319,0.00200651902769041,True,7.77877e-62
Type4,0.001,main1,0.33227543296810899505,-0.33210841853958218068,0.33311061184915895236,1.995496990594297,0.005754374413891718,1.995496990594297,False,0.0
Type4,0.005,origin,0.0,0.0,0.25,1.965224375625,1.96029900125,1.965224375625,False,0.0
Type4,0.005,offplane,0.0,0.9873953093144305577,0.49684882732860763943,1.982414368689582,0.01769549818653166,1.982414368689582,False,0.0
Type4,0.005,main0,0.98745227523143909079,0.98994909447635743979,0.99121341123480890534,0.0101649030791722,0.006325966199908621,0.0101649030791722,True,0.0
Type4,0.005,main1,0.32799623871264979014,-0.32715415723786371594,0.33220958004685896609,1.977423808635479,0.02885928967665196,1.977423808635479,False,0.0
Type4,0.01,origin,0.0,0.0,0.25,1.93089501,1.92119202,1.93089501,False,0.0
Type4,0.01,offplane,0.0,0.97457475310666605114,0.49364368827666651278,1.96465226691015,0.03578909761644679,1.96465226691015,False,7.77877e-62
Type4,0.01,main0,0.97480558700643274688,0.97979263213043409609,0.98235095153582489746,0.02066947743814403,0.01280788151836767,0.02066947743814403,True,7.77877e-62
Type4,0.01,main1,0.32253691572411326225,-0.32083498507161056667,0.33105971159415398946,1.954690306934292,0.05793669204541509,1.954690306934292,False,3.88938e-62
Type4,0.02,origin,0.0,0.0,0.25,1.86356016,1.84473632,1.86356016,False,0.0
Type4,0.02,offplane,0.0,0.94824426196076945459,0.48706106549019236365,1.928565026991469,0.07321461519117258,1.928565026991469,False,0.0
Type4,0.02,main0,0.94919274916178828555,0.95913896118327279757,0.96438111487671234217,0.04276005297530256,0.02626563017564845,0.04276005297530256,True,7.77877e-62
Type4,0.02,main1,0.31122840857314405048,-0.30775184253920500096,0.328676243651770775,1.908719697764359,0.1167413941782449,1.908719697764359,False,3.88938e-62
Type4,0.03,origin,0.0,0.0,0.25,1.79796581,1.77058562,1.79796581,False,0.0
Type4,0.03,offplane,0.0,0.92091682518886120897,0.48022920629721530224,1.891664284703752,0.1123682045989517,1.891664284703752,False,0.0
Type4,0.03,main0,0.9231121598897691485,0.93798633508753793537,0.94605266371676905809,0.06640539417165017,0.04043094077188047,0.06640539417165017,True,0.0
Type4,0.03,main1,0.29935690393805232429,-0.29402975389095673879,0.32617101349628697745,1.862018848683803,0.1764005523055363,1.862018848683803,False,3.88938e-62
Type4,0.05,origin,0.0,0.0,0.25,1.67188125,1.6290125,1.67188125,False,0.0
Type4,0.05,offplane,0.0,0.86282487157172867573,0.46570621789293216893,1.815060131275018,0.1962572102534196,1.815060131275018,False,0.0
Type4,0.05,main0,0.86930994660136983588,0.89393014103866742892,0.90813750856035177517,0.1189771397904339,0.07116889769347443,0.1189771397904339,True,7.77877e-62
Type4,0.05,main1,0.27367662537997711799,-0.26440840190823264631,0.32073621221293039742,1.766090622494285,0.2981823497308677,1.766090622494285,False,0.0
Type4,0.07,origin,0.0,0.0,0.25,1.55240901,1.49610402,1.55240901,False,0.0
Type4,0.07,offplane,0.0,0.79918519177225960405,0.44979629794306490101,1.733929770309017,0.2883202732764351,1.733929770309017,False,0.0
Type4,0.07,main0,0.81281254568904982206,0.8469971541637662818,0.86815556138546648148,0.1798284343854577,0.1057392494091285,0.1798284343854577,True,7.77877e-62
Type4,0.07,main1,0.24487411484257703933,-0.23133095947350079508,0.31460431755291332089,1.666069920046575,0.4229576435289462,1.666069920046575,False,1.94469e-62
Type4,0.1,origin,0.0,0.0,0.25,1.3851,1.3122,1.3851,False,0.0
Type4,0.1,offplane,0.0,0.68951584373778685403,0.42237896093444671351,1.600593957225272,0.4439390657714244,1.600593957225272,False,0.0
Type4,0.1,main0,0.72106201409540377901,0.76911916802716042317,0.8028107990544919953,0.290941848422285,0.1672490439363446,0.290941848422285,True,0.0
Type4,0.1,main1,0.19366052801618610879,-0.17311916802716042317,0.3035504720013029486,1.505503021478261,0.6143098446144154,1.505503021478261,False,3.88938e-62
Type4,0.12,origin,0.0,0.0,0.25,1.28116736,1.19939072,1.28116736,False,0.0
Type4,0.12,offplane,0.0,0.60255928003011722194,0.40063982000752930549,1.500268262155854,0.5610762984158447,1.500268262155854,False,0.0
Type4,0.12,main0,0.65307575246666917798,0.70992388790721855772,0.75401884821013922842,0.3824034586677565,0.2174894700709747,0.3824034586677565,True,7.77877e-62
Type4,0.12,main1,0.15160958969041862491,-0.12626759161092226143,0.2942378969424787471,1.388081329660904,0.7429632678355623,1.388081329660904,False,0.0
Type4,0.13,origin,0.0,0.0,0.25,1.23140061,1.14579522,1.23140061,False,0.0
Type4,0.13,offplane,0.0,0.55292088836092724213,0.38823022209023181053,1.444963821255622,0.6241668095324397,1.444963821255622,False,0.0
Type4,0.13,main0,0.61610017483189273637,0.67714871204764543321,0.72733726542785772649,0.4349352384266587,0.2466242017507455,0.4349352384266587,True,7.77877e-62
Type4,0.13,main1,0.12692820056951636849,-0.099427964384094031341,0.28860710918873467641,1.324630253161841,0.8069629318256612,1.324630253161841,False,1.94469e-62
Type4,0.14,origin,0.0,0.0,0.25,1.18306416,1.09401632,1.18306416,False,0.0
Type4,0.14,offplane,0.0,0.4975116012736173691,0.37437790031840434228,1.384795674296033,0.6905253895951002,1.384795674296033,False,0.0
Type4,0.14,main0,0.57641137532283721642,0.64148880696521213781,0.69857788940272164266,0.4930764473486906,0.2794130328663414,0.4930764473486906,True,0.0
Type4,0.14,main1,0.098522387637901915639,-0.069543146587853647245,0.28187540717198754601,1.256479953459303,0.8705018421681268,1.256479953459303,False,9.72346e-63
Type4,0.15,origin,0.0,0.0,0.25,1.13613125,1.0440125,1.13613125,False,0.0
Type4,0.15,offplane,0.0,0.43407021899377183379,0.35851755474844295845,1.317794255291574,0.760359993618695,1.317794255291574,False,0.0
Type4,0.15,main0,0.53310455336998821844,0.60199159626950573303,0.66705017575237054248,0.558027856603279,0.3170888272303559,0.558027856603279,True,0.0
Type4,0.15,main1,0.063715199752126313999,-0.035658262936172399699,0.27294303414202005707,1.180803530508048,0.9341930045090862,1.180803530508048,False,9.72346e-63
Type4,0.16,origin,0.0,0.0,0.25,1.09057536,0.99574272,1.09057536,False,0.0
Type4,0.16,offplane,0.0,0.35828262574299783111,0.33957065643574945778,1.240171093069694,0.8338943582954231,1.240171093069694,False,0.0
Type4,0.16,main0,0.48465026533382812291,0.55705357448596398821,0.6315885262884050585,0.631621332218071,0.3617519915676112,0.631621332218071,True,7.77877e-62
Type4,0.17,origin,0.0,0.0,0.25,1.04637021,0.94916642,1.04637021,False,0.0
Type4,0.17,offplane,0.0,0.25944269021869003647,0.31486067255467250912,1.142445281837719,0.9113693995550581,1.142445281837719,False,0.0
Type4,0.17,main0,0.42803805381978263393,0.50353396084434211192,0.58990251712097684495,0.7170852680396872,0.417566672684633,0.7170852680396872,True,0.0
Type4,0.175,origin,0.0,0.0,0.25,1.024766015625,0.92650078125,1.024766015625,False,0.0
Type4,0.175,offplane,0.0,0.19075420605009864222,0.29768855151252466056,1.076572295880911,0.951665033290755,1.076572295880911,False,0.0
Type4,0.175,main0,0.39466175318167135854,0.47146774121622619609,0.56519781189489222829,0.7662307407015268,0.4524522274422743,0.7662307407015268,True,7.77877e-62
Type4,0.18,origin,0.0,0.0,0.25,1.00348976,0.90424352,1.00348976,False,0.0
Type4,0.18,offplane,0.0,0.072041695904802075978,0.26801042397620051899,0.9930447521457518,0.9660155941120195,0.9930447521457518,True,0.0
Type4,0.18,main0,0.35530517763362861547,0.43317577998390044305,0.5359465338127894185,0.8219953138703494,0.4956196712251562,0.8219953138703494,True,3.88938e-62
Type4,0.18,main1,0.028280708457342978861,0.11732147491806034127,0.29347072295818657475,1.019872337982754,0.9529065251552841,1.019872337982754,False,1.94469e-62
Type4,0.1805,origin,0.0,0.0,0.25,1.001380047065062,0.902040064380125,1.001380047065062,False,0.0
Type4,0.1805,offplane,0.0,0.045331280916484518371,0.26133282022912112959,0.9972437096802412,0.9416312005617577,0.9972437096802412,True,0.0
Type4,0.1805,main0,0.35087796835983778835,0.42883653770463059166,0.53264811860607654209,0.8280756011884795,0.5006194297037748,0.8280756011884795,True,3.88938e-62
Type4,0.1805,main1,0.035125809771835158667,0.12140976533607563688,0.29791534621993648855,1.0243815460484,0.9427092071812189,1.0243815460484,False,9.72346e-63
Type4,0.181,origin,0.0,0.0,0.25,0.999273578121,0.899840638242,0.999273578121,True,0.0
Type4,0.181,main0,0.34633226889283892227,0.42437460329432936445,0.52925978527000180225,0.8342718902007276,0.5057841459869933,0.8342718902007276,True,3.88938e-62
Type4,0.181,main1,0.041357674847409071702,0.12562118041518977196,0.30208413252750197884,1.027979414790902,0.9331556866310104,1.027979414790902,False,1.94469e-62
Type4,0.185,origin,0.0,0.0,0.25,0.982538225625,0.88238970125,0.982538225625,True,0.0
Type4,0.185,main0,0.30390427432391737426,0.38241781432619141301,0.49755659074350654038,0.8894827228599448,0.5555589537905253,0.8894827228599448,True,0.0
Type4,0.185,main1,0.088015541792406546456,0.16558942705311893182,0.33540512765948300618,1.041051504014637,0.8588282410489314,1.041051504014637,False,1.94469e-62
Type4,0.19,origin,0.0,0.0,0.25,0.96190821,0.86093442,0.96190821,True,0.0
Type4,0.2,origin,0.0,0.0,0.25,0.9216,0.8192,0.9216,True,0.0
Type4,0.22,origin,0.0,0.0,0.25,0.84470256,0.74030112,0.84470256,True,0.0
Type4,0.25,origin,0.0,0.0,0.25,0.73828125,0.6328125,0.73828125,True,0.0
Type4,0.3,origin,0.0,0.0,0.25,0.5831,0.4802,0.5831,True,0.0
4Q,0.001,origin,0.0,0.0,0.25,1.993008995001,1.991015986005999,1.993008995001,False,0.0
4Q,0.001,offplane,0.99899397892874249179,0.0,0.49974849473218562295,1.996495737833781,0.003507763896969513,1.996495737833781,False,7.77877e-62
4Q,0.001,main0,0.99899673946362937294,0.9984958628977366917,0.99899711631477568909,0.001792594203860094,0.001718187140917242,0.001792594203860094,True,7.77877e-62
4Q,0.001,main1,-0.3321069970660932553,0.33260737111925981126,0.3332769362931065918,1.995743927571232,0.006255683829896896,1.995743927571232,False,3.88938e-62
4Q,0.005,origin,0.0,0.0,0.25,1.965224375625,1.955398253746875,1.965224375625,False,0.0
4Q,0.005,offplane,0.99484732980741496336,0.0,0.49871183245185374084,1.982392208213119,0.01769549818653166,1.982392208213119,False,7.77877e-62
4Q,0.005,main0,0.99491741442071679687,0.99239534196265040322,0.99492702458650440083,0.00930785132472575,0.008464864967144353,0.00930785132472575,True,7.77877e-62
4Q,0.005,main1,-0.32711813200198892258,0.32962738382629935073,0.33303415891265244472,1.978597176876446,0.03139171374662496,1.978597176876446,False,3.88938e-62
4Q,0.01,origin,0.0,0.0,0.25,1.93089501,1.9115860599,1.93089501,False,0.0
4Q,0.01,offplane,0.98937826330213096408,0.0,0.49734456582553274102,1.964562448102933,0.03578909761644679,1.964562448102933,False,0.0
4Q,0.01,main0,0.98966412351498391741,0.98457502616547767087,0.98970354396148481479,0.01926580242636729,0.01684142492860678,0.01926580242636729,True,7.77877e-62
4Q,0.01,main1,-0.32068837008496552167,0.325724833495092181,0.33269032422630471008,1.95688346111269,0.06306480541649834,1.95688346111269,False,3.88938e-62
4Q,0.02,origin,0.0,0.0,0.25,1.86356016,1.8262889568,1.86356016,False,0.0
4Q,0.02,offplane,0.977419749057861599,0.0,0.49435493726446539975,1.928195885853707,0.07321461519117258,1.928195885853707,False,0.0
4Q,0.02,main0,0.9786097299979798608,0.96824665472709014957,0.97877575986304003999,0.04082909309888361,0.03373711115787206,0.04082909309888361,True,7.77877e-62
4Q,0.02,main1,-0.3071442377255757874,0.31728503628388202056,0.33185645871054706343,1.912489173269635,0.1272408398411685,1.912489173269635,False,3.88938e-62
4Q,0.03,origin,0.0,0.0,0.25,1.79796581,1.7440268357,1.79796581,False,0.0
4Q,0.03,offplane,0.96396841944591510778,0.0,0.49099210486147877695,1.890810036402702,0.1123682045989517,1.890810036402702,False,0.0
4Q,0.03,main0,0.96675839535384471778,0.95092569826606442921,0.96715244797149339405,0.06454261515242622,0.0510612836362286,0.06454261515242622,True,7.77877e-62
4Q,0.03,main1,-0.2926116466058281231,0.307914544187907548,0.33080436044249674322,1.866740917941806,0.1924940453793138,1.866740917941806,False,7.77877e-62
4Q,0.05,origin,0.0,0.0,0.25,1.67188125,1.5882871875,1.67188125,False,0.0
4Q,0.05,offplane,0.93183119986657569263,0.0,0.48295779996664392316,1.812541187568805,0.1962572102534196,1.812541187568805,False,0.0
4Q,0.05,main0,0.94028274589591575502,0.91287498924174058756,0.94150818109484923254,0.1187974733450734,0.08769576978459036,0.1187974733450734,True,7.77877e-62
4Q,0.05,main1,-0.26015204340086585896,0.28588742519734891726,0.32790570174845799389,1.770797029918453,0.3260446792252845,1.770797029918453,False,3.88938e-62
4Q,0.07,origin,0.0,0.0,0.25,1.55240901,1.4437403793,1.55240901,False,0.0
4Q,0.07,offplane,0.89109294517387582451,0.0,0.47277323629346895613,1.728659366094182,0.2883202732764351,1.728659366094182,False,7.77877e-62
4Q,0.07,main0,0.90928318055588353234,0.86935580104839190165,0.91199869566316683391,0.1833651371980864,0.1280212034275828,0.1833651371980864,True,7.77877e-62
4Q,0.07,main1,-0.22225427198164061343,0.25837058015174081575,0.32362172208046025452,1.668036512522736,0.4632160383767025,1.668036512522736,False,0.0
4Q,0.1,origin,0.0,0.0,0.25,1.3851,1.24659,1.3851,False,0.0
4Q,0.1,offplane,0.80757057369783499389,0.0,0.45189264342445874847,1.588560173363417,0.4439390657714244,1.588560173363417,False,7.77877e-62
4Q,0.1,main0,0.85104754688204055407,0.79023269268770772785,0.85787823306436400244,0.3044578675446074,0.1989217731111934,0.3044578675446074,True,1.55575e-61
4Q,0.1,main1,-0.15170252756246652711,0.20200477375545954638,0.31307675498711314141,1.497136967794065,0.6741178692675467,1.497136967794065,False,0.0
4Q,0.12,origin,0.0,0.0,0.25,1.28116736,1.1274272768,1.28116736,False,0.0
4Q,0.12,offplane,0.72992085312012420764,0.0,0.43248021328003105191,1.481330541123643,0.5610762984158447,1.481330541123643,False,7.77877e-62
4Q,0.12,main0,0.80068873660698141314,0.72420522308140743174,0.81227479569244906916,0.4064636479524329,0.2569712356645027,0.4064636479524329,True,7.77877e-62
4Q,0.12,main1,-0.091625194145904283344,0.14744967953233535701,0.30081854122969160767,1.366206569710256,0.8171669257788259,1.366206569710256,False,0.0
4Q,0.13,origin,0.0,0.0,0.25,1.23140061,1.0713185307,1.23140061,False,0.0
4Q,0.13,offplane,0.68137174159241273032,0.0,0.42034293539810318258,1.421583177766093,0.6241668095324397,1.421583177766093,False,0.0
4Q,0.13,main0,0.77035893786809713348,0.68537692729938935333,0.78527819811671896004,0.4659157281331216,0.2910015915181854,0.4659157281331216,True,7.77877e-62
4Q,0.13,main1,-0.055926904449733891891,0.11004125606358626405,0.29103890191935965905,1.291642853307501,0.8902216867969673,1.291642853307501,False,9.72346e-63
4Q,0.14,origin,0.0,0.0,0.25,1.18306416,1.0174351776,1.18306416,False,0.0
4Q,0.14,offplane,0.62381460076997051884,0.0,0.40595365019249262971,1.356100299709108,0.6905253895951002,1.356100299709108,False,0.0
4Q,0.14,main0,0.73520692629634087525,0.64117282070887840659,0.75438814192852442211,0.53249821536531,0.3298602912738791,0.53249821536531,True,7.77877e-62
4Q,0.14,main1,-0.015038685210877587055,0.05360586525336873093,0.2730432613239649687,1.203820026740928,0.9688189370088088,1.203820026740928,False,0.0
4Q,0.15,origin,0.0,0.0,0.25,1.13613125,0.9657115625,1.13613125,False,0.0
4Q,0.15,offplane,0.55390030195154863482,0.0,0.3884750754878871587,1.282641046659453,0.760359993618695,1.282641046659453,False,0.0
4Q,0.15,main0,0.69336045633681723312,0.58957164513007255917,0.71812593664924058787,0.6080216677575473,0.3756072808541029,0.6080216677575473,True,7.77877e-62
4Q,0.16,origin,0.0,0.0,0.25,1.09057536,0.9160833024,1.09057536,False,0.0
4Q,0.16,offplane,0.46537903986814666069,0.0,0.36634475996703666517,1.19692548970757,0.8338943582954231,1.19692548970757,False,3.88938e-62
4Q,0.16,main0,0.64127074326967268955,0.52673364101358677081,0.67368450632421155779,0.6955832204409153,0.4322418116947984,0.6955832204409153,True,0.0
4Q,0.17,origin,0.0,0.0,0.25,1.04637021,0.8684872743,1.04637021,False,0.0
4Q,0.17,offplane,0.34310283013962633935,0.0,0.33577570753490658484,1.088320808396927,0.9113693995550581,1.088320808396927,False,0.0
4Q,0.17,main0,0.57017047507995085089,0.44311722318750287345,0.61410123036373914944,0.8020099282260669,0.5099233345394513,0.8020099282260669,True,3.88938e-62
4Q,0.175,origin,0.0,0.0,0.25,1.024766015625,0.845431962890625,1.024766015625,False,0.0
4Q,0.175,offplane,0.25456178049285599607,0.0,0.31364044512321399902,1.014875191066247,0.951665033290755,1.014875191066247,False,0.0
4Q,0.175,main0,0.51876365989996173837,0.38393224279829740341,0.5716570363741391363,0.8684516595847501,0.5670344113141052,0.8684516595847501,True,3.88938e-62
4Q,0.18,origin,0.0,0.0,0.25,1.00348976,0.8228616032,1.00348976,False,0.0
4Q,0.18,offplane,0.097020419753503853133,0.0,0.27425510493837596328,0.9930447521457518,0.8916884947717099,0.9930447521457518,True,9.72346e-63
4Q,0.18,main0,0.42452829288558676543,0.27714086298249598717,0.49470250471264468494,0.9642749861004654,0.6758289914493222,0.9642749861004654,True,7.77877e-62
4Q,0.18,main1,0.322744394348113342,0.15981801168183679495,0.41059510442794673297,1.022659815167175,0.8050322832224073,1.022659815167175,False,7.77877e-62
4Q,0.1805,origin,0.0,0.0,0.25,1.001380047065062,0.8206309485698187,1.001380047065062,False,0.0
4Q,0.1805,offplane,0.061104691264674723928,0.0,0.26527617281616868098,0.9972437096802412,0.8646076711576841,0.9972437096802412,True,4.86173e-63
4Q,0.1805,main0,0.39946720328749307582,0.24879561300588805615,0.47426460732481729703,0.9834644299294769,0.7061229738411351,0.9834644299294769,True,3.88938e-62
4Q,0.1805,main1,0.34819094368333345666,0.18999957518329291321,0.43204752351247982077,1.013255540002057,0.7709010048605827,1.013255540002057,False,0.0
4Q,0.181,origin,0.0,0.0,0.25,0.999273578121,0.818405060481099,0.999273578121,True,0.0
4Q,0.185,origin,0.0,0.0,0.25,0.982538225625,0.800768653884375,0.982538225625,True,0.0
4Q,0.19,origin,0.0,0.0,0.25,0.96190821,0.7791456501,0.96190821,True,0.0
4Q,0.2,origin,0.0,0.0,0.25,0.9216,0.73728,0.9216,True,0.0
4Q,0.22,origin,0.0,0.0,0.25,0.84470256,0.6588679968,0.84470256,True,0.0
4Q,0.25,origin,0.0,0.0,0.25,0.73828125,0.5537109375,0.73828125,True,0.0
4Q,0.3,origin,0.0,0.0,0.25,0.5831,0.40817,0.5831,True,0.0
