circuit,q,M,coord1,coord2,lambda_parallel_closed_form,lambda_perp_closed_form,eig_numeric_small,eig_numeric_large,max_abs_error,origin_eig_equals_M
Type3,0.001,1.989024970019993001,0.0,0.99648932757202368137,0.0055177939671097652131,1.9954905835362197676,0.0055177939671097652131,1.9954905835362197676,1.99849e-40,0.0
Type3,0.01,1.892470199301,0.0,0.96388777578864609082,0.056819811872713794119,1.9540189929957383215,0.056819811872713794119,1.9540189929957383215,1.98367e-40,0.0
Type3,0.05,1.508872828125,0.0,0.79041908937295701381,0.32549275374340123367,1.7445109075941632442,0.32549275374340123367,1.7445109075941632442,1.88341e-40,0.0
Type3,0.08,1.265436524544,0.0,0.60870194081453676726,0.58048227722895853541,1.5416726932805977353,0.58048227722895853541,1.5416726932805977353,1.74555e-40,0.0
Type3,0.10,1.121931,0.0,0.43109407006043842821,0.78264082194003018011,1.3557733295309416688,0.78264082194003018011,1.3557733295309416688,1.5857e-40,0.0
Type4,0.001,1.993008995001,0.0,0.99749586264555202565,0.0035077638969695127924,1.9964966150904516995,0.0035077638969695127924,1.9964966150904516995,1.99949e-40,0.0
Type4,0.01,1.93089501,0.0,0.97457475310666605114,0.035789097616446789616,1.9646522669101501413,0.035789097616446789616,1.9646522669101501413,1.99447e-40,0.0
Type4,0.05,1.67188125,0.0,0.86282487157172867573,0.19625721025341961338,1.815060131275017684,0.19625721025341961338,1.815060131275017684,1.95958e-40,0.0
Type4,0.08,1.49508096,0.0,0.76480423629107289781,0.33772019944659050437,1.6912707264456115271,0.33772019944659050437,1.6912707264456115271,1.91494e-40,0.0
Type4,0.10,1.3851,0.0,0.68951584373778685403,0.44393906577142444589,1.6005939572252717564,0.44393906577142444589,1.6005939572252717564,1.87204e-40,0.0
Type4,0.12,1.28116736,0.0,0.60255928003011722194,0.56107629841584474959,1.5002682621558544205,0.56107629841584474959,1.5002682621558544205,1.81367e-40,0.0
Type4,0.14,1.18306416,0.0,0.4975116012736173691,0.69052538959510023531,1.3847956742960332661,0.69052538959510023531,1.3847956742960332661,1.73143e-40,0.0
Type4,0.15,1.13613125,0.0,0.43407021899377183379,0.76035999361869502313,1.3177942552915741175,0.76035999361869502313,1.3177942552915741175,1.67605e-40,0.0
Type4,0.16,1.09057536,0.0,0.35828262574299783111,0.83389435829542306916,1.2401710930696936719,0.83389435829542306916,1.2401710930696936719,1.60478e-40,0.0
Type4,0.17,1.04637021,0.0,0.25944269021869003647,0.91136939955505805159,1.1424452818377188309,0.91136939955505805159,1.1424452818377188309,1.50431e-40,0.0
Type4,0.175,1.024766015625,0.0,0.19075420605009864222,0.9516650332907550161,1.0765722958809111012,0.9516650332907550161,1.0765722958809111012,1.43007e-40,0.0
Type4,0.178,1.011961115856,0.0,0.13304974023035451047,0.97636052281340414199,1.0223566262012638942,0.97636052281340414199,1.0223566262012638942,1.36525e-40,0.0
Type4,0.180,1.00348976,0.0,0.072041695904802075978,0.99304475214575184106,0.96601559411201945308,0.96601559411201945308,0.99304475214575184106,1.29458e-40,0.0
Type4,0.1808,1.0001157766250496,0.0,0.013134710321677254257,0.99976847355525118275,0.91244498097572340225,0.91244498097572340225,0.99976847355525118275,1.22452e-40,0.0
4Q,0.001,1.993008995001,0.99899397892874249179,0.0,0.0035077638969695127924,1.996495737833780826,0.0035077638969695127924,1.996495737833780826,1.9955e-40,0.0
4Q,0.01,1.93089501,0.98937826330213096408,0.0,0.035789097616446789616,1.964562448102933224,0.035789097616446789616,1.964562448102933224,1.95479e-40,0.0
4Q,0.05,1.67188125,0.93183119986657569263,0.0,0.19625721025341961338,1.8125411875688046796,0.19625721025341961338,1.8125411875688046796,1.76839e-40,0.0
4Q,0.08,1.49508096,0.8666994956445740163,0.0,0.33772019944659050437,1.6841400553266327577,0.33772019944659050437,1.6841400553266327577,1.61958e-40,0.0
4Q,0.10,1.3851,0.80757057369783499389,0.0,0.44393906577142444589,1.5885601733634172053,0.44393906577142444589,1.5885601733634172053,1.51331e-40,0.0
4Q,0.12,1.28116736,0.72992085312012420764,0.0,0.56107629841584474959,1.4813305411236427515,0.56107629841584474959,1.4813305411236427515,1.39812e-40,0.0
4Q,0.14,1.18306416,0.62381460076997051884,0.0,0.69052538959510023531,1.3561002997091077373,0.69052538959510023531,1.3561002997091077373,1.26832e-40,0.0
4Q,0.15,1.13613125,0.55390030195154863482,0.0,0.76035999361869502313,1.2826410466594528526,0.76035999361869502313,1.2826410466594528526,1.19424e-40,0.0
4Q,0.16,1.09057536,0.46537903986814666069,0.0,0.83389435829542306916,1.1969254897075698737,0.83389435829542306916,1.1969254897075698737,1.1095e-40,0.0
4Q,0.17,1.04637021,0.34310283013962633935,0.0,0.91136939955505805159,1.0883208083969274155,0.91136939955505805159,1.0883208083969274155,1.00441e-40,0.0
4Q,0.175,1.024766015625,0.25456178049285599607,0.0,0.9516650332907550161,1.0148751910662466984,0.9516650332907550161,1.0148751910662466984,9.34589e-41,0.0
4Q,0.178,1.011961115856,0.17852798557964664012,0.0,0.97636052281340414199,0.95441328584895495103,0.95441328584895495103,0.97636052281340414199,8.77769e-41,0.0
4Q,0.180,1.00348976,0.097020419753503853133,0.0,0.99304475214575184106,0.89168849477170988005,0.89168849477170988005,0.99304475214575184106,8.19374e-41,0.0
4Q,0.1808,1.0001157766250496,0.01771477267719063849,0.0,0.99976847355525118275,0.83226968195233621878,0.83226968195233621878,0.99976847355525118275,7.6451e-41,0.0
