circuit,q,eps_star,delta,side,eps,rounds,fid_highprec,fid_float64,abs_diff_fidelity,nearest_fixed_point_fidelity,nearest_fixed_point_stable,dist_to_nearest,float64_coord1,float64_coord2,float64_matches_highprec
4Q,0.178,0.8366678037839613,1e-3,below,0.8356678037839613,20000,0.5351722572311892,0.535172257231189,1.81691e-16,0.5351722572311892,True,0.0,0.47419034536659677,0.3332493417790796,True
4Q,0.178,0.8366678037839613,1e-3,above,0.8376678037839613,20000,0.2946319963949117,0.2946319963949141,2.43997e-15,0.29463199639491167,True,0.0,0.17852798557965285,1.7486012637846216e-15,True
4Q,0.178,0.8366678037839613,1e-6,below,0.8366668037839613,20000,0.5351722572311892,0.535172257231189,1.81691e-16,0.5351722572311892,True,0.0,0.47419034536659677,0.3332493417790796,True
4Q,0.178,0.8366678037839613,1e-6,above,0.8366688037839613,20000,0.2946319963949117,0.2946319963949141,2.43997e-15,0.29463199639491167,True,0.0,0.17852798557965285,1.7486012637846216e-15,True
4Q,0.180,0.7773562341942236,1e-3,below,0.7763562341942236,20000,0.4947025047126447,0.494702504712644,6.8494e-16,0.4947025047126447,True,0.0,0.424528292885586,0.27714086298249496,True
4Q,0.180,0.7773562341942236,1e-3,above,0.7783562341942236,20000,0.274255104938376,0.27425510493838,4.03672e-15,0.27425510493837596,True,0.0,0.09702041975351919,4.718447854656915e-16,True
4Q,0.180,0.7773562341942236,1e-6,below,0.7773552341942236,20000,0.4947025047126447,0.494702504712644,6.8494e-16,0.4947025047126447,True,0.0,0.424528292885586,0.27714086298249496,True
4Q,0.180,0.7773562341942236,1e-6,above,0.7773572341942236,20000,0.274255104938376,0.27425510493838,4.03672e-15,0.27425510493837596,True,0.0,0.09702041975351919,4.718447854656915e-16,True
4Q,0.1805,0.7493388249832758,1e-3,below,0.7483388249832758,20000,0.4742646073248173,0.474264607324814,3.29703e-15,0.4742646073248173,True,0.0,0.3994672032874891,0.24879561300588351,True
4Q,0.1805,0.7493388249832758,1e-3,above,0.7503388249832758,20000,0.2652761728161687,0.26527617281617655,7.86902e-15,0.26527617281616866,True,0.0,0.06110469126470533,4.718447854656915e-16,True
4Q,0.1805,0.7493388249832758,1e-6,below,0.7493378249832758,20000,0.4742646073248173,0.474264607324814,3.29703e-15,0.4742646073248173,True,0.0,0.3994672032874891,0.24879561300588351,True
4Q,0.1805,0.7493388249832758,1e-6,above,0.7493398249832758,20000,0.2652761728161687,0.26527617281617655,7.86902e-15,0.26527617281616866,True,0.0,0.06110469126470533,4.718447854656915e-16,True
4Q,0.18066,0.7280168056760089,1e-3,below,0.7270168056760089,20000,0.4583541480243331,0.45835414802429375,3.93684e-14,0.4583541480243331,True,0.0,0.3800296103850589,0.22669349085605806,True
4Q,0.18066,0.7280168056760089,1e-3,above,0.7290168056760089,20000,0.2609286458214239,0.2609286458214297,5.84825e-15,0.26092864582141484,True,3.60198e-14,0.04371458328571867,2.7755575615628914e-17,True
4Q,0.18066,0.7280168056760089,1e-6,below,0.7280158056760089,20000,0.4583541480243331,0.45835414802429375,3.93684e-14,0.4583541480243331,True,0.0,0.3800296103850589,0.22669349085605806,True
4Q,0.18066,0.7280168056760089,1e-6,above,0.7280178056760089,20000,0.260928645821559,0.26092864582155734,1.68564e-15,0.26092864582141484,True,5.76719e-13,0.0437145832862291,2.7755575615628914e-17,True
Type3,0.12,0.9477559628608428,1e-3,below,0.9467559628608428,20000,0.6006703546571328,0.6006703546571325,2.53222e-16,0.6006703546571327,True,0.0,0.450743964797641,0.5011934890332479,True
Type3,0.12,0.9477559628608428,1e-3,above,0.9487559628608428,20000,0.25,0.2500000000000029,2.9e-15,0.25,True,3.82295e-70,6.661338147750939e-16,1.0186296250935811e-14,True
Type3,0.12,0.9477559628608428,1e-6,below,0.9477549628608428,20000,0.6006703546571328,0.6006703546571325,2.53222e-16,0.6006703546571327,True,0.0,0.450743964797641,0.5011934890332479,True
Type3,0.12,0.9477559628608428,1e-6,above,0.9477569628608428,20000,0.25,0.2500000000000029,2.9e-15,0.25,True,2.54971e-69,6.661338147750939e-16,1.0186296250935811e-14,True
Type3,0.125,0.8919370766700147,1e-3,below,0.8909370766700147,20000,0.5568339940550697,0.5568339940550691,5.86877e-16,0.5568339940550697,True,0.0,0.39209713065448376,0.44314171491130866,True
Type3,0.125,0.8919370766700147,1e-3,above,0.8929370766700147,20000,0.25,0.25000000000000067,6.7e-16,0.25,True,0.0,4.163336342344337e-16,1.7486012637846216e-15,True
Type3,0.125,0.8919370766700147,1e-6,below,0.8919360766700147,20000,0.5568339940550697,0.5568339940550691,5.86877e-16,0.5568339940550697,True,0.0,0.39209713065448376,0.44314171491130866,True
Type3,0.125,0.8919370766700147,1e-6,above,0.8919380766700147,20000,0.25,0.25000000000000067,6.7e-16,0.25,True,0.0,4.163336342344337e-16,1.7486012637846216e-15,True
Type3,0.128,0.84530355493648,1e-3,below,0.84430355493648,20000,0.5197752384278336,0.519775238427833,6.16988e-16,0.5197752384278336,True,0.0,0.3427194009464385,0.3936621518184551,True
Type3,0.128,0.84530355493648,1e-3,above,0.84630355493648,20000,0.25,0.2500000000000006,6.0e-16,0.25,True,0.0,3.885780586188048e-16,1.7486012637846216e-15,True
Type3,0.128,0.84530355493648,1e-6,below,0.84530255493648,20000,0.5197752384278336,0.519775238427833,6.16988e-16,0.5197752384278336,True,0.0,0.3427194009464385,0.3936621518184551,True
Type3,0.128,0.84530355493648,1e-6,above,0.84530455493648,20000,0.25,0.2500000000000006,6.0e-16,0.25,True,0.0,3.885780586188048e-16,1.7486012637846216e-15,True
Type3,0.129,0.8235871158436501,1e-3,below,0.8225871158436501,20000,0.5027252904288823,0.5027252904288816,6.7931e-16,0.5027252904288823,True,0.0,0.32005852975986904,0.3707841021957883,True
Type3,0.129,0.8235871158436501,1e-3,above,0.8245871158436501,20000,0.25,0.25000000000000083,8.3e-16,0.25,True,0.0,3.885780586188048e-16,2.55351295663786e-15,True
Type3,0.129,0.8235871158436501,1e-6,below,0.8235861158436501,20000,0.5027252904288823,0.5027252904288816,6.7931e-16,0.5027252904288823,True,0.0,0.32005852975986904,0.3707841021957883,True
Type3,0.129,0.8235871158436501,1e-6,above,0.8235881158436501,20000,0.25,0.25000000000000083,8.3e-16,0.25,True,0.0,3.885780586188048e-16,2.55351295663786e-15,True
Type3,0.130,0.7925508055592785,1e-3,below,0.7915508055592785,20000,0.4786362303737795,0.478636230373778,1.48643e-15,0.4786362303737795,True,0.0,0.28809767587406676,0.3383495697469785,True
Type3,0.130,0.7925508055592785,1e-3,above,0.7935508055592785,20000,0.25,0.2500000000000007,7.0e-16,0.25,True,0.0,3.885780586188048e-16,2.1094237467877974e-15,True
Type3,0.130,0.7925508055592785,1e-6,below,0.7925498055592785,20000,0.4786362303737795,0.478636230373778,1.48643e-15,0.4786362303737795,True,0.0,0.28809767587406676,0.3383495697469785,True
Type3,0.130,0.7925508055592785,1e-6,above,0.7925518055592785,20000,0.25,0.2500000000000007,7.0e-16,0.25,True,0.0,3.885780586188048e-16,2.1094237467877974e-15,True
Type3,0.1305,0.7622677744181156,1e-3,below,0.7612677744181156,20000,0.4554581292368939,0.4554581292368829,1.09927e-14,0.4554581292368939,True,0.0,0.25740095709252087,0.30703060276248983,True
Type3,0.1305,0.7622677744181156,1e-3,above,0.7632677744181156,20000,0.25,0.2500000000000007,7.0e-16,0.25,True,0.0,3.885780586188048e-16,2.1094237467877974e-15,True
Type3,0.1305,0.7622677744181156,1e-6,below,0.7622667744181156,20000,0.4554581292368939,0.4554581292368829,1.09927e-14,0.4554581292368939,True,0.0,0.25740095709252087,0.30703060276248983,True
Type3,0.1305,0.7622677744181156,1e-6,above,0.7622687744181156,20000,0.25,0.2500000000000007,7.0e-16,0.25,True,0.0,3.885780586188048e-16,2.1094237467877974e-15,True
Type3,0.13057,0.7505048324567043,1e-3,below,0.7495048324567043,20000,0.4465419692335731,0.44654196923356426,8.88227e-15,0.44654196923357314,True,0.0,0.2456053754030085,0.29495712612824,True
Type3,0.13057,0.7505048324567043,1e-3,above,0.7515048324567043,20000,0.25,0.2500000000000007,7.0e-16,0.25,True,0.0,3.885780586188048e-16,2.1094237467877974e-15,True
Type3,0.13057,0.7505048324567043,1e-6,below,0.7505038324567043,20000,0.4465419692335731,0.44654196923356426,8.88227e-15,0.44654196923357314,True,0.0,0.2456053754030085,0.29495712612824,True
Type3,0.13057,0.7505048324567043,1e-6,above,0.7505058324567043,20000,0.25,0.2500000000000007,7.0e-16,0.25,True,0.0,3.885780586188048e-16,2.1094237467877974e-15,True
Type4,0.18,0.9367808568807018,1e-3,below,0.9357808568807018,20000,0.5359465338127894,0.5359465338127894,1.84979e-17,0.5359465338127894,True,0.0,0.3553051776336287,0.43317577998390056,True
Type4,0.18,0.9367808568807018,1e-3,above,0.9377808568807018,20000,0.2680104239762005,0.26801042397620467,4.15101e-15,0.2680104239762005,True,2.60769e-299,1.5543122344752192e-15,0.07204169590481554,True
Type4,0.18,0.9367808568807018,1e-6,below,0.9367798568807018,20000,0.5359465338127894,0.5359465338127894,1.84979e-17,0.5359465338127894,True,0.0,0.3553051776336287,0.43317577998390056,True
Type4,0.18,0.9367808568807018,1e-6,above,0.9367818568807018,20000,0.2680104239762005,0.26801042397620467,4.15101e-15,0.2680104239762005,True,5.35257e-294,1.5543122344752192e-15,0.07204169590481554,True
Type4,0.185,0.8846234060126007,1e-3,below,0.8836234060126007,20000,0.4975565907435065,0.49755659074350533,1.21038e-15,0.49755659074350655,True,0.0,0.30390427432391576,0.3824178143261898,True
Type4,0.185,0.8846234060126007,1e-3,above,0.8856234060126007,20000,0.25,0.25000000000000133,1.33e-15,0.25,True,6.54941e-154,4.440892098500626e-16,4.413136522884997e-15,True
Type4,0.185,0.8846234060126007,1e-6,below,0.8846224060126007,20000,0.4975565907435065,0.49755659074350533,1.21038e-15,0.49755659074350655,True,0.0,0.30390427432391576,0.3824178143261898,True
Type4,0.185,0.8846234060126007,1e-6,above,0.8846244060126007,20000,0.25,0.25000000000000133,1.33e-15,0.25,True,1.35184e-152,4.440892098500626e-16,4.413136522884997e-15,True
Type4,0.188,0.839099274439674,1e-3,below,0.838099274439674,20000,0.4618522456409983,0.4618522456409979,4.43653e-16,0.46185224564099836,True,0.0,0.25632632691391644,0.3347563287361588,True
Type4,0.188,0.839099274439674,1e-3,above,0.840099274439674,20000,0.25,0.2500000000000015,1.5e-15,0.25,True,2.57864e-263,3.885780586188048e-16,5.218048215738236e-15,True
Type4,0.188,0.839099274439674,1e-6,below,0.839098274439674,20000,0.4618522456409983,0.4618522456409979,4.43653e-16,0.46185224564099836,True,0.0,0.25632632691391644,0.3347563287361588,True
Type4,0.188,0.839099274439674,1e-6,above,0.839100274439674,20000,0.25,0.2500000000000015,1.5e-15,0.25,True,1.45721e-260,3.885780586188048e-16,5.218048215738236e-15,True
Type4,0.189,0.8119297567633135,1e-3,below,0.8109297567633135,20000,0.4407245003438275,0.44072450034382304,4.45973e-15,0.4407245003438275,True,0.0,0.22825579376835736,0.30638641383857745,True
Type4,0.189,0.8119297567633135,1e-3,above,0.8129297567633135,20000,0.25,0.2500000000000014,1.4e-15,0.25,True,5.49295e-299,3.885780586188048e-16,4.773959005888173e-15,True
Type4,0.189,0.8119297567633135,1e-6,below,0.8119287567633135,20000,0.4407245003438275,0.44072450034382304,4.45973e-15,0.4407245003438275,True,0.0,0.22825579376835736,0.30638641383857745,True
Type4,0.189,0.8119297567633135,1e-6,above,0.8119307567633135,20000,0.25,0.2500000000000014,1.4e-15,0.25,True,4.63263e-294,3.885780586188048e-16,4.773959005888173e-15,True
Type4,0.1894,0.7860483320007116,1e-3,below,0.7850483320007116,20000,0.4208322593452747,0.42083225934525104,2.36827e-14,0.42083225934527474,True,0.0,0.20186557956537607,0.27959787825025195,True
Type4,0.1894,0.7860483320007116,1e-3,above,0.7870483320007116,20000,0.25,0.2500000000000013,1.3e-15,0.25,True,9.90745e-308,3.885780586188048e-16,4.3298697960381105e-15,True
Type4,0.1894,0.7860483320007116,1e-6,below,0.7860473320007116,20000,0.4208322593452747,0.42083225934525104,2.36827e-14,0.42083225934527474,True,0.0,0.20186557956537607,0.27959787825025195,True
Type4,0.1894,0.7860483320007116,1e-6,above,0.7860493320007116,20000,0.25,0.2500000000000013,1.3e-15,0.25,True,3.53633e-285,3.885780586188048e-16,4.3298697960381105e-15,True
Type4,0.18941,0.7836612732881125,1e-3,below,0.7826612732881125,20000,0.4190097847034207,0.41900978470340056,2.01118e-14,0.41900978470342065,True,0.0,0.19944896042156077,0.27714121797048064,True
Type4,0.18941,0.7836612732881125,1e-3,above,0.7846612732881125,20000,0.25,0.2500000000000013,1.3e-15,0.25,True,3.00879e-305,3.885780586188048e-16,4.3298697960381105e-15,True
Type4,0.18941,0.7836612732881125,1e-6,below,0.7836602732881125,20000,0.4190097847034207,0.41900978470340056,2.01118e-14,0.41900978470342065,True,0.0,0.19944896042156077,0.27714121797048064,True
Type4,0.18941,0.7836612732881125,1e-6,above,0.7836622732881125,20000,0.25,0.2500000000000013,1.3e-15,0.25,True,3.97744e-270,3.885780586188048e-16,4.3298697960381105e-15,True
