circuit,q_saddle_node,delta,side,q,eps,rounds,fidelity_at_stop,stop_reason,precision
Type3,0.13057926796877357347,1e-2,above,0.14057926796877357347,0.1,27,0.2947853127782529,escaped to F<0.3,float64
Type3,0.13057926796877357347,1e-2,below,0.12057926796877357347,0.1,115,0.5962195157771254,settled,float64
Type3,0.13057926796877357347,3e-3,above,0.13357926796877357347,0.1,61,0.29640080125209134,escaped to F<0.3,float64
Type3,0.13057926796877357347,3e-3,below,0.12757926796877357347,0.1,249,0.5259396404253074,settled,float64
Type3,0.13057926796877357347,1e-3,above,0.13157926796877357347,0.1,116,0.2989790341640021,escaped to F<0.3,float64
Type3,0.13057926796877357347,1e-3,below,0.12957926796877357347,0.1,474,0.49023264552224044,settled,float64
Type3,0.13057926796877357347,3e-4,above,0.13087926796877357347,0.1,223,0.2984068617011392,escaped to F<0.3,float64
Type3,0.13057926796877357347,3e-4,below,0.13027926796877357347,0.1,905,0.46830609321466843,settled,float64
Type3,0.13057926796877357347,1e-4,above,0.13067926796877357347,0.1,394,0.29791014349482187,escaped to F<0.3,float64
Type3,0.13057926796877357347,1e-4,below,0.13047926796877357347,0.1,1583,0.45712965666670724,settled,float64
Type3,0.13057926796877357347,3e-5,above,0.13060926796877357347,0.1,726,0.29814656944021156,escaped to F<0.3,float64
Type3,0.13057926796877357347,3e-5,below,0.13054926796877357347,0.1,2848,0.45024161086756065,settled,float64
Type3,0.13057926796877357347,1e-5,above,0.13058926796877357347,0.1,1262,0.2997259912401663,escaped to F<0.3,float64
Type3,0.13057926796877357347,1e-5,below,0.13056926796877357347,0.1,4813,0.44672123209994785,settled,float64
Type3,0.13057926796877357347,3e-6,above,0.13058226796877357347,0.1,2310,0.29866907190589415,escaped to F<0.3,float64
Type3,0.13057926796877357347,3e-6,below,0.13057626796877357347,0.1,8450,0.4445480632757546,settled,float64
Type3,0.13057926796877357347,1e-6,above,0.13058026796877357347,0.1,4005,0.29972409089206326,escaped to F<0.3,float64
Type3,0.13057926796877357347,1e-6,below,0.13057826796877357347,0.1,14038,0.44343628070088725,settled,float64
Type3,0.13057926796877357347,1e-5,above,0.13058926796877357347,0.1,1262,0.29972599123933,escaped to F<0.3,mpmath dps=60
Type4,0.18941665588510333581,1e-2,above,0.19941665588510333581,0.1,34,0.2996530761138356,escaped to F<0.3,float64
Type4,0.18941665588510333581,1e-2,below,0.17941665588510333581,0.1,150,0.5396904894416122,settled,float64
Type4,0.18941665588510333581,3e-3,above,0.19241665588510333581,0.1,78,0.29993089497363473,escaped to F<0.3,float64
Type4,0.18941665588510333581,3e-3,below,0.18641665588510333581,0.1,323,0.48302417136212705,settled,float64
Type4,0.18941665588510333581,1e-3,above,0.19041665588510333581,0.1,151,0.2983813823214998,escaped to F<0.3,float64
Type4,0.18941665588510333581,1e-3,below,0.18841665588510333581,0.1,608,0.4544564024554161,settled,float64
Type4,0.18941665588510333581,3e-4,above,0.18971665588510333581,0.1,290,0.29803389469233205,escaped to F<0.3,float64
Type4,0.18941665588510333581,3e-4,below,0.18911665588510333581,0.1,1160,0.43694882345439146,settled,float64
Type4,0.18941665588510333581,1e-4,above,0.18951665588510333581,0.1,512,0.29804020092558203,escaped to F<0.3,float64
Type4,0.18941665588510333581,1e-4,below,0.18931665588510333581,0.1,2023,0.4280272664129271,settled,float64
Type4,0.18941665588510333581,3e-5,above,0.18944665588510333581,0.1,943,0.29912313187574036,escaped to F<0.3,float64
Type4,0.18941665588510333581,3e-5,below,0.18938665588510333581,0.1,3638,0.4225279100899574,settled,float64
Type4,0.18941665588510333581,1e-5,above,0.18942665588510333581,0.1,1640,0.29965638413143325,escaped to F<0.3,float64
Type4,0.18941665588510333581,1e-5,below,0.18940665588510333581,0.1,6130,0.4197166529512386,settled,float64
Type4,0.18941665588510333581,3e-6,above,0.18941965588510333581,0.1,3002,0.2986427815449226,escaped to F<0.3,float64
Type4,0.18941665588510333581,3e-6,below,0.18941365588510333581,0.1,10762,0.41798095577330485,settled,float64
Type4,0.18941665588510333581,1e-6,above,0.18941765588510333581,0.1,5205,0.2991349268757415,escaped to F<0.3,float64
Type4,0.18941665588510333581,1e-6,below,0.18941565588510333581,0.1,17832,0.41709288835007363,settled,float64
Type4,0.18941665588510333581,1e-5,above,0.18942665588510333581,0.1,1640,0.2996563841272375,escaped to F<0.3,mpmath dps=60
4Q,0.18066972597888191884,1e-2,above,0.19066972597888191884,0.1,38,0.29693320529991796,escaped to F<0.3,float64
4Q,0.18066972597888191884,1e-2,below,0.17066972597888191884,0.1,146,0.6091548626993009,settled,float64
4Q,0.18066972597888191884,3e-3,above,0.18366972597888191884,0.1,89,0.29862740837143853,escaped to F<0.3,float64
4Q,0.18066972597888191884,3e-3,below,0.17766972597888191884,0.1,321,0.5399958460836985,settled,float64
4Q,0.18066972597888191884,1e-3,above,0.18166972597888191884,0.1,171,0.2989192136287298,escaped to F<0.3,float64
4Q,0.18066972597888191884,1e-3,below,0.17966972597888191884,0.1,616,0.5037752482314434,settled,float64
4Q,0.18066972597888191884,3e-4,above,0.18096972597888191884,0.1,321,0.29957294351888375,escaped to F<0.3,float64
4Q,0.18066972597888191884,3e-4,below,0.18036972597888191884,0.1,1194,0.4811139901819853,settled,float64
4Q,0.18066972597888191884,1e-4,above,0.18076972597888191884,0.1,557,0.2991129962869204,escaped to F<0.3,float64
4Q,0.18066972597888191884,1e-4,below,0.18056972597888191884,0.1,2107,0.4694183655770524,settled,float64
4Q,0.18066972597888191884,3e-5,above,0.18069972597888191884,0.1,1011,0.29945145645393306,escaped to F<0.3,float64
4Q,0.18066972597888191884,3e-5,below,0.18063972597888191884,0.1,3815,0.46215472833770865,settled,float64
4Q,0.18066972597888191884,1e-5,above,0.18067972597888191884,0.1,1743,0.29995718515449926,escaped to F<0.3,float64
4Q,0.18066972597888191884,1e-5,below,0.18065972597888191884,0.1,6464,0.45842453209207035,settled,float64
4Q,0.18066972597888191884,3e-6,above,0.18067272597888191884,0.1,3173,0.2995474997714602,escaped to F<0.3,float64
4Q,0.18066972597888191884,3e-6,below,0.18066672597888191884,0.1,11371,0.45611546547633364,settled,float64
4Q,0.18066972597888191884,1e-6,above,0.18067072597888191884,0.1,5486,0.2995150232601797,escaped to F<0.3,float64
4Q,0.18066972597888191884,1e-6,below,0.18066872597888191884,0.1,18901,0.45493221566323616,settled,float64
4Q,0.18066972597888191884,1e-5,above,0.18067972597888191884,0.1,1743,0.2999571851557998,escaped to F<0.3,mpmath dps=60
