epsilon,q_abs_full,q_upper_violating,q_abs_first_round,q_abs_full_minus_first,limiting_Bell_component,first_violation_round_near_threshold,Delta_p_at_violation,q_abs_Phi_minus,q_abs_Psi_plus,q_abs_Psi_minus,below_threshold_converged,below_threshold_trusted,below_threshold_n_trusted,bracket_monotone,bracket_sign_changes,seconds
0.02,0.005659445992205293,0.005659445998026058,0.005659445992205293,0.0,Phi-,0,2.9569341766788604e-12,0.005659445992205293,0.006918646045960484,0.00691864639520645,True,True,,True,1,1.1
0.05,0.013937335868831727,0.013937335874652493,0.013937335868831727,0.0,Phi-,0,5.749505038732394e-12,0.013937335868831727,0.01687568090856076,0.016875680710654713,True,True,,True,1,1.24
0.1,0.02714167217491195,0.02714167218073272,0.02714167217491195,0.0,Phi-,0,1.789485226666443e-12,0.02714167217491195,0.03256776183843613,0.03256776145426557,True,True,,True,1,1.69
0.15,0.03956263153231703,0.0395626315381378,0.03956263153231703,0.0,Phi-,0,1.0857079124626523e-12,0.03956263153231703,0.047171689564129336,0.047171689564129336,True,True,,True,1,1.69
0.2,0.051155686267884456,0.05115568627370522,0.051155686267884456,0.0,Phi-,0,5.314575168835489e-12,0.051155686267884456,0.06062660741154104,0.060626607289304954,True,True,,True,1,2.39
0.3,0.07171059370739384,0.07171059371321462,0.07171059370739384,0.0,Phi-,0,4.6185832935918825e-12,0.07171059370739384,0.08398013889673167,0.08398013889673167,True,True,,True,1,3.5
0.4,0.08856751145794989,0.08856751146377065,0.08856751145794989,0.0,Phi-,0,5.437872374614017e-12,0.08856751145794989,0.10254752040491441,0.10254752040491441,False,False,70,True,1,6.13
0.5,0.10155579713173211,0.10155579713755289,0.10155579713173211,0.0,Phi-,0,3.3985175784678745e-12,0.10155579713173211,0.1163873837154824,0.1163873837154824,False,False,67,True,1,6.82
0.6,0.11052820056793275,0.11052820057375352,0.11052820056793275,0.0,Phi-,0,2.428446332913836e-12,0.11052820056793275,0.12557285187649547,0.12557285187649547,False,False,54,True,1,6.52
