control,description,state,q,metric,delta5,delta6_modified,abs_diff
A_one_cnot_noise_q_plus_delta,first 6Q CNOT noise set to q+0.001,bell_Phi+,0.05,II,0.5154404691462413,0.5150554625837819,0.00038500656245943343
B_one_channel_removed,depolarizing channel after 6Q CNOT #3 removed,bell_Phi+,0.05,II,0.5154404691462413,0.5425689148907805,0.02712844574453921
C_one_cnot_orientation_flipped,one Alice-block CNOT control/target exchanged,bell_Phi+,0.05,II,0.5154404691462413,-1.3877787807814457e-17,0.5154404691462413
D_c_xx_alone,C_XX alone compared against Delta_5 (no -C_YY),bell_Phi+,0.05,II,0.5154404691462413,0.5154404691462415,2.220446049250313e-16
A_one_cnot_noise_q_plus_delta,first 6Q CNOT noise set to q+0.001,bell_Phi+,0.05,IX,0.0,0.0,0.0
B_one_channel_removed,depolarizing channel after 6Q CNOT #3 removed,bell_Phi+,0.05,IX,0.0,0.0,0.0
C_one_cnot_orientation_flipped,one Alice-block CNOT control/target exchanged,bell_Phi+,0.05,IX,0.0,0.0,0.0
D_c_xx_alone,C_XX alone compared against Delta_5 (no -C_YY),bell_Phi+,0.05,IX,0.0,0.0,0.0
A_one_cnot_noise_q_plus_delta,first 6Q CNOT noise set to q+0.001,bell_Phi+,0.05,IY,0.0,0.0,0.0
B_one_channel_removed,depolarizing channel after 6Q CNOT #3 removed,bell_Phi+,0.05,IY,0.0,0.0,0.0
C_one_cnot_orientation_flipped,one Alice-block CNOT control/target exchanged,bell_Phi+,0.05,IY,0.0,0.0,0.0
D_c_xx_alone,C_XX alone compared against Delta_5 (no -C_YY),bell_Phi+,0.05,IY,0.0,0.0,0.0
A_one_cnot_noise_q_plus_delta,first 6Q CNOT noise set to q+0.001,bell_Phi+,0.05,IZ,0.0,1.3877787807814457e-17,1.3877787807814457e-17
B_one_channel_removed,depolarizing channel after 6Q CNOT #3 removed,bell_Phi+,0.05,IZ,0.0,1.3877787807814457e-17,1.3877787807814457e-17
C_one_cnot_orientation_flipped,one Alice-block CNOT control/target exchanged,bell_Phi+,0.05,IZ,0.0,0.3319068490695638,0.3319068490695638
D_c_xx_alone,C_XX alone compared against Delta_5 (no -C_YY),bell_Phi+,0.05,IZ,0.0,0.0,0.0
A_one_cnot_noise_q_plus_delta,first 6Q CNOT noise set to q+0.001,bell_Phi+,0.05,XI,0.0,0.0,0.0
B_one_channel_removed,depolarizing channel after 6Q CNOT #3 removed,bell_Phi+,0.05,XI,0.0,0.0,0.0
C_one_cnot_orientation_flipped,one Alice-block CNOT control/target exchanged,bell_Phi+,0.05,XI,0.0,0.0,0.0
D_c_xx_alone,C_XX alone compared against Delta_5 (no -C_YY),bell_Phi+,0.05,XI,0.0,0.0,0.0
A_one_cnot_noise_q_plus_delta,first 6Q CNOT noise set to q+0.001,bell_Phi+,0.05,XX,0.44012666865176525,0.43966337742160544,0.00046329123015981244
B_one_channel_removed,depolarizing channel after 6Q CNOT #3 removed,bell_Phi+,0.05,XX,0.44012666865176525,0.4632912301597528,0.02316456150798757
C_one_cnot_orientation_flipped,one Alice-block CNOT control/target exchanged,bell_Phi+,0.05,XX,0.44012666865176525,2.7755575615628914e-17,0.4401266686517652
D_c_xx_alone,C_XX alone compared against Delta_5 (no -C_YY),bell_Phi+,0.05,XX,0.44012666865176525,0.2200633343258826,0.22006333432588265
A_one_cnot_noise_q_plus_delta,first 6Q CNOT noise set to q+0.001,bell_Phi+,0.05,XY,0.0,1.509956482583824e-18,1.509956482583824e-18
B_one_channel_removed,depolarizing channel after 6Q CNOT #3 removed,bell_Phi+,0.05,XY,0.0,5.15531390143087e-18,5.15531390143087e-18
C_one_cnot_orientation_flipped,one Alice-block CNOT control/target exchanged,bell_Phi+,0.05,XY,0.0,0.0,0.0
D_c_xx_alone,C_XX alone compared against Delta_5 (no -C_YY),bell_Phi+,0.05,XY,0.0,-2.672625783914465e-18,2.672625783914465e-18
A_one_cnot_noise_q_plus_delta,first 6Q CNOT noise set to q+0.001,bell_Phi+,0.05,XZ,0.0,0.0,0.0
B_one_channel_removed,depolarizing channel after 6Q CNOT #3 removed,bell_Phi+,0.05,XZ,0.0,0.0,0.0
C_one_cnot_orientation_flipped,one Alice-block CNOT control/target exchanged,bell_Phi+,0.05,XZ,0.0,0.0,0.0
D_c_xx_alone,C_XX alone compared against Delta_5 (no -C_YY),bell_Phi+,0.05,XZ,0.0,0.0,0.0
A_one_cnot_noise_q_plus_delta,first 6Q CNOT noise set to q+0.001,bell_Phi+,0.05,YI,0.0,0.0,0.0
B_one_channel_removed,depolarizing channel after 6Q CNOT #3 removed,bell_Phi+,0.05,YI,0.0,0.0,0.0
C_one_cnot_orientation_flipped,one Alice-block CNOT control/target exchanged,bell_Phi+,0.05,YI,0.0,0.0,0.0
D_c_xx_alone,C_XX alone compared against Delta_5 (no -C_YY),bell_Phi+,0.05,YI,0.0,0.0,0.0
A_one_cnot_noise_q_plus_delta,first 6Q CNOT noise set to q+0.001,bell_Phi+,0.05,YX,0.0,1.1014747013968718e-17,1.1014747013968718e-17
B_one_channel_removed,depolarizing channel after 6Q CNOT #3 removed,bell_Phi+,0.05,YX,0.0,7.369389595121663e-18,7.369389595121663e-18
C_one_cnot_orientation_flipped,one Alice-block CNOT control/target exchanged,bell_Phi+,0.05,YX,0.0,6.136671803466199e-17,6.136671803466199e-17
D_c_xx_alone,C_XX alone compared against Delta_5 (no -C_YY),bell_Phi+,0.05,YX,0.0,2.6726257839144635e-18,2.6726257839144635e-18
A_one_cnot_noise_q_plus_delta,first 6Q CNOT noise set to q+0.001,bell_Phi+,0.05,YY,-0.44012666865176514,-0.43966337742160544,0.0004632912301597014
B_one_channel_removed,depolarizing channel after 6Q CNOT #3 removed,bell_Phi+,0.05,YY,-0.44012666865176514,-0.4632912301597528,0.02316456150798768
C_one_cnot_orientation_flipped,one Alice-block CNOT control/target exchanged,bell_Phi+,0.05,YY,-0.44012666865176514,7.703719777548943e-34,0.44012666865176514
D_c_xx_alone,C_XX alone compared against Delta_5 (no -C_YY),bell_Phi+,0.05,YY,-0.44012666865176514,-0.2200633343258826,0.22006333432588254
A_one_cnot_noise_q_plus_delta,first 6Q CNOT noise set to q+0.001,bell_Phi+,0.05,YZ,0.0,0.0,0.0
B_one_channel_removed,depolarizing channel after 6Q CNOT #3 removed,bell_Phi+,0.05,YZ,0.0,0.0,0.0
C_one_cnot_orientation_flipped,one Alice-block CNOT control/target exchanged,bell_Phi+,0.05,YZ,0.0,0.0,0.0
D_c_xx_alone,C_XX alone compared against Delta_5 (no -C_YY),bell_Phi+,0.05,YZ,0.0,0.0,0.0
A_one_cnot_noise_q_plus_delta,first 6Q CNOT noise set to q+0.001,bell_Phi+,0.05,ZI,-2.7755575615628914e-17,-2.7755575615628914e-17,0.0
B_one_channel_removed,depolarizing channel after 6Q CNOT #3 removed,bell_Phi+,0.05,ZI,-2.7755575615628914e-17,5.551115123125783e-17,8.326672684688674e-17
C_one_cnot_orientation_flipped,one Alice-block CNOT control/target exchanged,bell_Phi+,0.05,ZI,-2.7755575615628914e-17,0.3515400153532479,0.35154001535324797
D_c_xx_alone,C_XX alone compared against Delta_5 (no -C_YY),bell_Phi+,0.05,ZI,-2.7755575615628914e-17,-1.3877787807814457e-17,1.3877787807814457e-17
A_one_cnot_noise_q_plus_delta,first 6Q CNOT noise set to q+0.001,bell_Phi+,0.05,ZX,0.0,0.0,0.0
B_one_channel_removed,depolarizing channel after 6Q CNOT #3 removed,bell_Phi+,0.05,ZX,0.0,0.0,0.0
C_one_cnot_orientation_flipped,one Alice-block CNOT control/target exchanged,bell_Phi+,0.05,ZX,0.0,0.0,0.0
D_c_xx_alone,C_XX alone compared against Delta_5 (no -C_YY),bell_Phi+,0.05,ZX,0.0,0.0,0.0
A_one_cnot_noise_q_plus_delta,first 6Q CNOT noise set to q+0.001,bell_Phi+,0.05,ZY,0.0,0.0,0.0
B_one_channel_removed,depolarizing channel after 6Q CNOT #3 removed,bell_Phi+,0.05,ZY,0.0,0.0,0.0
C_one_cnot_orientation_flipped,one Alice-block CNOT control/target exchanged,bell_Phi+,0.05,ZY,0.0,0.0,0.0
D_c_xx_alone,C_XX alone compared against Delta_5 (no -C_YY),bell_Phi+,0.05,ZY,0.0,0.0,0.0
A_one_cnot_noise_q_plus_delta,first 6Q CNOT noise set to q+0.001,bell_Phi+,0.05,ZZ,0.4517089494057589,0.4512334663011213,0.00047548310463757515
B_one_channel_removed,depolarizing channel after 6Q CNOT #3 removed,bell_Phi+,0.05,ZZ,0.4517089494057589,0.47548310463764104,0.023774155231882144
C_one_cnot_orientation_flipped,one Alice-block CNOT control/target exchanged,bell_Phi+,0.05,ZZ,0.4517089494057589,1.3877787807814457e-17,0.4517089494057589
D_c_xx_alone,C_XX alone compared against Delta_5 (no -C_YY),bell_Phi+,0.05,ZZ,0.4517089494057589,0.2258544747028796,0.2258544747028793
A_one_cnot_noise_q_plus_delta,first 6Q CNOT noise set to q+0.001,bell_Phi+,0.2,II,0.059828894433280023,0.059787662747238436,4.1231686041587334e-05
B_one_channel_removed,depolarizing channel after 6Q CNOT #3 removed,bell_Phi+,0.2,II,0.059828894433280023,0.07478611804160003,0.014957223608320004
C_one_cnot_orientation_flipped,one Alice-block CNOT control/target exchanged,bell_Phi+,0.2,II,0.059828894433280023,0.0,0.059828894433280023
D_c_xx_alone,C_XX alone compared against Delta_5 (no -C_YY),bell_Phi+,0.2,II,0.059828894433280023,0.05982889443328003,6.938893903907228e-18
A_one_cnot_noise_q_plus_delta,first 6Q CNOT noise set to q+0.001,bell_Phi+,0.2,IX,0.0,0.0,0.0
B_one_channel_removed,depolarizing channel after 6Q CNOT #3 removed,bell_Phi+,0.2,IX,0.0,0.0,0.0
C_one_cnot_orientation_flipped,one Alice-block CNOT control/target exchanged,bell_Phi+,0.2,IX,0.0,0.0,0.0
D_c_xx_alone,C_XX alone compared against Delta_5 (no -C_YY),bell_Phi+,0.2,IX,0.0,0.0,0.0
A_one_cnot_noise_q_plus_delta,first 6Q CNOT noise set to q+0.001,bell_Phi+,0.2,IY,0.0,0.0,0.0
B_one_channel_removed,depolarizing channel after 6Q CNOT #3 removed,bell_Phi+,0.2,IY,0.0,0.0,0.0
C_one_cnot_orientation_flipped,one Alice-block CNOT control/target exchanged,bell_Phi+,0.2,IY,0.0,0.0,0.0
D_c_xx_alone,C_XX alone compared against Delta_5 (no -C_YY),bell_Phi+,0.2,IY,0.0,0.0,0.0
A_one_cnot_noise_q_plus_delta,first 6Q CNOT noise set to q+0.001,bell_Phi+,0.2,IZ,0.0,-1.734723475976807e-18,1.734723475976807e-18
B_one_channel_removed,depolarizing channel after 6Q CNOT #3 removed,bell_Phi+,0.2,IZ,0.0,0.0,0.0
C_one_cnot_orientation_flipped,one Alice-block CNOT control/target exchanged,bell_Phi+,0.2,IZ,0.0,0.026434052351791554,0.026434052351791554
D_c_xx_alone,C_XX alone compared against Delta_5 (no -C_YY),bell_Phi+,0.2,IZ,0.0,8.673617379884035e-19,8.673617379884035e-19
A_one_cnot_noise_q_plus_delta,first 6Q CNOT noise set to q+0.001,bell_Phi+,0.2,XI,0.0,0.0,0.0
B_one_channel_removed,depolarizing channel after 6Q CNOT #3 removed,bell_Phi+,0.2,XI,0.0,0.0,0.0
C_one_cnot_orientation_flipped,one Alice-block CNOT control/target exchanged,bell_Phi+,0.2,XI,0.0,0.0,0.0
D_c_xx_alone,C_XX alone compared against Delta_5 (no -C_YY),bell_Phi+,0.2,XI,0.0,0.0,0.0
A_one_cnot_noise_q_plus_delta,first 6Q CNOT noise set to q+0.001,bell_Phi+,0.2,XX,0.028147497671065613,0.02811231329897678,3.518437208883257e-05
B_one_channel_removed,depolarizing channel after 6Q CNOT #3 removed,bell_Phi+,0.2,XX,0.028147497671065613,0.03518437208883201,0.007036874417766396
C_one_cnot_orientation_flipped,one Alice-block CNOT control/target exchanged,bell_Phi+,0.2,XX,0.028147497671065613,-8.673617379884035e-19,0.028147497671065613
D_c_xx_alone,C_XX alone compared against Delta_5 (no -C_YY),bell_Phi+,0.2,XX,0.028147497671065613,0.014073748835532805,0.014073748835532808
A_one_cnot_noise_q_plus_delta,first 6Q CNOT noise set to q+0.001,bell_Phi+,0.2,XY,-2.7406878629800377e-19,-5.55111512312578e-19,2.810427260145742e-19
B_one_channel_removed,depolarizing channel after 6Q CNOT #3 removed,bell_Phi+,0.2,XY,-2.7406878629800377e-19,1.387778780781446e-19,4.1284666437614837e-19
C_one_cnot_orientation_flipped,one Alice-block CNOT control/target exchanged,bell_Phi+,0.2,XY,-2.7406878629800377e-19,0.0,2.7406878629800377e-19
D_c_xx_alone,C_XX alone compared against Delta_5 (no -C_YY),bell_Phi+,0.2,XY,-2.7406878629800377e-19,5.474153974925632e-19,8.21484183790567e-19
A_one_cnot_noise_q_plus_delta,first 6Q CNOT noise set to q+0.001,bell_Phi+,0.2,XZ,0.0,0.0,0.0
B_one_channel_removed,depolarizing channel after 6Q CNOT #3 removed,bell_Phi+,0.2,XZ,0.0,0.0,0.0
C_one_cnot_orientation_flipped,one Alice-block CNOT control/target exchanged,bell_Phi+,0.2,XZ,0.0,0.0,0.0
D_c_xx_alone,C_XX alone compared against Delta_5 (no -C_YY),bell_Phi+,0.2,XZ,0.0,0.0,0.0
A_one_cnot_noise_q_plus_delta,first 6Q CNOT noise set to q+0.001,bell_Phi+,0.2,YI,0.0,0.0,0.0
B_one_channel_removed,depolarizing channel after 6Q CNOT #3 removed,bell_Phi+,0.2,YI,0.0,0.0,0.0
C_one_cnot_orientation_flipped,one Alice-block CNOT control/target exchanged,bell_Phi+,0.2,YI,0.0,0.0,0.0
D_c_xx_alone,C_XX alone compared against Delta_5 (no -C_YY),bell_Phi+,0.2,YI,0.0,0.0,0.0
A_one_cnot_noise_q_plus_delta,first 6Q CNOT noise set to q+0.001,bell_Phi+,0.2,YX,4.3665718393963785e-19,0.0,4.3665718393963785e-19
B_one_channel_removed,depolarizing channel after 6Q CNOT #3 removed,bell_Phi+,0.2,YX,4.3665718393963785e-19,-1.387778780781445e-19,5.7543506201778235e-19
C_one_cnot_orientation_flipped,one Alice-block CNOT control/target exchanged,bell_Phi+,0.2,YX,4.3665718393963785e-19,2.0599993957872243e-18,1.6233422118475865e-18
D_c_xx_alone,C_XX alone compared against Delta_5 (no -C_YY),bell_Phi+,0.2,YX,4.3665718393963785e-19,4.408663289013676e-19,4.209144961729735e-21
A_one_cnot_noise_q_plus_delta,first 6Q CNOT noise set to q+0.001,bell_Phi+,0.2,YY,-0.028147497671065613,-0.02811231329897677,3.518437208884298e-05
B_one_channel_removed,depolarizing channel after 6Q CNOT #3 removed,bell_Phi+,0.2,YY,-0.028147497671065613,-0.03518437208883201,0.007036874417766396
C_one_cnot_orientation_flipped,one Alice-block CNOT control/target exchanged,bell_Phi+,0.2,YY,-0.028147497671065613,-8.673617379884035e-19,0.028147497671065613
D_c_xx_alone,C_XX alone compared against Delta_5 (no -C_YY),bell_Phi+,0.2,YY,-0.028147497671065613,-0.014073748835532803,0.01407374883553281
A_one_cnot_noise_q_plus_delta,first 6Q CNOT noise set to q+0.001,bell_Phi+,0.2,YZ,0.0,0.0,0.0
B_one_channel_removed,depolarizing channel after 6Q CNOT #3 removed,bell_Phi+,0.2,YZ,0.0,0.0,0.0
C_one_cnot_orientation_flipped,one Alice-block CNOT control/target exchanged,bell_Phi+,0.2,YZ,0.0,0.0,0.0
D_c_xx_alone,C_XX alone compared against Delta_5 (no -C_YY),bell_Phi+,0.2,YZ,0.0,0.0,0.0
A_one_cnot_noise_q_plus_delta,first 6Q CNOT noise set to q+0.001,bell_Phi+,0.2,ZI,0.0,1.734723475976807e-18,1.734723475976807e-18
B_one_channel_removed,depolarizing channel after 6Q CNOT #3 removed,bell_Phi+,0.2,ZI,0.0,0.0,0.0
C_one_cnot_orientation_flipped,one Alice-block CNOT control/target exchanged,bell_Phi+,0.2,ZI,0.0,0.037640584196703186,0.037640584196703186
D_c_xx_alone,C_XX alone compared against Delta_5 (no -C_YY),bell_Phi+,0.2,ZI,0.0,-1.734723475976807e-18,1.734723475976807e-18
A_one_cnot_noise_q_plus_delta,first 6Q CNOT noise set to q+0.001,bell_Phi+,0.2,ZX,0.0,0.0,0.0
B_one_channel_removed,depolarizing channel after 6Q CNOT #3 removed,bell_Phi+,0.2,ZX,0.0,0.0,0.0
C_one_cnot_orientation_flipped,one Alice-block CNOT control/target exchanged,bell_Phi+,0.2,ZX,0.0,0.0,0.0
D_c_xx_alone,C_XX alone compared against Delta_5 (no -C_YY),bell_Phi+,0.2,ZX,0.0,0.0,0.0
A_one_cnot_noise_q_plus_delta,first 6Q CNOT noise set to q+0.001,bell_Phi+,0.2,ZY,0.0,0.0,0.0
B_one_channel_removed,depolarizing channel after 6Q CNOT #3 removed,bell_Phi+,0.2,ZY,0.0,0.0,0.0
C_one_cnot_orientation_flipped,one Alice-block CNOT control/target exchanged,bell_Phi+,0.2,ZY,0.0,0.0,0.0
D_c_xx_alone,C_XX alone compared against Delta_5 (no -C_YY),bell_Phi+,0.2,ZY,0.0,0.0,0.0
A_one_cnot_noise_q_plus_delta,first 6Q CNOT noise set to q+0.001,bell_Phi+,0.2,ZZ,0.03166593487994881,0.03162635246134888,3.958241859992884e-05
B_one_channel_removed,depolarizing channel after 6Q CNOT #3 removed,bell_Phi+,0.2,ZZ,0.03166593487994881,0.03958241859993601,0.007916483719987204
C_one_cnot_orientation_flipped,one Alice-block CNOT control/target exchanged,bell_Phi+,0.2,ZZ,0.03166593487994881,-8.673617379884035e-19,0.03166593487994881
D_c_xx_alone,C_XX alone compared against Delta_5 (no -C_YY),bell_Phi+,0.2,ZZ,0.03166593487994881,0.0158329674399744,0.015832967439974407
A_one_cnot_noise_q_plus_delta,first 6Q CNOT noise set to q+0.001,imag_00_plus_i11,0.05,II,0.5154404691462409,0.5150554625837815,0.0003850065624593224
B_one_channel_removed,depolarizing channel after 6Q CNOT #3 removed,imag_00_plus_i11,0.05,II,0.5154404691462409,0.54256891489078,0.027128445744539098
C_one_cnot_orientation_flipped,one Alice-block CNOT control/target exchanged,imag_00_plus_i11,0.05,II,0.5154404691462409,0.0,0.5154404691462409
D_c_xx_alone,C_XX alone compared against Delta_5 (no -C_YY),imag_00_plus_i11,0.05,II,0.5154404691462409,0.5154404691462411,2.220446049250313e-16
A_one_cnot_noise_q_plus_delta,first 6Q CNOT noise set to q+0.001,imag_00_plus_i11,0.05,IX,0.0,0.0,0.0
B_one_channel_removed,depolarizing channel after 6Q CNOT #3 removed,imag_00_plus_i11,0.05,IX,0.0,0.0,0.0
C_one_cnot_orientation_flipped,one Alice-block CNOT control/target exchanged,imag_00_plus_i11,0.05,IX,0.0,0.0,0.0
D_c_xx_alone,C_XX alone compared against Delta_5 (no -C_YY),imag_00_plus_i11,0.05,IX,0.0,0.0,0.0
A_one_cnot_noise_q_plus_delta,first 6Q CNOT noise set to q+0.001,imag_00_plus_i11,0.05,IY,0.0,0.0,0.0
B_one_channel_removed,depolarizing channel after 6Q CNOT #3 removed,imag_00_plus_i11,0.05,IY,0.0,0.0,0.0
C_one_cnot_orientation_flipped,one Alice-block CNOT control/target exchanged,imag_00_plus_i11,0.05,IY,0.0,0.0,0.0
D_c_xx_alone,C_XX alone compared against Delta_5 (no -C_YY),imag_00_plus_i11,0.05,IY,0.0,0.0,0.0
A_one_cnot_noise_q_plus_delta,first 6Q CNOT noise set to q+0.001,imag_00_plus_i11,0.05,IZ,-1.3877787807814457e-17,2.7755575615628914e-17,4.163336342344337e-17
B_one_channel_removed,depolarizing channel after 6Q CNOT #3 removed,imag_00_plus_i11,0.05,IZ,-1.3877787807814457e-17,-5.551115123125783e-17,4.163336342344337e-17
C_one_cnot_orientation_flipped,one Alice-block CNOT control/target exchanged,imag_00_plus_i11,0.05,IZ,-1.3877787807814457e-17,0.33621732762890827,0.33621732762890827
D_c_xx_alone,C_XX alone compared against Delta_5 (no -C_YY),imag_00_plus_i11,0.05,IZ,-1.3877787807814457e-17,-4.85722573273506e-17,3.469446951953614e-17
A_one_cnot_noise_q_plus_delta,first 6Q CNOT noise set to q+0.001,imag_00_plus_i11,0.05,XI,0.0,0.0,0.0
B_one_channel_removed,depolarizing channel after 6Q CNOT #3 removed,imag_00_plus_i11,0.05,XI,0.0,0.0,0.0
C_one_cnot_orientation_flipped,one Alice-block CNOT control/target exchanged,imag_00_plus_i11,0.05,XI,0.0,0.0,0.0
D_c_xx_alone,C_XX alone compared against Delta_5 (no -C_YY),imag_00_plus_i11,0.05,XI,0.0,0.0,0.0
A_one_cnot_noise_q_plus_delta,first 6Q CNOT noise set to q+0.001,imag_00_plus_i11,0.05,XX,-2.214075693690787e-18,0.0,2.214075693690787e-18
B_one_channel_removed,depolarizing channel after 6Q CNOT #3 removed,imag_00_plus_i11,0.05,XX,-2.214075693690787e-18,0.0,2.214075693690787e-18
C_one_cnot_orientation_flipped,one Alice-block CNOT control/target exchanged,imag_00_plus_i11,0.05,XX,-2.214075693690787e-18,0.0,2.214075693690787e-18
D_c_xx_alone,C_XX alone compared against Delta_5 (no -C_YY),imag_00_plus_i11,0.05,XX,-2.214075693690787e-18,-3.9139698426726704e-19,1.82267870942352e-18
A_one_cnot_noise_q_plus_delta,first 6Q CNOT noise set to q+0.001,imag_00_plus_i11,0.05,XY,0.44012666865176475,0.439663377421605,0.00046329123015975693
B_one_channel_removed,depolarizing channel after 6Q CNOT #3 removed,imag_00_plus_i11,0.05,XY,0.44012666865176475,0.46329123015975254,0.02316456150798779
C_one_cnot_orientation_flipped,one Alice-block CNOT control/target exchanged,imag_00_plus_i11,0.05,XY,0.44012666865176475,-1.3877787807814457e-17,0.44012666865176475
D_c_xx_alone,C_XX alone compared against Delta_5 (no -C_YY),imag_00_plus_i11,0.05,XY,0.44012666865176475,0.22006333432588243,0.22006333432588232
A_one_cnot_noise_q_plus_delta,first 6Q CNOT noise set to q+0.001,imag_00_plus_i11,0.05,XZ,0.0,0.0,0.0
B_one_channel_removed,depolarizing channel after 6Q CNOT #3 removed,imag_00_plus_i11,0.05,XZ,0.0,0.0,0.0
C_one_cnot_orientation_flipped,one Alice-block CNOT control/target exchanged,imag_00_plus_i11,0.05,XZ,0.0,0.0,0.0
D_c_xx_alone,C_XX alone compared against Delta_5 (no -C_YY),imag_00_plus_i11,0.05,XZ,0.0,0.0,0.0
A_one_cnot_noise_q_plus_delta,first 6Q CNOT noise set to q+0.001,imag_00_plus_i11,0.05,YI,0.0,0.0,0.0
B_one_channel_removed,depolarizing channel after 6Q CNOT #3 removed,imag_00_plus_i11,0.05,YI,0.0,0.0,0.0
C_one_cnot_orientation_flipped,one Alice-block CNOT control/target exchanged,imag_00_plus_i11,0.05,YI,0.0,0.0,0.0
D_c_xx_alone,C_XX alone compared against Delta_5 (no -C_YY),imag_00_plus_i11,0.05,YI,0.0,0.0,0.0
A_one_cnot_noise_q_plus_delta,first 6Q CNOT noise set to q+0.001,imag_00_plus_i11,0.05,YX,0.44012666865176486,0.4396633774216051,0.00046329123015975693
B_one_channel_removed,depolarizing channel after 6Q CNOT #3 removed,imag_00_plus_i11,0.05,YX,0.44012666865176486,0.46329123015975243,0.02316456150798757
C_one_cnot_orientation_flipped,one Alice-block CNOT control/target exchanged,imag_00_plus_i11,0.05,YX,0.44012666865176486,-1.3877787807814457e-17,0.44012666865176486
D_c_xx_alone,C_XX alone compared against Delta_5 (no -C_YY),imag_00_plus_i11,0.05,YX,0.44012666865176486,0.22006333432588243,0.22006333432588243
A_one_cnot_noise_q_plus_delta,first 6Q CNOT noise set to q+0.001,imag_00_plus_i11,0.05,YY,6.64222708107237e-18,0.0,6.64222708107237e-18
B_one_channel_removed,depolarizing channel after 6Q CNOT #3 removed,imag_00_plus_i11,0.05,YY,6.64222708107237e-18,0.0,6.64222708107237e-18
C_one_cnot_orientation_flipped,one Alice-block CNOT control/target exchanged,imag_00_plus_i11,0.05,YY,6.64222708107237e-18,4.7851419055688994e-17,4.120919197461662e-17
D_c_xx_alone,C_XX alone compared against Delta_5 (no -C_YY),imag_00_plus_i11,0.05,YY,6.64222708107237e-18,-3.9139698426726704e-19,7.033624065339637e-18
A_one_cnot_noise_q_plus_delta,first 6Q CNOT noise set to q+0.001,imag_00_plus_i11,0.05,YZ,0.0,0.0,0.0
B_one_channel_removed,depolarizing channel after 6Q CNOT #3 removed,imag_00_plus_i11,0.05,YZ,0.0,0.0,0.0
C_one_cnot_orientation_flipped,one Alice-block CNOT control/target exchanged,imag_00_plus_i11,0.05,YZ,0.0,0.0,0.0
D_c_xx_alone,C_XX alone compared against Delta_5 (no -C_YY),imag_00_plus_i11,0.05,YZ,0.0,0.0,0.0
A_one_cnot_noise_q_plus_delta,first 6Q CNOT noise set to q+0.001,imag_00_plus_i11,0.05,ZI,-2.7755575615628914e-17,2.7755575615628914e-17,5.551115123125783e-17
B_one_channel_removed,depolarizing channel after 6Q CNOT #3 removed,imag_00_plus_i11,0.05,ZI,-2.7755575615628914e-17,-2.7755575615628914e-17,0.0
C_one_cnot_orientation_flipped,one Alice-block CNOT control/target exchanged,imag_00_plus_i11,0.05,ZI,-2.7755575615628914e-17,0.35154001535324747,0.3515400153532475
D_c_xx_alone,C_XX alone compared against Delta_5 (no -C_YY),imag_00_plus_i11,0.05,ZI,-2.7755575615628914e-17,-1.3877787807814457e-17,1.3877787807814457e-17
A_one_cnot_noise_q_plus_delta,first 6Q CNOT noise set to q+0.001,imag_00_plus_i11,0.05,ZX,0.0,0.0,0.0
B_one_channel_removed,depolarizing channel after 6Q CNOT #3 removed,imag_00_plus_i11,0.05,ZX,0.0,0.0,0.0
C_one_cnot_orientation_flipped,one Alice-block CNOT control/target exchanged,imag_00_plus_i11,0.05,ZX,0.0,0.0,0.0
D_c_xx_alone,C_XX alone compared against Delta_5 (no -C_YY),imag_00_plus_i11,0.05,ZX,0.0,0.0,0.0
A_one_cnot_noise_q_plus_delta,first 6Q CNOT noise set to q+0.001,imag_00_plus_i11,0.05,ZY,0.0,0.0,0.0
B_one_channel_removed,depolarizing channel after 6Q CNOT #3 removed,imag_00_plus_i11,0.05,ZY,0.0,0.0,0.0
C_one_cnot_orientation_flipped,one Alice-block CNOT control/target exchanged,imag_00_plus_i11,0.05,ZY,0.0,0.0,0.0
D_c_xx_alone,C_XX alone compared against Delta_5 (no -C_YY),imag_00_plus_i11,0.05,ZY,0.0,0.0,0.0
A_one_cnot_noise_q_plus_delta,first 6Q CNOT noise set to q+0.001,imag_00_plus_i11,0.05,ZZ,0.45170894940575845,0.45123346630112104,0.0004754831046374086
B_one_channel_removed,depolarizing channel after 6Q CNOT #3 removed,imag_00_plus_i11,0.05,ZZ,0.45170894940575845,0.4754831046376406,0.023774155231882144
C_one_cnot_orientation_flipped,one Alice-block CNOT control/target exchanged,imag_00_plus_i11,0.05,ZZ,0.45170894940575845,0.0,0.45170894940575845
D_c_xx_alone,C_XX alone compared against Delta_5 (no -C_YY),imag_00_plus_i11,0.05,ZZ,0.45170894940575845,0.22593067391836602,0.22577827548739243
A_one_cnot_noise_q_plus_delta,first 6Q CNOT noise set to q+0.001,imag_00_plus_i11,0.2,II,0.05982889443327996,0.05978766274723839,4.1231686041573457e-05
B_one_channel_removed,depolarizing channel after 6Q CNOT #3 removed,imag_00_plus_i11,0.2,II,0.05982889443327996,0.07478611804159996,0.014957223608319997
C_one_cnot_orientation_flipped,one Alice-block CNOT control/target exchanged,imag_00_plus_i11,0.2,II,0.05982889443327996,1.734723475976807e-18,0.05982889443327996
D_c_xx_alone,C_XX alone compared against Delta_5 (no -C_YY),imag_00_plus_i11,0.2,II,0.05982889443327996,0.05982889443327997,6.938893903907228e-18
A_one_cnot_noise_q_plus_delta,first 6Q CNOT noise set to q+0.001,imag_00_plus_i11,0.2,IX,0.0,0.0,0.0
B_one_channel_removed,depolarizing channel after 6Q CNOT #3 removed,imag_00_plus_i11,0.2,IX,0.0,0.0,0.0
C_one_cnot_orientation_flipped,one Alice-block CNOT control/target exchanged,imag_00_plus_i11,0.2,IX,0.0,0.0,0.0
D_c_xx_alone,C_XX alone compared against Delta_5 (no -C_YY),imag_00_plus_i11,0.2,IX,0.0,0.0,0.0
A_one_cnot_noise_q_plus_delta,first 6Q CNOT noise set to q+0.001,imag_00_plus_i11,0.2,IY,0.0,0.0,0.0
B_one_channel_removed,depolarizing channel after 6Q CNOT #3 removed,imag_00_plus_i11,0.2,IY,0.0,0.0,0.0
C_one_cnot_orientation_flipped,one Alice-block CNOT control/target exchanged,imag_00_plus_i11,0.2,IY,0.0,0.0,0.0
D_c_xx_alone,C_XX alone compared against Delta_5 (no -C_YY),imag_00_plus_i11,0.2,IY,0.0,0.0,0.0
A_one_cnot_noise_q_plus_delta,first 6Q CNOT noise set to q+0.001,imag_00_plus_i11,0.2,IZ,-1.734723475976807e-18,0.0,1.734723475976807e-18
B_one_channel_removed,depolarizing channel after 6Q CNOT #3 removed,imag_00_plus_i11,0.2,IZ,-1.734723475976807e-18,0.0,1.734723475976807e-18
C_one_cnot_orientation_flipped,one Alice-block CNOT control/target exchanged,imag_00_plus_i11,0.2,IZ,-1.734723475976807e-18,0.027988996607779256,0.02798899660777926
D_c_xx_alone,C_XX alone compared against Delta_5 (no -C_YY),imag_00_plus_i11,0.2,IZ,-1.734723475976807e-18,-1.734723475976807e-18,0.0
A_one_cnot_noise_q_plus_delta,first 6Q CNOT noise set to q+0.001,imag_00_plus_i11,0.2,XI,0.0,0.0,0.0
B_one_channel_removed,depolarizing channel after 6Q CNOT #3 removed,imag_00_plus_i11,0.2,XI,0.0,0.0,0.0
C_one_cnot_orientation_flipped,one Alice-block CNOT control/target exchanged,imag_00_plus_i11,0.2,XI,0.0,0.0,0.0
D_c_xx_alone,C_XX alone compared against Delta_5 (no -C_YY),imag_00_plus_i11,0.2,XI,0.0,0.0,0.0
A_one_cnot_noise_q_plus_delta,first 6Q CNOT noise set to q+0.001,imag_00_plus_i11,0.2,XX,6.938893903907235e-20,-5.432062525308335e-19,6.125951915699058e-19
B_one_channel_removed,depolarizing channel after 6Q CNOT #3 removed,imag_00_plus_i11,0.2,XX,6.938893903907235e-20,0.0,6.938893903907235e-20
C_one_cnot_orientation_flipped,one Alice-block CNOT control/target exchanged,imag_00_plus_i11,0.2,XX,6.938893903907235e-20,-3.469446951953614e-18,3.5388358909926865e-18
D_c_xx_alone,C_XX alone compared against Delta_5 (no -C_YY),imag_00_plus_i11,0.2,XX,6.938893903907235e-20,-1.3456873311641505e-19,2.039576721554874e-19
A_one_cnot_noise_q_plus_delta,first 6Q CNOT noise set to q+0.001,imag_00_plus_i11,0.2,XY,0.02814749767106557,0.028112313298976746,3.518437208882563e-05
B_one_channel_removed,depolarizing channel after 6Q CNOT #3 removed,imag_00_plus_i11,0.2,XY,0.02814749767106557,0.03518437208883199,0.007036874417766417
C_one_cnot_orientation_flipped,one Alice-block CNOT control/target exchanged,imag_00_plus_i11,0.2,XY,0.02814749767106557,-1.734723475976807e-18,0.02814749767106557
D_c_xx_alone,C_XX alone compared against Delta_5 (no -C_YY),imag_00_plus_i11,0.2,XY,0.02814749767106557,0.014073748835532796,0.014073748835532775
A_one_cnot_noise_q_plus_delta,first 6Q CNOT noise set to q+0.001,imag_00_plus_i11,0.2,XZ,0.0,0.0,0.0
B_one_channel_removed,depolarizing channel after 6Q CNOT #3 removed,imag_00_plus_i11,0.2,XZ,0.0,0.0,0.0
C_one_cnot_orientation_flipped,one Alice-block CNOT control/target exchanged,imag_00_plus_i11,0.2,XZ,0.0,0.0,0.0
D_c_xx_alone,C_XX alone compared against Delta_5 (no -C_YY),imag_00_plus_i11,0.2,XZ,0.0,0.0,0.0
A_one_cnot_noise_q_plus_delta,first 6Q CNOT noise set to q+0.001,imag_00_plus_i11,0.2,YI,0.0,0.0,0.0
B_one_channel_removed,depolarizing channel after 6Q CNOT #3 removed,imag_00_plus_i11,0.2,YI,0.0,0.0,0.0
C_one_cnot_orientation_flipped,one Alice-block CNOT control/target exchanged,imag_00_plus_i11,0.2,YI,0.0,0.0,0.0
D_c_xx_alone,C_XX alone compared against Delta_5 (no -C_YY),imag_00_plus_i11,0.2,YI,0.0,0.0,0.0
A_one_cnot_noise_q_plus_delta,first 6Q CNOT noise set to q+0.001,imag_00_plus_i11,0.2,YX,0.02814749767106557,0.028112313298976746,3.518437208882563e-05
B_one_channel_removed,depolarizing channel after 6Q CNOT #3 removed,imag_00_plus_i11,0.2,YX,0.02814749767106557,0.03518437208883199,0.007036874417766417
C_one_cnot_orientation_flipped,one Alice-block CNOT control/target exchanged,imag_00_plus_i11,0.2,YX,0.02814749767106557,-1.734723475976807e-18,0.02814749767106557
D_c_xx_alone,C_XX alone compared against Delta_5 (no -C_YY),imag_00_plus_i11,0.2,YX,0.02814749767106557,0.014073748835532793,0.014073748835532779
A_one_cnot_noise_q_plus_delta,first 6Q CNOT noise set to q+0.001,imag_00_plus_i11,0.2,YY,6.938893903907235e-20,1.1905259781744886e-20,5.748367925732746e-20
B_one_channel_removed,depolarizing channel after 6Q CNOT #3 removed,imag_00_plus_i11,0.2,YY,6.938893903907235e-20,0.0,6.938893903907235e-20
C_one_cnot_orientation_flipped,one Alice-block CNOT control/target exchanged,imag_00_plus_i11,0.2,YY,6.938893903907235e-20,2.6454528775109835e-18,2.5760639384719112e-18
D_c_xx_alone,C_XX alone compared against Delta_5 (no -C_YY),imag_00_plus_i11,0.2,YY,6.938893903907235e-20,6.517979407734273e-20,4.2091449617296146e-21
A_one_cnot_noise_q_plus_delta,first 6Q CNOT noise set to q+0.001,imag_00_plus_i11,0.2,YZ,0.0,0.0,0.0
B_one_channel_removed,depolarizing channel after 6Q CNOT #3 removed,imag_00_plus_i11,0.2,YZ,0.0,0.0,0.0
C_one_cnot_orientation_flipped,one Alice-block CNOT control/target exchanged,imag_00_plus_i11,0.2,YZ,0.0,0.0,0.0
D_c_xx_alone,C_XX alone compared against Delta_5 (no -C_YY),imag_00_plus_i11,0.2,YZ,0.0,0.0,0.0
A_one_cnot_noise_q_plus_delta,first 6Q CNOT noise set to q+0.001,imag_00_plus_i11,0.2,ZI,-1.734723475976807e-18,3.469446951953614e-18,5.204170427930421e-18
B_one_channel_removed,depolarizing channel after 6Q CNOT #3 removed,imag_00_plus_i11,0.2,ZI,-1.734723475976807e-18,6.938893903907228e-18,8.673617379884035e-18
C_one_cnot_orientation_flipped,one Alice-block CNOT control/target exchanged,imag_00_plus_i11,0.2,ZI,-1.734723475976807e-18,0.03764058419670316,0.03764058419670316
D_c_xx_alone,C_XX alone compared against Delta_5 (no -C_YY),imag_00_plus_i11,0.2,ZI,-1.734723475976807e-18,-2.6020852139652106e-18,8.673617379884035e-19
A_one_cnot_noise_q_plus_delta,first 6Q CNOT noise set to q+0.001,imag_00_plus_i11,0.2,ZX,0.0,0.0,0.0
B_one_channel_removed,depolarizing channel after 6Q CNOT #3 removed,imag_00_plus_i11,0.2,ZX,0.0,0.0,0.0
C_one_cnot_orientation_flipped,one Alice-block CNOT control/target exchanged,imag_00_plus_i11,0.2,ZX,0.0,0.0,0.0
D_c_xx_alone,C_XX alone compared against Delta_5 (no -C_YY),imag_00_plus_i11,0.2,ZX,0.0,0.0,0.0
A_one_cnot_noise_q_plus_delta,first 6Q CNOT noise set to q+0.001,imag_00_plus_i11,0.2,ZY,0.0,0.0,0.0
B_one_channel_removed,depolarizing channel after 6Q CNOT #3 removed,imag_00_plus_i11,0.2,ZY,0.0,0.0,0.0
C_one_cnot_orientation_flipped,one Alice-block CNOT control/target exchanged,imag_00_plus_i11,0.2,ZY,0.0,0.0,0.0
D_c_xx_alone,C_XX alone compared against Delta_5 (no -C_YY),imag_00_plus_i11,0.2,ZY,0.0,0.0,0.0
A_one_cnot_noise_q_plus_delta,first 6Q CNOT noise set to q+0.001,imag_00_plus_i11,0.2,ZZ,0.03166593487994877,0.031626352461348844,3.958241859992884e-05
B_one_channel_removed,depolarizing channel after 6Q CNOT #3 removed,imag_00_plus_i11,0.2,ZZ,0.03166593487994877,0.03958241859993598,0.007916483719987204
C_one_cnot_orientation_flipped,one Alice-block CNOT control/target exchanged,imag_00_plus_i11,0.2,ZZ,0.03166593487994877,1.734723475976807e-18,0.03166593487994877
D_c_xx_alone,C_XX alone compared against Delta_5 (no -C_YY),imag_00_plus_i11,0.2,ZZ,0.03166593487994877,0.015942918602751995,0.01572301627719678
A_one_cnot_noise_q_plus_delta,first 6Q CNOT noise set to q+0.001,isotropic_eps0.4,0.05,II,0.2813564791707873,0.2812178768083019,0.00013860236248541824
B_one_channel_removed,depolarizing channel after 6Q CNOT #3 removed,isotropic_eps0.4,0.05,II,0.2813564791707873,0.2961647149166182,0.0148082357458309
C_one_cnot_orientation_flipped,one Alice-block CNOT control/target exchanged,isotropic_eps0.4,0.05,II,0.2813564791707873,6.938893903907228e-18,0.2813564791707873
D_c_xx_alone,C_XX alone compared against Delta_5 (no -C_YY),isotropic_eps0.4,0.05,II,0.2813564791707873,0.2813564791707873,0.0
A_one_cnot_noise_q_plus_delta,first 6Q CNOT noise set to q+0.001,isotropic_eps0.4,0.05,IX,0.0,0.0,0.0
B_one_channel_removed,depolarizing channel after 6Q CNOT #3 removed,isotropic_eps0.4,0.05,IX,0.0,0.0,0.0
C_one_cnot_orientation_flipped,one Alice-block CNOT control/target exchanged,isotropic_eps0.4,0.05,IX,0.0,0.0,0.0
D_c_xx_alone,C_XX alone compared against Delta_5 (no -C_YY),isotropic_eps0.4,0.05,IX,0.0,0.0,0.0
A_one_cnot_noise_q_plus_delta,first 6Q CNOT noise set to q+0.001,isotropic_eps0.4,0.05,IY,0.0,0.0,0.0
B_one_channel_removed,depolarizing channel after 6Q CNOT #3 removed,isotropic_eps0.4,0.05,IY,0.0,0.0,0.0
C_one_cnot_orientation_flipped,one Alice-block CNOT control/target exchanged,isotropic_eps0.4,0.05,IY,0.0,0.0,0.0
D_c_xx_alone,C_XX alone compared against Delta_5 (no -C_YY),isotropic_eps0.4,0.05,IY,0.0,0.0,0.0
A_one_cnot_noise_q_plus_delta,first 6Q CNOT noise set to q+0.001,isotropic_eps0.4,0.05,IZ,0.0,-6.938893903907228e-18,6.938893903907228e-18
B_one_channel_removed,depolarizing channel after 6Q CNOT #3 removed,isotropic_eps0.4,0.05,IZ,0.0,-3.469446951953614e-17,3.469446951953614e-17
C_one_cnot_orientation_flipped,one Alice-block CNOT control/target exchanged,isotropic_eps0.4,0.05,IZ,0.0,0.159832544980512,0.159832544980512
D_c_xx_alone,C_XX alone compared against Delta_5 (no -C_YY),isotropic_eps0.4,0.05,IZ,0.0,-6.938893903907228e-18,6.938893903907228e-18
A_one_cnot_noise_q_plus_delta,first 6Q CNOT noise set to q+0.001,isotropic_eps0.4,0.05,XI,0.0,0.0,0.0
B_one_channel_removed,depolarizing channel after 6Q CNOT #3 removed,isotropic_eps0.4,0.05,XI,0.0,0.0,0.0
C_one_cnot_orientation_flipped,one Alice-block CNOT control/target exchanged,isotropic_eps0.4,0.05,XI,0.0,0.0,0.0
D_c_xx_alone,C_XX alone compared against Delta_5 (no -C_YY),isotropic_eps0.4,0.05,XI,0.0,0.0,0.0
A_one_cnot_noise_q_plus_delta,first 6Q CNOT noise set to q+0.001,isotropic_eps0.4,0.05,XX,0.21126080095284716,0.2110384211623706,0.00022237979047656786
B_one_channel_removed,depolarizing channel after 6Q CNOT #3 removed,isotropic_eps0.4,0.05,XX,0.21126080095284716,0.22237979047668127,0.01111898952383411
C_one_cnot_orientation_flipped,one Alice-block CNOT control/target exchanged,isotropic_eps0.4,0.05,XX,0.21126080095284716,6.938893903907228e-18,0.21126080095284716
D_c_xx_alone,C_XX alone compared against Delta_5 (no -C_YY),isotropic_eps0.4,0.05,XX,0.21126080095284716,0.13203800059552956,0.0792228003573176
A_one_cnot_noise_q_plus_delta,first 6Q CNOT noise set to q+0.001,isotropic_eps0.4,0.05,XY,0.0,-1.956984921336332e-18,1.956984921336332e-18
B_one_channel_removed,depolarizing channel after 6Q CNOT #3 removed,isotropic_eps0.4,0.05,XY,0.0,5.591314889429865e-18,5.591314889429865e-18
C_one_cnot_orientation_flipped,one Alice-block CNOT control/target exchanged,isotropic_eps0.4,0.05,XY,0.0,0.03734598623816495,0.03734598623816495
D_c_xx_alone,C_XX alone compared against Delta_5 (no -C_YY),isotropic_eps0.4,0.05,XY,0.0,1.4005855850458476e-18,1.4005855850458476e-18
A_one_cnot_noise_q_plus_delta,first 6Q CNOT noise set to q+0.001,isotropic_eps0.4,0.05,XZ,0.0,0.0,0.0
B_one_channel_removed,depolarizing channel after 6Q CNOT #3 removed,isotropic_eps0.4,0.05,XZ,0.0,0.0,0.0
C_one_cnot_orientation_flipped,one Alice-block CNOT control/target exchanged,isotropic_eps0.4,0.05,XZ,0.0,0.0,0.0
D_c_xx_alone,C_XX alone compared against Delta_5 (no -C_YY),isotropic_eps0.4,0.05,XZ,0.0,0.0,0.0
A_one_cnot_noise_q_plus_delta,first 6Q CNOT noise set to q+0.001,isotropic_eps0.4,0.05,YI,0.0,0.0,0.0
B_one_channel_removed,depolarizing channel after 6Q CNOT #3 removed,isotropic_eps0.4,0.05,YI,0.0,0.0,0.0
C_one_cnot_orientation_flipped,one Alice-block CNOT control/target exchanged,isotropic_eps0.4,0.05,YI,0.0,0.0,0.0
D_c_xx_alone,C_XX alone compared against Delta_5 (no -C_YY),isotropic_eps0.4,0.05,YI,0.0,0.0,0.0
A_one_cnot_noise_q_plus_delta,first 6Q CNOT noise set to q+0.001,isotropic_eps0.4,0.05,YX,0.0,4.501065319073572e-18,4.501065319073572e-18
B_one_channel_removed,depolarizing channel after 6Q CNOT #3 removed,isotropic_eps0.4,0.05,YX,0.0,1.2245557822691073e-18,1.2245557822691073e-18
C_one_cnot_orientation_flipped,one Alice-block CNOT control/target exchanged,isotropic_eps0.4,0.05,YX,0.0,2.168404344971009e-17,2.168404344971009e-17
D_c_xx_alone,C_XX alone compared against Delta_5 (no -C_YY),isotropic_eps0.4,0.05,YX,0.0,-1.1238261233344957e-18,1.1238261233344957e-18
A_one_cnot_noise_q_plus_delta,first 6Q CNOT noise set to q+0.001,isotropic_eps0.4,0.05,YY,-0.21126080095284716,-0.2110384211623706,0.00022237979047656786
B_one_channel_removed,depolarizing channel after 6Q CNOT #3 removed,isotropic_eps0.4,0.05,YY,-0.21126080095284716,-0.22237979047668127,0.01111898952383411
C_one_cnot_orientation_flipped,one Alice-block CNOT control/target exchanged,isotropic_eps0.4,0.05,YY,-0.21126080095284716,2.0816681711721685e-17,0.2112608009528472
D_c_xx_alone,C_XX alone compared against Delta_5 (no -C_YY),isotropic_eps0.4,0.05,YY,-0.21126080095284716,-0.13203800059552953,0.07922280035731763
A_one_cnot_noise_q_plus_delta,first 6Q CNOT noise set to q+0.001,isotropic_eps0.4,0.05,YZ,0.0,0.0,0.0
B_one_channel_removed,depolarizing channel after 6Q CNOT #3 removed,isotropic_eps0.4,0.05,YZ,0.0,0.0,0.0
C_one_cnot_orientation_flipped,one Alice-block CNOT control/target exchanged,isotropic_eps0.4,0.05,YZ,0.0,0.0,0.0
D_c_xx_alone,C_XX alone compared against Delta_5 (no -C_YY),isotropic_eps0.4,0.05,YZ,0.0,0.0,0.0
A_one_cnot_noise_q_plus_delta,first 6Q CNOT noise set to q+0.001,isotropic_eps0.4,0.05,ZI,0.0,0.0,0.0
B_one_channel_removed,depolarizing channel after 6Q CNOT #3 removed,isotropic_eps0.4,0.05,ZI,0.0,-1.3877787807814457e-17,1.3877787807814457e-17
C_one_cnot_orientation_flipped,one Alice-block CNOT control/target exchanged,isotropic_eps0.4,0.05,ZI,0.0,0.19429375750834277,0.19429375750834277
D_c_xx_alone,C_XX alone compared against Delta_5 (no -C_YY),isotropic_eps0.4,0.05,ZI,0.0,6.938893903907228e-18,6.938893903907228e-18
A_one_cnot_noise_q_plus_delta,first 6Q CNOT noise set to q+0.001,isotropic_eps0.4,0.05,ZX,0.0,0.0,0.0
B_one_channel_removed,depolarizing channel after 6Q CNOT #3 removed,isotropic_eps0.4,0.05,ZX,0.0,0.0,0.0
C_one_cnot_orientation_flipped,one Alice-block CNOT control/target exchanged,isotropic_eps0.4,0.05,ZX,0.0,0.0,0.0
D_c_xx_alone,C_XX alone compared against Delta_5 (no -C_YY),isotropic_eps0.4,0.05,ZX,0.0,0.0,0.0
A_one_cnot_noise_q_plus_delta,first 6Q CNOT noise set to q+0.001,isotropic_eps0.4,0.05,ZY,0.0,0.0,0.0
B_one_channel_removed,depolarizing channel after 6Q CNOT #3 removed,isotropic_eps0.4,0.05,ZY,0.0,0.0,0.0
C_one_cnot_orientation_flipped,one Alice-block CNOT control/target exchanged,isotropic_eps0.4,0.05,ZY,0.0,0.0,0.0
D_c_xx_alone,C_XX alone compared against Delta_5 (no -C_YY),isotropic_eps0.4,0.05,ZY,0.0,0.0,0.0
A_one_cnot_noise_q_plus_delta,first 6Q CNOT noise set to q+0.001,isotropic_eps0.4,0.05,ZZ,0.21682029571476427,0.21659206382453822,0.00022823189022605495
B_one_channel_removed,depolarizing channel after 6Q CNOT #3 removed,isotropic_eps0.4,0.05,ZZ,0.21682029571476427,0.22823189022606766,0.011411594511303386
C_one_cnot_orientation_flipped,one Alice-block CNOT control/target exchanged,isotropic_eps0.4,0.05,ZZ,0.21682029571476427,-6.938893903907228e-18,0.21682029571476427
D_c_xx_alone,C_XX alone compared against Delta_5 (no -C_YY),isotropic_eps0.4,0.05,ZZ,0.21682029571476427,0.1355309726334445,0.08128932308131978
A_one_cnot_noise_q_plus_delta,first 6Q CNOT noise set to q+0.001,isotropic_eps0.4,0.2,II,0.03871827117998079,0.038703427773005825,1.484340697496811e-05
B_one_channel_removed,depolarizing channel after 6Q CNOT #3 removed,isotropic_eps0.4,0.2,II,0.03871827117998079,0.048397838974976015,0.009679567794995222
C_one_cnot_orientation_flipped,one Alice-block CNOT control/target exchanged,isotropic_eps0.4,0.2,II,0.03871827117998079,-2.6020852139652106e-18,0.03871827117998079
D_c_xx_alone,C_XX alone compared against Delta_5 (no -C_YY),isotropic_eps0.4,0.2,II,0.03871827117998079,0.03871827117998081,1.3877787807814457e-17
A_one_cnot_noise_q_plus_delta,first 6Q CNOT noise set to q+0.001,isotropic_eps0.4,0.2,IX,0.0,0.0,0.0
B_one_channel_removed,depolarizing channel after 6Q CNOT #3 removed,isotropic_eps0.4,0.2,IX,0.0,0.0,0.0
C_one_cnot_orientation_flipped,one Alice-block CNOT control/target exchanged,isotropic_eps0.4,0.2,IX,0.0,0.0,0.0
D_c_xx_alone,C_XX alone compared against Delta_5 (no -C_YY),isotropic_eps0.4,0.2,IX,0.0,0.0,0.0
A_one_cnot_noise_q_plus_delta,first 6Q CNOT noise set to q+0.001,isotropic_eps0.4,0.2,IY,0.0,0.0,0.0
B_one_channel_removed,depolarizing channel after 6Q CNOT #3 removed,isotropic_eps0.4,0.2,IY,0.0,0.0,0.0
C_one_cnot_orientation_flipped,one Alice-block CNOT control/target exchanged,isotropic_eps0.4,0.2,IY,0.0,0.0,0.0
D_c_xx_alone,C_XX alone compared against Delta_5 (no -C_YY),isotropic_eps0.4,0.2,IY,0.0,0.0,0.0
A_one_cnot_noise_q_plus_delta,first 6Q CNOT noise set to q+0.001,isotropic_eps0.4,0.2,IZ,0.0,-1.734723475976807e-18,1.734723475976807e-18
B_one_channel_removed,depolarizing channel after 6Q CNOT #3 removed,isotropic_eps0.4,0.2,IZ,0.0,8.673617379884035e-19,8.673617379884035e-19
C_one_cnot_orientation_flipped,one Alice-block CNOT control/target exchanged,isotropic_eps0.4,0.2,IZ,0.0,0.012874938439578472,0.012874938439578472
D_c_xx_alone,C_XX alone compared against Delta_5 (no -C_YY),isotropic_eps0.4,0.2,IZ,0.0,-2.3852447794681098e-18,2.3852447794681098e-18
A_one_cnot_noise_q_plus_delta,first 6Q CNOT noise set to q+0.001,isotropic_eps0.4,0.2,XI,0.0,0.0,0.0
B_one_channel_removed,depolarizing channel after 6Q CNOT #3 removed,isotropic_eps0.4,0.2,XI,0.0,0.0,0.0
C_one_cnot_orientation_flipped,one Alice-block CNOT control/target exchanged,isotropic_eps0.4,0.2,XI,0.0,0.0,0.0
D_c_xx_alone,C_XX alone compared against Delta_5 (no -C_YY),isotropic_eps0.4,0.2,XI,0.0,0.0,0.0
A_one_cnot_noise_q_plus_delta,first 6Q CNOT noise set to q+0.001,isotropic_eps0.4,0.2,XX,0.013510798882111485,0.013493910383508851,1.68884986026345e-05
B_one_channel_removed,depolarizing channel after 6Q CNOT #3 removed,isotropic_eps0.4,0.2,XX,0.013510798882111485,0.016888498602639357,0.0033776997205278714
C_one_cnot_orientation_flipped,one Alice-block CNOT control/target exchanged,isotropic_eps0.4,0.2,XX,0.013510798882111485,-1.3010426069826053e-18,0.013510798882111487
D_c_xx_alone,C_XX alone compared against Delta_5 (no -C_YY),isotropic_eps0.4,0.2,XX,0.013510798882111485,0.008444249301319682,0.005066549580791804
A_one_cnot_noise_q_plus_delta,first 6Q CNOT noise set to q+0.001,isotropic_eps0.4,0.2,XY,6.833665279864001e-20,2.739630262027064e-19,2.0562637340406637e-19
B_one_channel_removed,depolarizing channel after 6Q CNOT #3 removed,isotropic_eps0.4,0.2,XY,6.833665279864001e-20,-1.0408340855860854e-19,1.7242006135724855e-19
C_one_cnot_orientation_flipped,one Alice-block CNOT control/target exchanged,isotropic_eps0.4,0.2,XY,6.833665279864001e-20,0.0023883943771971657,0.0023883943771971657
D_c_xx_alone,C_XX alone compared against Delta_5 (no -C_YY),isotropic_eps0.4,0.2,XY,6.833665279864001e-20,2.0301114601035204e-19,1.3467449321171204e-19
A_one_cnot_noise_q_plus_delta,first 6Q CNOT noise set to q+0.001,isotropic_eps0.4,0.2,XZ,0.0,0.0,0.0
B_one_channel_removed,depolarizing channel after 6Q CNOT #3 removed,isotropic_eps0.4,0.2,XZ,0.0,0.0,0.0
C_one_cnot_orientation_flipped,one Alice-block CNOT control/target exchanged,isotropic_eps0.4,0.2,XZ,0.0,0.0,0.0
D_c_xx_alone,C_XX alone compared against Delta_5 (no -C_YY),isotropic_eps0.4,0.2,XZ,0.0,0.0,0.0
A_one_cnot_noise_q_plus_delta,first 6Q CNOT noise set to q+0.001,isotropic_eps0.4,0.2,YI,0.0,0.0,0.0
B_one_channel_removed,depolarizing channel after 6Q CNOT #3 removed,isotropic_eps0.4,0.2,YI,0.0,0.0,0.0
C_one_cnot_orientation_flipped,one Alice-block CNOT control/target exchanged,isotropic_eps0.4,0.2,YI,0.0,0.0,0.0
D_c_xx_alone,C_XX alone compared against Delta_5 (no -C_YY),isotropic_eps0.4,0.2,YI,0.0,0.0,0.0
A_one_cnot_noise_q_plus_delta,first 6Q CNOT noise set to q+0.001,isotropic_eps0.4,0.2,YX,3.967012832179401e-19,2.811484861098722e-19,1.155527971080679e-19
B_one_channel_removed,depolarizing channel after 6Q CNOT #3 removed,isotropic_eps0.4,0.2,YX,3.967012832179401e-19,-1.7347234759768082e-19,5.701736308156209e-19
C_one_cnot_orientation_flipped,one Alice-block CNOT control/target exchanged,isotropic_eps0.4,0.2,YX,3.967012832179401e-19,1.7889335846010823e-18,1.3922323013831423e-18
D_c_xx_alone,C_XX alone compared against Delta_5 (no -C_YY),isotropic_eps0.4,0.2,YX,3.967012832179401e-19,-3.4668936773893677e-19,7.433906509568768e-19
A_one_cnot_noise_q_plus_delta,first 6Q CNOT noise set to q+0.001,isotropic_eps0.4,0.2,YY,-0.013510798882111482,-0.013493910383508851,1.688849860263103e-05
B_one_channel_removed,depolarizing channel after 6Q CNOT #3 removed,isotropic_eps0.4,0.2,YY,-0.013510798882111482,-0.016888498602639357,0.003377699720527875
C_one_cnot_orientation_flipped,one Alice-block CNOT control/target exchanged,isotropic_eps0.4,0.2,YY,-0.013510798882111482,-4.336808689942018e-19,0.013510798882111482
D_c_xx_alone,C_XX alone compared against Delta_5 (no -C_YY),isotropic_eps0.4,0.2,YY,-0.013510798882111482,-0.008444249301319682,0.0050665495807918
A_one_cnot_noise_q_plus_delta,first 6Q CNOT noise set to q+0.001,isotropic_eps0.4,0.2,YZ,0.0,0.0,0.0
B_one_channel_removed,depolarizing channel after 6Q CNOT #3 removed,isotropic_eps0.4,0.2,YZ,0.0,0.0,0.0
C_one_cnot_orientation_flipped,one Alice-block CNOT control/target exchanged,isotropic_eps0.4,0.2,YZ,0.0,0.0,0.0
D_c_xx_alone,C_XX alone compared against Delta_5 (no -C_YY),isotropic_eps0.4,0.2,YZ,0.0,0.0,0.0
A_one_cnot_noise_q_plus_delta,first 6Q CNOT noise set to q+0.001,isotropic_eps0.4,0.2,ZI,0.0,-1.734723475976807e-18,1.734723475976807e-18
B_one_channel_removed,depolarizing channel after 6Q CNOT #3 removed,isotropic_eps0.4,0.2,ZI,0.0,0.0,0.0
C_one_cnot_orientation_flipped,one Alice-block CNOT control/target exchanged,isotropic_eps0.4,0.2,ZI,0.0,0.025698612310717347,0.025698612310717347
D_c_xx_alone,C_XX alone compared against Delta_5 (no -C_YY),isotropic_eps0.4,0.2,ZI,0.0,-8.673617379884035e-19,8.673617379884035e-19
A_one_cnot_noise_q_plus_delta,first 6Q CNOT noise set to q+0.001,isotropic_eps0.4,0.2,ZX,0.0,0.0,0.0
B_one_channel_removed,depolarizing channel after 6Q CNOT #3 removed,isotropic_eps0.4,0.2,ZX,0.0,0.0,0.0
C_one_cnot_orientation_flipped,one Alice-block CNOT control/target exchanged,isotropic_eps0.4,0.2,ZX,0.0,0.0,0.0
D_c_xx_alone,C_XX alone compared against Delta_5 (no -C_YY),isotropic_eps0.4,0.2,ZX,0.0,0.0,0.0
A_one_cnot_noise_q_plus_delta,first 6Q CNOT noise set to q+0.001,isotropic_eps0.4,0.2,ZY,0.0,0.0,0.0
B_one_channel_removed,depolarizing channel after 6Q CNOT #3 removed,isotropic_eps0.4,0.2,ZY,0.0,0.0,0.0
C_one_cnot_orientation_flipped,one Alice-block CNOT control/target exchanged,isotropic_eps0.4,0.2,ZY,0.0,0.0,0.0
D_c_xx_alone,C_XX alone compared against Delta_5 (no -C_YY),isotropic_eps0.4,0.2,ZY,0.0,0.0,0.0
A_one_cnot_noise_q_plus_delta,first 6Q CNOT noise set to q+0.001,isotropic_eps0.4,0.2,ZZ,0.015199648742375421,0.01518064918144746,1.8999560927960776e-05
B_one_channel_removed,depolarizing channel after 6Q CNOT #3 removed,isotropic_eps0.4,0.2,ZZ,0.015199648742375421,0.018999560927969283,0.0037999121855938622
C_one_cnot_orientation_flipped,one Alice-block CNOT control/target exchanged,isotropic_eps0.4,0.2,ZZ,0.015199648742375421,-2.6020852139652106e-18,0.015199648742375425
D_c_xx_alone,C_XX alone compared against Delta_5 (no -C_YY),isotropic_eps0.4,0.2,ZZ,0.015199648742375421,0.009526168743051268,0.005673479999324153
A_one_cnot_noise_q_plus_delta,first 6Q CNOT noise set to q+0.001,rand_mixed_00,0.05,II,0.21277652327893987,0.2127178416880765,5.868159086336311e-05
B_one_channel_removed,depolarizing channel after 6Q CNOT #3 removed,rand_mixed_00,0.05,II,0.21277652327893987,0.223975287662042,0.011198764383102133
C_one_cnot_orientation_flipped,one Alice-block CNOT control/target exchanged,rand_mixed_00,0.05,II,0.21277652327893987,-0.05227359388068728,0.2650501171596271
D_c_xx_alone,C_XX alone compared against Delta_5 (no -C_YY),rand_mixed_00,0.05,II,0.21277652327893987,0.21277652327893987,0.0
A_one_cnot_noise_q_plus_delta,first 6Q CNOT noise set to q+0.001,rand_mixed_00,0.05,IX,-0.07165195710575686,-0.07162680948733383,2.5147618423038143e-05
B_one_channel_removed,depolarizing channel after 6Q CNOT #3 removed,rand_mixed_00,0.05,IX,-0.07165195710575686,-0.07542311274290195,0.003771155637145085
C_one_cnot_orientation_flipped,one Alice-block CNOT control/target exchanged,rand_mixed_00,0.05,IX,-0.07165195710575686,0.023136361727816017,0.09478831883357289
D_c_xx_alone,C_XX alone compared against Delta_5 (no -C_YY),rand_mixed_00,0.05,IX,-0.07165195710575686,-0.07165195710575686,0.0
A_one_cnot_noise_q_plus_delta,first 6Q CNOT noise set to q+0.001,rand_mixed_00,0.05,IY,0.01385284255280455,0.013870132616424898,1.729006362034824e-05
B_one_channel_removed,depolarizing channel after 6Q CNOT #3 removed,rand_mixed_00,0.05,IY,0.01385284255280455,0.014581939529267965,0.0007290969764634156
C_one_cnot_orientation_flipped,one Alice-block CNOT control/target exchanged,rand_mixed_00,0.05,IY,0.01385284255280455,0.022623049446438552,0.008770206893634003
D_c_xx_alone,C_XX alone compared against Delta_5 (no -C_YY),rand_mixed_00,0.05,IY,0.01385284255280455,0.013852842552804553,3.469446951953614e-18
A_one_cnot_noise_q_plus_delta,first 6Q CNOT noise set to q+0.001,rand_mixed_00,0.05,IZ,0.005856444876600968,0.005871254220249821,1.4809343648853474e-05
B_one_channel_removed,depolarizing channel after 6Q CNOT #3 removed,rand_mixed_00,0.05,IZ,0.005856444876600968,0.006164678817474754,0.00030823394087378664
C_one_cnot_orientation_flipped,one Alice-block CNOT control/target exchanged,rand_mixed_00,0.05,IZ,0.005856444876600968,0.0063650801179803386,0.0005086352413793708
D_c_xx_alone,C_XX alone compared against Delta_5 (no -C_YY),rand_mixed_00,0.05,IZ,0.005856444876600968,0.005856444876600966,1.734723475976807e-18
A_one_cnot_noise_q_plus_delta,first 6Q CNOT noise set to q+0.001,rand_mixed_00,0.05,XI,0.057002757383053534,0.05694275448054506,6.0002902508474176e-05
B_one_channel_removed,depolarizing channel after 6Q CNOT #3 removed,rand_mixed_00,0.05,XI,0.057002757383053534,0.0600029025084774,0.0030001451254238684
C_one_cnot_orientation_flipped,one Alice-block CNOT control/target exchanged,rand_mixed_00,0.05,XI,0.057002757383053534,-0.036714257299964234,0.09371701468301777
D_c_xx_alone,C_XX alone compared against Delta_5 (no -C_YY),rand_mixed_00,0.05,XI,0.057002757383053534,0.057002757383053534,0.0
A_one_cnot_noise_q_plus_delta,first 6Q CNOT noise set to q+0.001,rand_mixed_00,0.05,XX,-0.11200600921229922,-0.1118881081499705,0.0001179010623287291
B_one_channel_removed,depolarizing channel after 6Q CNOT #3 removed,rand_mixed_00,0.05,XX,-0.11200600921229922,-0.11790106232873604,0.005895053116436816
C_one_cnot_orientation_flipped,one Alice-block CNOT control/target exchanged,rand_mixed_00,0.05,XX,-0.11200600921229922,0.01802335962540402,0.13002936883770325
D_c_xx_alone,C_XX alone compared against Delta_5 (no -C_YY),rand_mixed_00,0.05,XX,-0.11200600921229922,-0.111659984836562,0.00034602437573721945
A_one_cnot_noise_q_plus_delta,first 6Q CNOT noise set to q+0.001,rand_mixed_00,0.05,XY,-0.04954997334956695,-0.04949781548288319,5.2157866683756604e-05
B_one_channel_removed,depolarizing channel after 6Q CNOT #3 removed,rand_mixed_00,0.05,XY,-0.04954997334956695,-0.0521578666837547,0.002607893334187754
C_one_cnot_orientation_flipped,one Alice-block CNOT control/target exchanged,rand_mixed_00,0.05,XY,-0.04954997334956695,0.013484412670143572,0.06303438601971052
D_c_xx_alone,C_XX alone compared against Delta_5 (no -C_YY),rand_mixed_00,0.05,XY,-0.04954997334956695,-0.049274902188559774,0.0002750711610071746
A_one_cnot_noise_q_plus_delta,first 6Q CNOT noise set to q+0.001,rand_mixed_00,0.05,XZ,-0.03166249897980593,-0.03162917003351141,3.3328946294521045e-05
B_one_channel_removed,depolarizing channel after 6Q CNOT #3 removed,rand_mixed_00,0.05,XZ,-0.03166249897980593,-0.03332894629453255,0.0016664473147266212
C_one_cnot_orientation_flipped,one Alice-block CNOT control/target exchanged,rand_mixed_00,0.05,XZ,-0.03166249897980593,0.013837959789478356,0.04550045876928428
D_c_xx_alone,C_XX alone compared against Delta_5 (no -C_YY),rand_mixed_00,0.05,XZ,-0.03166249897980593,-0.03216353850292927,0.000501039523123345
A_one_cnot_noise_q_plus_delta,first 6Q CNOT noise set to q+0.001,rand_mixed_00,0.05,YI,0.05192180060606483,0.05186714607911106,5.465452695376655e-05
B_one_channel_removed,depolarizing channel after 6Q CNOT #3 removed,rand_mixed_00,0.05,YI,0.05192180060606483,0.05465452695375246,0.0027327263476876335
C_one_cnot_orientation_flipped,one Alice-block CNOT control/target exchanged,rand_mixed_00,0.05,YI,0.05192180060606483,-5.204170427930421e-18,0.051921800606064834
D_c_xx_alone,C_XX alone compared against Delta_5 (no -C_YY),rand_mixed_00,0.05,YI,0.05192180060606483,0.05192180060606484,1.3877787807814457e-17
A_one_cnot_noise_q_plus_delta,first 6Q CNOT noise set to q+0.001,rand_mixed_00,0.05,YX,-0.026150534621364418,-0.026123007742815625,2.7526878548792683e-05
B_one_channel_removed,depolarizing channel after 6Q CNOT #3 removed,rand_mixed_00,0.05,YX,-0.026150534621364418,-0.027526878548804652,0.0013763439274402343
C_one_cnot_orientation_flipped,one Alice-block CNOT control/target exchanged,rand_mixed_00,0.05,YX,-0.026150534621364418,-1.9081958235744878e-17,0.0261505346213644
D_c_xx_alone,C_XX alone compared against Delta_5 (no -C_YY),rand_mixed_00,0.05,YX,-0.026150534621364418,-0.02581970712156923,0.0003308274997951867
A_one_cnot_noise_q_plus_delta,first 6Q CNOT noise set to q+0.001,rand_mixed_00,0.05,YY,-0.013246539865288471,-0.01323259613911448,1.3943726173991366e-05
B_one_channel_removed,depolarizing channel after 6Q CNOT #3 removed,rand_mixed_00,0.05,YY,-0.013246539865288471,-0.013943726173987866,0.0006971863086993949
C_one_cnot_orientation_flipped,one Alice-block CNOT control/target exchanged,rand_mixed_00,0.05,YY,-0.013246539865288471,-1.474514954580286e-17,0.013246539865288457
D_c_xx_alone,C_XX alone compared against Delta_5 (no -C_YY),rand_mixed_00,0.05,YY,-0.013246539865288471,-0.016158189572020552,0.0029116497067320814
A_one_cnot_noise_q_plus_delta,first 6Q CNOT noise set to q+0.001,rand_mixed_00,0.05,YZ,-0.026611445133068318,-0.026583433085559827,2.8012047508491067e-05
B_one_channel_removed,depolarizing channel after 6Q CNOT #3 removed,rand_mixed_00,0.05,YZ,-0.026611445133068318,-0.028012047508492982,0.0014006023754246644
C_one_cnot_orientation_flipped,one Alice-block CNOT control/target exchanged,rand_mixed_00,0.05,YZ,-0.026611445133068318,-9.991444719753204e-05,0.026511530685870786
D_c_xx_alone,C_XX alone compared against Delta_5 (no -C_YY),rand_mixed_00,0.05,YZ,-0.026611445133068318,-0.02298226484194277,0.0036291802911255465
A_one_cnot_noise_q_plus_delta,first 6Q CNOT noise set to q+0.001,rand_mixed_00,0.05,ZI,-0.043037012510811795,-0.04299171039237937,4.5302118432427596e-05
B_one_channel_removed,depolarizing channel after 6Q CNOT #3 removed,rand_mixed_00,0.05,ZI,-0.043037012510811795,-0.04530211843243348,0.002265105921621685
C_one_cnot_orientation_flipped,one Alice-block CNOT control/target exchanged,rand_mixed_00,0.05,ZI,-0.043037012510811795,0.1484847503233941,0.19152176283420588
D_c_xx_alone,C_XX alone compared against Delta_5 (no -C_YY),rand_mixed_00,0.05,ZI,-0.043037012510811795,-0.04303701251081184,4.163336342344337e-17
A_one_cnot_noise_q_plus_delta,first 6Q CNOT noise set to q+0.001,rand_mixed_00,0.05,ZX,0.006560032301538312,0.00655312700437878,6.905297159531983e-06
B_one_channel_removed,depolarizing channel after 6Q CNOT #3 removed,rand_mixed_00,0.05,ZX,0.006560032301538312,0.006905297159514011,0.0003452648579756988
C_one_cnot_orientation_flipped,one Alice-block CNOT control/target exchanged,rand_mixed_00,0.05,ZX,0.006560032301538312,-0.049820937307681,0.05638096960921932
D_c_xx_alone,C_XX alone compared against Delta_5 (no -C_YY),rand_mixed_00,0.05,ZX,0.006560032301538312,0.009602991224899689,0.003042958923361377
A_one_cnot_noise_q_plus_delta,first 6Q CNOT noise set to q+0.001,rand_mixed_00,0.05,ZY,0.014232646717426585,0.01421766498403982,1.4981733386765228e-05
B_one_channel_removed,depolarizing channel after 6Q CNOT #3 removed,rand_mixed_00,0.05,ZY,0.014232646717426585,0.014981733386764826,0.0007490866693382406
C_one_cnot_orientation_flipped,one Alice-block CNOT control/target exchanged,rand_mixed_00,0.05,ZY,0.014232646717426585,0.010376170166369166,0.0038564765510574195
D_c_xx_alone,C_XX alone compared against Delta_5 (no -C_YY),rand_mixed_00,0.05,ZY,0.014232646717426585,0.00446821945334099,0.009764427264085596
A_one_cnot_noise_q_plus_delta,first 6Q CNOT noise set to q+0.001,rand_mixed_00,0.05,ZZ,-0.0017963604101662312,-0.0017944695044713292,1.8909056949019398e-06
B_one_channel_removed,depolarizing channel after 6Q CNOT #3 removed,rand_mixed_00,0.05,ZZ,-0.0017963604101662312,-0.0018909056949118555,9.454528474562435e-05
C_one_cnot_orientation_flipped,one Alice-block CNOT control/target exchanged,rand_mixed_00,0.05,ZZ,-0.0017963604101662312,0.004162541729424023,0.005958902139590255
D_c_xx_alone,C_XX alone compared against Delta_5 (no -C_YY),rand_mixed_00,0.05,ZZ,-0.0017963604101662312,0.004348949052007474,0.006145309462173705
A_one_cnot_noise_q_plus_delta,first 6Q CNOT noise set to q+0.001,rand_mixed_00,0.2,II,0.03332377772041621,0.033316845006419904,6.932713996307682e-06
B_one_channel_removed,depolarizing channel after 6Q CNOT #3 removed,rand_mixed_00,0.2,II,0.03332377772041621,0.04165472215052028,0.00833094443010407
C_one_cnot_orientation_flipped,one Alice-block CNOT control/target exchanged,rand_mixed_00,0.2,II,0.03332377772041621,-0.006169590688057396,0.03949336840847361
D_c_xx_alone,C_XX alone compared against Delta_5 (no -C_YY),rand_mixed_00,0.2,II,0.03332377772041621,0.033323777720416226,1.3877787807814457e-17
A_one_cnot_noise_q_plus_delta,first 6Q CNOT noise set to q+0.001,rand_mixed_00,0.2,IX,-0.00692929757859803,-0.00692702966656226,2.2679120357700644e-06
B_one_channel_removed,depolarizing channel after 6Q CNOT #3 removed,rand_mixed_00,0.2,IX,-0.00692929757859803,-0.00866162197324754,0.0017323243946495096
C_one_cnot_orientation_flipped,one Alice-block CNOT control/target exchanged,rand_mixed_00,0.2,IX,-0.00692929757859803,0.001757076989203084,0.008686374567801114
D_c_xx_alone,C_XX alone compared against Delta_5 (no -C_YY),rand_mixed_00,0.2,IX,-0.00692929757859803,-0.00692929757859803,0.0
A_one_cnot_noise_q_plus_delta,first 6Q CNOT noise set to q+0.001,rand_mixed_00,0.2,IY,0.0019951897830041013,0.00199674906956254,1.5592865584388056e-06
B_one_channel_removed,depolarizing channel after 6Q CNOT #3 removed,rand_mixed_00,0.2,IY,0.0019951897830041013,0.0024939872287551264,0.0004987974457510251
C_one_cnot_orientation_flipped,one Alice-block CNOT control/target exchanged,rand_mixed_00,0.2,IY,0.0019951897830041013,0.0017180937986524555,0.00027709598435164576
D_c_xx_alone,C_XX alone compared against Delta_5 (no -C_YY),rand_mixed_00,0.2,IY,0.0019951897830041013,0.0019951897830041013,0.0
A_one_cnot_noise_q_plus_delta,first 6Q CNOT noise set to q+0.001,rand_mixed_00,0.2,IZ,0.0010402188797209153,0.0010417525810241584,1.5337013032430853e-06
B_one_channel_removed,depolarizing channel after 6Q CNOT #3 removed,rand_mixed_00,0.2,IZ,0.0010402188797209153,0.0013002735996511432,0.00026005471993022786
C_one_cnot_orientation_flipped,one Alice-block CNOT control/target exchanged,rand_mixed_00,0.2,IZ,0.0010402188797209153,0.000570211643373505,0.0004700072363474103
D_c_xx_alone,C_XX alone compared against Delta_5 (no -C_YY),rand_mixed_00,0.2,IZ,0.0010402188797209153,0.001040218879720915,4.336808689942018e-19
A_one_cnot_noise_q_plus_delta,first 6Q CNOT noise set to q+0.001,rand_mixed_00,0.2,XI,0.0057638772282837415,0.0057566723817483855,7.204846535355941e-06
B_one_channel_removed,depolarizing channel after 6Q CNOT #3 removed,rand_mixed_00,0.2,XI,0.0057638772282837415,0.007204846535354678,0.0014409693070709367
C_one_cnot_orientation_flipped,one Alice-block CNOT control/target exchanged,rand_mixed_00,0.2,XI,0.0057638772282837415,-0.003962371013752353,0.009726248242036094
D_c_xx_alone,C_XX alone compared against Delta_5 (no -C_YY),rand_mixed_00,0.2,XI,0.0057638772282837415,0.0057638772282837415,0.0
A_one_cnot_noise_q_plus_delta,first 6Q CNOT noise set to q+0.001,rand_mixed_00,0.2,XX,-0.007163139859500312,-0.007154185934675939,8.953924824373245e-06
B_one_channel_removed,depolarizing channel after 6Q CNOT #3 removed,rand_mixed_00,0.2,XX,-0.007163139859500312,-0.008953924824375391,0.0017907849648750793
C_one_cnot_orientation_flipped,one Alice-block CNOT control/target exchanged,rand_mixed_00,0.2,XX,-0.007163139859500312,0.0011526510643739946,0.008315790923874307
D_c_xx_alone,C_XX alone compared against Delta_5 (no -C_YY),rand_mixed_00,0.2,XX,-0.007163139859500312,-0.007141010502194993,2.2129357305319085e-05
A_one_cnot_noise_q_plus_delta,first 6Q CNOT noise set to q+0.001,rand_mixed_00,0.2,XY,-0.003168878095323536,-0.003164916997704381,3.9610976191547555e-06
B_one_channel_removed,depolarizing channel after 6Q CNOT #3 removed,rand_mixed_00,0.2,XY,-0.003168878095323536,-0.00396109761915442,0.0007922195238308839
C_one_cnot_orientation_flipped,one Alice-block CNOT control/target exchanged,rand_mixed_00,0.2,XY,-0.003168878095323536,0.000862370997402253,0.004031249092725789
D_c_xx_alone,C_XX alone compared against Delta_5 (no -C_YY),rand_mixed_00,0.2,XY,-0.003168878095323536,-0.0031512864213458047,1.7591673977731224e-05
A_one_cnot_noise_q_plus_delta,first 6Q CNOT noise set to q+0.001,rand_mixed_00,0.2,XZ,-0.0021071887272122642,-0.0021045547413032486,2.6339859090156008e-06
B_one_channel_removed,depolarizing channel after 6Q CNOT #3 removed,rand_mixed_00,0.2,XZ,-0.0021071887272122642,-0.0026339859090153297,0.0005267971818030655
C_one_cnot_orientation_flipped,one Alice-block CNOT control/target exchanged,rand_mixed_00,0.2,XZ,-0.0021071887272122642,0.0009584936177047741,0.003065682344917038
D_c_xx_alone,C_XX alone compared against Delta_5 (no -C_YY),rand_mixed_00,0.2,XZ,-0.0021071887272122642,-0.002150069879474932,4.2881152262667574e-05
A_one_cnot_noise_q_plus_delta,first 6Q CNOT noise set to q+0.001,rand_mixed_00,0.2,YI,0.005603638826802607,0.005596634278269102,7.0045485335047675e-06
B_one_channel_removed,depolarizing channel after 6Q CNOT #3 removed,rand_mixed_00,0.2,YI,0.005603638826802607,0.007004548533503257,0.0014009097067006508
C_one_cnot_orientation_flipped,one Alice-block CNOT control/target exchanged,rand_mixed_00,0.2,YI,0.005603638826802607,-4.336808689942018e-19,0.005603638826802607
D_c_xx_alone,C_XX alone compared against Delta_5 (no -C_YY),rand_mixed_00,0.2,YI,0.005603638826802607,0.0056036388268026075,8.673617379884035e-19
A_one_cnot_noise_q_plus_delta,first 6Q CNOT noise set to q+0.001,rand_mixed_00,0.2,YX,-0.0016724097056121968,-0.0016703191934801821,2.0905121320146953e-06
B_one_channel_removed,depolarizing channel after 6Q CNOT #3 removed,rand_mixed_00,0.2,YX,-0.0016724097056121968,-0.002090512132015247,0.0004181024264030501
C_one_cnot_orientation_flipped,one Alice-block CNOT control/target exchanged,rand_mixed_00,0.2,YX,-0.0016724097056121968,8.131516293641283e-19,0.0016724097056121977
D_c_xx_alone,C_XX alone compared against Delta_5 (no -C_YY),rand_mixed_00,0.2,YX,-0.0016724097056121968,-0.0016512522367668424,2.1157468845354414e-05
A_one_cnot_noise_q_plus_delta,first 6Q CNOT noise set to q+0.001,rand_mixed_00,0.2,YY,-0.0008471582763890521,-0.0008460993285435672,1.0589478454848958e-06
B_one_channel_removed,depolarizing channel after 6Q CNOT #3 removed,rand_mixed_00,0.2,YY,-0.0008471582763890521,-0.0010589478454863157,0.00021178956909726355
C_one_cnot_orientation_flipped,one Alice-block CNOT control/target exchanged,rand_mixed_00,0.2,YY,-0.0008471582763890521,-8.673617379884035e-19,0.0008471582763890513
D_c_xx_alone,C_XX alone compared against Delta_5 (no -C_YY),rand_mixed_00,0.2,YY,-0.0008471582763890521,-0.0010333675183562658,0.00018620924196721363
A_one_cnot_noise_q_plus_delta,first 6Q CNOT noise set to q+0.001,rand_mixed_00,0.2,YZ,-0.0018053222051171952,-0.001803065552360797,2.2566527563981555e-06
B_one_channel_removed,depolarizing channel after 6Q CNOT #3 removed,rand_mixed_00,0.2,YZ,-0.0018053222051171952,-0.0022566527563964932,0.00045133055127929804
C_one_cnot_orientation_flipped,one Alice-block CNOT control/target exchanged,rand_mixed_00,0.2,YZ,-0.0018053222051171952,-3.03517688952203e-05,0.0017749704362219748
D_c_xx_alone,C_XX alone compared against Delta_5 (no -C_YY),rand_mixed_00,0.2,YZ,-0.0018053222051171952,-0.0015474971731834677,0.0002578250319337275
A_one_cnot_noise_q_plus_delta,first 6Q CNOT noise set to q+0.001,rand_mixed_00,0.2,ZI,-0.00498304188107154,-0.004976813078720201,6.228802351339498e-06
B_one_channel_removed,depolarizing channel after 6Q CNOT #3 removed,rand_mixed_00,0.2,ZI,-0.00498304188107154,-0.006228802351339425,0.0012457604702678848
C_one_cnot_orientation_flipped,one Alice-block CNOT control/target exchanged,rand_mixed_00,0.2,ZI,-0.00498304188107154,0.022779122148247094,0.027762164029318633
D_c_xx_alone,C_XX alone compared against Delta_5 (no -C_YY),rand_mixed_00,0.2,ZI,-0.00498304188107154,-0.004983041881071531,8.673617379884035e-18
A_one_cnot_noise_q_plus_delta,first 6Q CNOT noise set to q+0.001,rand_mixed_00,0.2,ZX,0.0005166305202296472,0.0005159847320793604,6.457881502868607e-07
B_one_channel_removed,depolarizing channel after 6Q CNOT #3 removed,rand_mixed_00,0.2,ZX,0.0005166305202296472,0.0006457881502870567,0.00012915763005740943
C_one_cnot_orientation_flipped,one Alice-block CNOT control/target exchanged,rand_mixed_00,0.2,ZX,0.0005166305202296472,-0.004643168349945659,0.005159798870175306
D_c_xx_alone,C_XX alone compared against Delta_5 (no -C_YY),rand_mixed_00,0.2,ZX,0.0005166305202296472,0.0007212044821670175,0.00020457396193737025
A_one_cnot_noise_q_plus_delta,first 6Q CNOT noise set to q+0.001,rand_mixed_00,0.2,ZY,0.0009969554458736712,0.0009957092515663288,1.2461943073424544e-06
B_one_channel_removed,depolarizing channel after 6Q CNOT #3 removed,rand_mixed_00,0.2,ZY,0.0009969554458736712,0.0012461943073420897,0.00024923886146841845
C_one_cnot_orientation_flipped,one Alice-block CNOT control/target exchanged,rand_mixed_00,0.2,ZY,0.0009969554458736712,0.0015872253612019213,0.0005902699153282501
D_c_xx_alone,C_XX alone compared against Delta_5 (no -C_YY),rand_mixed_00,0.2,ZY,0.0009969554458736712,0.00034660678102654764,0.0006503486648471236
A_one_cnot_noise_q_plus_delta,first 6Q CNOT noise set to q+0.001,rand_mixed_00,0.2,ZZ,-8.724051314676481e-05,-8.713146250533248e-05,1.0905064143232682e-07
B_one_channel_removed,depolarizing channel after 6Q CNOT #3 removed,rand_mixed_00,0.2,ZZ,-8.724051314676481e-05,-0.00010905064143345525,2.1810128286690444e-05
C_one_cnot_orientation_flipped,one Alice-block CNOT control/target exchanged,rand_mixed_00,0.2,ZZ,-8.724051314676481e-05,0.0007163684551795499,0.0008036089683263147
D_c_xx_alone,C_XX alone compared against Delta_5 (no -C_YY),rand_mixed_00,0.2,ZZ,-8.724051314676481e-05,0.00035705750935408846,0.00044429802250085327
