epsilon,q_rel_full,q_rel_first,q_rel_full_minus_first,q_Phi_minus_rel_first,q_Psi_plus_rel_first,q_Psi_minus_rel_first,limiting_component,first_violation_round_near_threshold,threshold_bracket_width,q_upper_violating,Delta_R_at_q_upper,Delta_p_of_violating_at_q_upper,parity_denominator_at_q_upper,seconds
0.02,0.006654687458649278,0.006654687458649278,0.0,0.006654687458649278,0.009886971274390819,0.009886971274390819,Phi-,0,9.313225537987968e-12,0.006654687467962503,7.375790082864153e-12,1.6467272385838755e-05,0.8986915758101215,2.2
0.05,0.016583422999829057,0.016583422999829057,0.0,0.016583422999829057,0.024288680460304028,0.024288680460304028,Phi-,0,9.313227272711444e-12,0.016583423009142284,4.215159471465668e-12,0.00010093295340152762,0.7653097989856303,2.53
0.1,0.032942058127373455,0.032942058127373455,0.0,0.032942058127373455,0.047122980291023846,0.047122980291023846,Phi-,0,9.313230742158396e-12,0.032942058136686686,1.1444352410183711e-12,0.000389188108040759,0.5852612129063035,2.98
0.15,0.04898168613202869,0.04898168613202869,0.0,0.04898168613202869,0.06845817733556032,0.06845817733556032,Phi-,0,9.313230742158396e-12,0.04898168614134192,5.834319138919852e-12,0.000839222432159871,0.4478927408529789,3.59
0.2,0.06459966701455414,0.06459966701455414,0.0,0.06459966701455414,0.08825418428517878,0.08825418428517878,Phi-,0,9.313230742158396e-12,0.06459966702386737,8.213957292113605e-12,0.0014204589953588712,0.34359105364397274,3.86
0.3,0.09412500366568566,0.09412500366568566,0.0,0.09412500366568566,0.1230944181140512,0.1230944181140512,Phi-,0,9.313216864370588e-12,0.09412500367499887,4.6408016318721934e-12,0.002830442102966804,0.20525157938131375,5.13
0.4,0.1205788680072874,0.1205788680072874,0.0,0.1205788680072874,0.15142413059249524,0.15142413059249524,Phi-,0,9.313230742158396e-12,0.12057886801660063,5.565298222265369e-12,0.0042898036042213344,0.1269418136740293,9.85
0.5,0.14298518594354395,0.14298518594354395,0.0,0.14298518594354395,0.17307752532884474,0.17307752532884474,Phi-,0,9.313244619946204e-12,0.1429851859528572,9.068246153987047e-12,0.005440713930215654,0.08286949950876225,9.89
0.6,0.16037616738118232,0.16037616738118232,0.0,0.16037616738118232,0.18788359574973584,0.18788359574973584,Phi-,0,9.313244619946204e-12,0.16037616739049557,8.679446050763318e-12,0.0059578891338094575,0.058259741766044315,9.55
0.65,0.1668933433946222,0.1668933433946222,0.0,0.1668933433946222,0.19264343122951683,0.19264343122951683,Phi-,0,9.313216864370588e-12,0.1668933434039354,6.881994973895189e-12,0.005903753646466864,0.05053750928656016,9.65
0.66,0.1680072002019733,0.1680072002019733,0.0,0.1680072002019733,0.19337848398834465,0.19337848398834465,Phi-,0,9.313244619946204e-12,0.16800720021128654,7.403189172805469e-12,0.005865592179363194,0.049269491575507945,9.79
