epsilon,q_rel_full,q_rel_first,limiting_component,first_violation_round_near_threshold,threshold_bracket_width
0.01,0.003330447673797607,0.003330447673797607,Phi-,0,9.313225971668837e-12
0.02,0.006654687453331061,0.006654687453331061,Phi-,0,7.760349654550858e-12
0.03,0.009972053207529905,0.009972053207529905,Phi-,0,8.534334697274382e-12
0.04,0.013281863749967884,0.013281863749967884,Phi-,0,9.306720324953055e-12
0.05,0.016583423003944876,0.016583423003944876,Phi-,0,5.038674338875282e-12
0.060000000000000005,0.01987602005249721,0.01987602005249721,Phi-,0,5.423023141659655e-12
0.06999999999999999,0.023158929318825766,0.023158929318825766,Phi-,0,5.8063345798053945e-12
0.08,0.026431410709412184,0.026431410709412184,Phi-,0,6.188511508797845e-12
0.09,0.029692709821243647,0.029692709821243647,Phi-,0,6.569481070251015e-12
0.09999999999999999,0.03294205813283232,0.03294205813283232,Phi-,0,6.949142650203299e-12
0.11,0.03617867328306791,0.03617867328306791,Phi-,0,6.984919587171845e-12
0.12,0.03940175932912286,0.03940175932912286,Phi-,0,6.984919587171845e-12
0.13,0.04261050704015548,0.04261050704015548,Phi-,0,6.984919587171845e-12
0.14,0.045804094235283685,0.045804094235283685,Phi-,0,6.984919587171845e-12
0.15000000000000002,0.04898168613283092,0.04898168613283092,Phi-,0,6.984919587171845e-12
0.16,0.052142435734496805,0.052142435734496805,Phi-,0,6.984919587171845e-12
0.17,0.05528548422349747,0.05528548422349747,Phi-,0,6.984919587171845e-12
0.18000000000000002,0.058409961418585295,0.058409961418585295,Phi-,0,6.984919587171845e-12
0.19,0.06151498620012905,0.06151498620012905,Phi-,0,6.984919587171845e-12
0.2,0.06459966701302808,0.06459966701302808,Phi-,0,6.984912648277941e-12
0.21000000000000002,0.06766310235565659,0.06766310235565659,Phi-,0,6.984912648277941e-12
0.22,0.0707043813107176,0.0707043813107176,Phi-,0,6.984912648277941e-12
0.23,0.07372258406212687,0.07372258406212687,Phi-,0,6.984926526065749e-12
0.24000000000000002,0.07671678248174621,0.07671678248174621,Phi-,0,6.984912648277941e-12
0.25,0.0796860406811921,0.0796860406811921,Phi-,0,6.984926526065749e-12
0.26,0.08262941560555379,0.08262941560555379,Phi-,0,6.984912648277941e-12
0.27,0.08554595760615671,0.08554595760615671,Phi-,0,6.984926526065749e-12
0.28,0.08843471106920522,0.08843471106920522,Phi-,0,6.984912648277941e-12
0.29000000000000004,0.09129471500950068,0.09129471500950068,Phi-,0,6.984912648277941e-12
0.3,0.09412500367114454,0.09412500367114454,Phi-,0,6.984912648277941e-12
0.31,0.09692460713522644,0.09692460713522644,Phi-,0,6.984912648277941e-12
0.32,0.09969255194148184,0.09969255194148184,Phi-,0,6.984926526065749e-12
0.33,0.10242786166105552,0.10242786166105552,Phi-,0,6.984926526065749e-12
0.34,0.10512955749021974,0.10512955749021974,Phi-,0,6.984926526065749e-12
0.35000000000000003,0.10779665881615261,0.10779665881615261,Phi-,0,6.984912648277941e-12
0.36000000000000004,0.11042818378271663,0.11042818378271663,Phi-,0,6.984926526065749e-12
0.37,0.11302314980734268,0.11302314980734268,Phi-,0,6.984912648277941e-12
0.38,0.1155805740839442,0.1155805740839442,Phi-,0,6.984926526065749e-12
0.39,0.11809947409281638,0.11809947409281638,Phi-,0,6.984912648277941e-12
0.4,0.12057886800576131,0.12057886800576131,Phi-,0,6.984912648277941e-12
0.41000000000000003,0.1230177751540778,0.1230177751540778,Phi-,0,6.984912648277941e-12
0.42000000000000004,0.1254152163428826,0.1254152163428826,Phi-,0,6.984912648277941e-12
0.43,0.1277702142282961,0.1277702142282961,Phi-,0,6.984912648277941e-12
0.44,0.13008179358286914,0.13008179358286914,Phi-,0,6.984912648277941e-12
0.45,0.13234898156101021,0.13234898156101021,Phi-,0,6.984912648277941e-12
0.46,0.1345708078666232,0.1345708078666232,Phi-,0,6.984940403853557e-12
0.47000000000000003,0.13674630489280593,0.13674630489280593,Phi-,0,6.984912648277941e-12
0.48000000000000004,0.1388745078126542,0.1388745078126542,Phi-,0,6.984912648277941e-12
0.49,0.14095445458624656,0.14095445458624656,Phi-,0,6.984940403853557e-12
0.5,0.14298518593968967,0.14298518593968967,Phi-,0,6.984912648277941e-12
0.51,0.1449657452533595,0.1449657452533595,Phi-,0,6.984940403853557e-12
0.52,0.14689517835933863,0.14689517835933863,Phi-,0,6.984940403853557e-12
0.53,0.14877253337377838,0.14877253337377838,Phi-,0,6.984912648277941e-12
0.54,0.15059686030574299,0.15059686030574299,Phi-,0,6.984912648277941e-12
0.55,0.15236721076384344,0.15236721076384344,Phi-,0,6.984940403853557e-12
0.56,0.15408263743236816,0.15408263743236816,Phi-,0,6.984912648277941e-12
0.5700000000000001,0.1557421935963087,0.1557421935963087,Phi-,0,6.984940403853557e-12
0.5800000000000001,0.157344932505732,0.157344932505732,Phi-,0,6.984912648277941e-12
0.59,0.15888990672618303,0.15888990672618303,Phi-,0,6.984912648277941e-12
0.6,0.16037616738431312,0.16037616738431312,Phi-,0,6.984940403853557e-12
0.61,0.16180276330175036,0.16180276330175036,Phi-,0,6.984912648277941e-12
0.62,0.1631687401359544,0.1631687401359544,Phi-,0,6.984912648277941e-12
0.63,0.16447313936041819,0.16447313936041819,Phi-,0,6.984940403853557e-12
0.64,0.16571499717502075,0.16571499717502075,Phi-,0,6.984912648277941e-12
0.65,0.16689334339542466,0.16689334339542466,Phi-,0,6.984912648277941e-12
