epsilon,q_Phi_minus_first,q_Psi_plus_first,q_Psi_minus_first,q_Phi_minus_all,q_Psi_plus_all,q_Psi_minus_all,all_round_binding_round_Phi_minus,all_round_binding_round_Psi_plus,all_round_binding_round_Psi_minus
0.02,0.01878862255252898,0.009707058826461439,0.01878862255252898,0.017952263460028917,0.009707058826461439,0.017952256463468076,5,0,5
0.05,0.04311808989150451,0.02323109224089421,0.04311808989150451,0.03907463829382323,0.02323109224089421,0.039074642251944174,7,0,7
0.1,0.07601363038993442,0.04329794030054473,0.07601363038993442,0.06676401883596556,0.04329794030054473,0.06676402651937678,10,0,10
0.15,0.10203379055019468,0.06066541727050207,0.10203379055019468,0.08907336592092183,0.06066541727050207,0.08907336893025788,12,0,12
0.2,0.1230903019721154,0.07569736135192216,0.1230903019721154,0.10759722883813083,0.07569736135192216,0.10759722845978104,14,0,14
0.3,0.15466807427001183,0.09984465898014602,0.15466807427001183,0.1360557345789858,0.09984465898014602,0.1360557345440612,19,0,19
0.4,0.1763037908298429,0.11739957833196968,0.1763037908298429,0.15595221851253882,0.11739957833196968,0.15595221850671806,26,0,26
0.5,0.19072498655295925,0.12940023895935157,0.19072498655295925,0.16934194401255812,0.12940023895935157,0.16934194401255812,34,0,34
0.6,0.1993475101306103,0.136455003649462,0.1993475101306103,0.1773501476214733,0.136455003649462,0.1773501476214733,48,0,48
0.65,0.20171475143288264,0.13822518401429987,0.20171475143288264,0.17953495217370807,0.13822518401429987,0.17953495217370807,57,0,57
0.66,0.2020384698815178,0.138440481305588,0.2020384698815178,0.17983269941178148,0.138440481305588,0.17983269941178148,59,0,59
