epsilon,q_abs_full,q_abs_first_round,q_abs_full_minus_first,q_Phi_minus_first,q_Psi_plus_first,q_Psi_minus_first,limiting_Bell_component,first_violation_round_near_threshold,threshold_bracket_width,q_upper_violating,Delta_p_at_q_upper,P_succ_at_q_upper,seconds
0.02,0.009707058826461439,0.009707058826461439,0.0,0.01878862255252898,0.009707058826461439,0.01878862255252898,Psi+,0,5.8207657444020455e-12,0.009707058832282204,1.3495957823517202e-12,0.940517116414375,0.31
0.05,0.02323109224089421,0.02323109224089421,0.0,0.04311808989150451,0.02323109224089421,0.04311808989150451,Psi+,0,5.8207674791255215e-12,0.023231092246714977,3.3660348813802088e-12,0.8614771735172772,0.38
0.1,0.04329794030054473,0.04329794030054473,0.0,0.07601363038993442,0.04329794030054473,0.07601363038993442,Psi+,0,5.8207674791255215e-12,0.043297940306365496,3.339228199505939e-12,0.7519115165777954,0.51
0.15,0.06066541727050207,0.06066541727050207,0.0,0.10203379055019468,0.06066541727050207,0.10203379055019468,Psi+,0,5.8207674791255215e-12,0.06066541727632284,2.4874269310970476e-12,0.663891623950692,0.56
0.2,0.07569736135192216,0.07569736135192216,0.0,0.1230903019721154,0.07569736135192216,0.1230903019721154,Psi+,0,5.8207744180194254e-12,0.07569736135774294,1.4162213068935614e-12,0.5922305512538504,0.73
0.3,0.09984465898014602,0.09984465898014602,0.0,0.15466807427001183,0.09984465898014602,0.15466807427001183,Psi+,0,5.820760540231618e-12,0.09984465898596678,2.420383338197496e-12,0.4841436932925447,1.02
0.4,0.11739957833196968,0.11739957833196968,0.0,0.1763037908298429,0.11739957833196968,0.1763037908298429,Psi+,0,5.820760540231618e-12,0.11739957833779044,1.9274998264151577e-12,0.4082813843813317,1.37
0.5,0.12940023895935157,0.12940023895935157,0.0,0.19072498655295925,0.12940023895935157,0.19072498655295925,Psi+,0,5.820760540231618e-12,0.12940023896517233,1.063815702195825e-12,0.3537592759497645,1.7
0.6,0.136455003649462,0.136455003649462,0.0,0.1993475101306103,0.136455003649462,0.1993475101306103,Psi+,0,5.820788295807233e-12,0.1364550036552828,3.7470582192611346e-12,0.31417440345681447,2.09
0.65,0.13822518401429987,0.13822518401429987,0.0,0.20171475143288264,0.13822518401429987,0.20171475143288264,Psi+,0,5.820760540231618e-12,0.13822518402012063,3.4013625249684765e-12,0.2987122680677332,3.23
0.66,0.138440481305588,0.138440481305588,0.0,0.2020384698815178,0.138440481305588,0.2020384698815178,Psi+,0,5.820788295807233e-12,0.1384404813114088,1.4460377339986508e-12,0.29592031581600503,4.0
