epsilon,max_off_Bell_weight_before_convergence,below_threshold_converged,below_threshold_trusted,below_threshold_n_trusted,below_threshold_rounds_run,below_P_succ_min,below_P_succ_final,below_worst_delta_p,below_worst_component,below_worst_round,limiting_at_q_upper,bracket_monotone,bracket_sign_changes
0.02,1.5091543409601215e-33,True,True,,8,0.9405171164319277,0.9499587206932107,-1.4953316362920077e-15,Phi-,7,Psi+,True,1
0.05,8.85056143854061e-33,True,True,,11,0.8614771735329902,0.8832330627638157,2.298976981007783e-13,Psi+,0,Psi+,True,1
0.1,8.205915362799049e-33,True,True,,14,0.7519115165909064,0.790336121251125,1.987993103469421e-15,Psi+,0,Psi+,True,1
0.15,1.0956872623640386e-32,True,True,,17,0.66389162396166,0.715470573293487,-7.806255641895632e-16,Phi-,16,Psi+,True,1
0.2,8.705486490088566e-33,True,True,,20,0.592230551263035,0.6545319183058362,-1.061650767297806e-15,Psi-,19,Psi+,True,1
0.3,1.1018657796878024e-32,True,True,,26,0.4841436932989593,0.5634755913780777,-2.4980018054066022e-15,Psi-,25,Psi+,True,1
0.4,1.0661689204972491e-32,True,True,,33,0.40828138438573497,0.5019531532581454,-3.1433189384699745e-15,Phi-,32,Psi+,True,1
0.5,1.2965199693272577e-32,True,True,,41,0.3537592759526815,0.4617846584218045,-2.0122792321330962e-15,Phi-,40,Psi+,True,1
0.6,1.24628070663686e-32,True,True,,47,0.3141744034586298,0.4387432768637001,5.622169396701793e-13,Psi+,0,Psi+,True,1
0.65,9.749267288922041e-33,True,True,,49,0.2987122680691136,0.43301489073156507,4.90357754401316e-13,Psi+,0,Psi+,True,1
0.66,1.3685238201229337e-32,True,True,,50,0.29592031581730666,0.43231943362162495,-2.1371793224034263e-15,Phi-,49,Psi+,True,1
