epsilon,q,ratio_a1_over_a0,quadratic_coefficient,at_round_off
0.15,0.0,1.2628937821498513e-06,0.8930007573090215,False
0.15,0.005,1.2562440579501507e-06,0.8882986922342216,False
0.15,0.01,1.2495134783626284e-06,0.8835394537663955,False
0.15,0.02,1.235715530424094e-06,0.8737828312122435,False
0.15,0.03,1.2214129581418912e-06,0.8636693853627186,False
0.15,0.05,1.1912693035595695e-06,0.8423546027970376,False
0.5,0.0,2.28571918871376e-06,1.616247538290519,False
0.5,0.005,2.261151490776856e-06,1.598875552480516,False
0.5,0.01,2.2364960160790668e-06,1.5814414991276586,False
0.5,0.02,2.1869740645364822e-06,1.5464241913729446,False
0.5,0.03,2.137129862539557e-06,1.5111790181367173,False
0.5,0.05,2.0366735985512762e-06,1.4401457126551778,False
