Delta_F_at_q0,bracket_hi,bracket_lo,bracket_width,epsilon,iterations,n_sign_changes,q_gain_num,scan_abs_max,scan_max,scan_min,status,tolerance,unique
-2.220446049250313e-16,,,,0.0,,0,,0.7039473684210527,-2.220446049250313e-16,-0.7039473684210527,no gain at any tested q,1e-10,False
0.007480965916300764,0.003506958037614822,0.003506957963109016,7.450580603862722e-11,0.01,27,1,0.003506958000361919,0.69699286706124,0.007480965916300764,-0.69699286706124,root bracketed,1e-10,True
0.03699426837491537,0.017078783288598062,0.017078783214092258,7.450580430390374e-11,0.05,27,1,0.01707878325134516,0.669176800748363,0.03699426837491537,-0.669176800748363,root bracketed,1e-10,True
0.07281341107871686,0.032990942746400825,0.03299094267189502,7.450580430390374e-11,0.1,27,1,0.03299094270914792,0.6344072164948454,0.07281341107871686,-0.6344072164948454,root bracketed,1e-10,True
0.13972602739726003,0.0611943332850933,0.061194333210587495,7.450580430390374e-11,0.2,27,1,0.0611943332478404,0.5648437500000001,0.13972602739726003,-0.5648437500000001,root bracketed,1e-10,True
0.19767206477732746,0.08449867241084577,0.08449867233633995,7.450581818169155e-11,0.3,27,1,0.08449867237359286,0.49519891242129377,0.19767206477732746,-0.49519891242129377,root bracketed,1e-10,True
0.2423076923076921,0.1029486671835184,0.1029486671090126,7.450580430390374e-11,0.4,27,1,0.1029486671462655,0.42540983606557375,0.2423076923076921,-0.42540983606557375,root bracketed,1e-10,True
0.26785714285714257,0.11665660455822943,0.11665660448372361,7.450581818169155e-11,0.5,27,1,0.11665660452097652,0.3554104477611941,0.26785714285714257,-0.3554104477611941,root bracketed,1e-10,True
0.25,0.12917371168732644,0.12917371161282065,7.450579042611594e-11,0.6666666666666666,27,1,0.12917371165007355,0.25,0.25,-0.23809523809523808,root bracketed,1e-10,True
0.20723684210526294,0.13052677214145664,0.13052677206695085,7.450579042611594e-11,0.75,27,1,0.13052677210420374,0.20723684210526294,0.20723684210526294,-0.17905405405405406,root bracketed,1e-10,True
0.08519417475728136,0.12398910872638226,0.12398910865187646,7.450580430390374e-11,0.9,27,1,0.12398910868912935,0.08519417475728136,0.08519417475728136,-0.07199781659388649,root bracketed,1e-10,True
-5.551115123125783e-17,,,,1.0,,0,,8.326672684688674e-17,0.0,-8.326672684688674e-17,degenerate: Delta_F = 0 to round-off at every q,1e-10,False
