protocol,n_cnot,q,eps,F_0,F_1,F_2,F_5,F_10,F_50,F_infty,F_infty_minus_F_0,improves,n_converged,contraction_rate_fit,contraction_rate_last_ratio,invariant_pair,invariant_pair_max_abs_diff,break_even_eps,fixed_point_same_for_every_eps,P_succ_infty
Type3,16,0.02,0.02,0.985,0.9573365616857448,0.9559013371042091,0.9558025890437435,0.9558025617835968,0.9558025617835648,0.9558025617835648,-0.029197438216435168,False,9,0.06513697968218365,0.0651430760616509,Psi+=Psi-,2.7755575615628914e-17,0.058929917621913575,True,
Type3,16,0.02,0.05,0.9625,0.9562301642674711,0.9558310470345802,0.9558025698348129,0.9558025617835744,0.9558025617835648,0.9558025617835648,-0.006697438216435203,False,9,0.06526656453552063,0.06515468019496667,Psi+=Psi-,2.7755575615628914e-17,0.058929917621913575,True,
Type3,16,0.02,0.1,0.925,0.9533831502025002,0.9556451170868815,0.955802518938645,0.9558025617835146,0.9558025617835648,0.9558025617835648,0.030802561783564775,True,9,0.06504873812063798,0.06513467554795614,Psi+=Psi-,2.7755575615628914e-17,0.058929917621913575,True,
Type3,16,0.02,0.15,0.8875,0.9490413223497959,0.9553473282302182,0.9558024371616614,0.9558025617834189,0.9558025617835648,0.9558025617835648,0.06830256178356486,True,10,0.06508216018769539,0.0651268834258525,Psi+=Psi-,2.7755575615628914e-17,0.058929917621913575,True,
Type3,16,0.02,0.2,0.85,0.942877873310959,0.954894346997205,0.9558023121394453,0.9558025617832725,0.9558025617835648,0.9558025617835648,0.10580256178356484,True,10,0.0650877906790442,0.06513940773360381,Psi+=Psi-,2.7755575615628914e-17,0.058929917621913575,True,
Type3,16,0.02,0.3,0.775,0.9234664641900613,0.9532228559164129,0.95580184404314,0.9558025617827244,0.9558025617835648,0.9558025617835648,0.1808025617835648,True,10,0.06509139476863861,0.06514237524417633,Psi+=Psi-,2.7755575615628914e-17,0.058929917621913575,True,
Type4,14,0.02,0.02,0.985,0.9650787098105651,0.9644105150239627,0.9643811171532493,0.9643811148767126,0.9643811148767123,0.9643811148767123,-0.02061888512328769,False,8,0.04270521531440265,0.04274988644561413,Psi+=Psi-,2.7755575615628914e-17,0.04749184683105027,True,
Type4,14,0.02,0.05,0.9625,0.964318378721895,0.9643793783479855,0.964381114832738,0.9643811148767123,0.9643811148767123,0.9643811148767123,0.0018811148767122754,True,7,0.030721005470098376,0.03236931466730626,Psi+=Psi-,0.0,0.04749184683105027,True,
Type4,14,0.02,0.1,0.925,0.962082746510559,0.9642850504220459,0.9643811077987576,0.9643811148767112,0.9643811148767123,0.9643811148767123,0.03938111487671225,True,8,0.04239132655946314,0.04263740842331863,Psi+=Psi-,2.7755575615628914e-17,0.04749184683105027,True,
Type4,14,0.02,0.15,0.8875,0.958394521374308,0.9641202648607958,0.9643810954942307,0.9643811148767096,0.9643811148767123,0.9643811148767123,0.07688111487671234,True,9,0.04243471765799446,0.04265798903478228,Psi+=Psi-,2.7755575615628914e-17,0.04749184683105027,True,
Type4,14,0.02,0.2,0.85,0.9529234534284492,0.9638543398577418,0.9643810755857447,0.9643811148767069,0.9643811148767123,0.9643811148767123,0.11438111487671232,True,9,0.04248457543622963,0.042639631066539785,Psi+=Psi-,2.7755575615628914e-17,0.04749184683105027,True,
Type4,14,0.02,0.3,0.775,0.93498029594641,0.9627926486845286,0.9643809953148388,0.9643811148766955,0.9643811148767123,0.9643811148767123,0.18938111487671228,True,9,0.04248298049344844,0.04269297876180735,Psi+=Psi-,2.7755575615628914e-17,0.04749184683105027,True,
4Q,5,0.02,0.02,0.985,0.9789881432963996,0.9787841817393197,0.9787757604064087,0.97877575986304,0.97877575986304,0.97877575986304,-0.006224240136959991,False,7,0.04027244725156108,0.04041161479259661,Phi-=Psi-,0.0,0.028298986849280006,True,0.8988650826480032
4Q,5,0.02,0.05,0.9625,0.9778838034496973,0.9787348654248557,0.9787757564864569,0.9787757598630396,0.97877575986304,0.97877575986304,0.016275759863039974,True,8,0.042526400377819976,0.04187672493100276,Phi-=Psi-,0.0,0.028298986849280006,True,0.8988650826480032
4Q,5,0.02,0.1,0.925,0.9750077034424698,0.9786012526894294,0.9787757457772808,0.9787757598630381,0.97877575986304,0.97877575986304,0.05377575986303995,True,9,0.042325542470518444,0.04174519076912136,Phi-=Psi-,0.0,0.028298986849280006,True,0.8988650826480032
4Q,5,0.02,0.15,0.8875,0.9705881194971825,0.9783819971141403,0.9787757280441169,0.9787757598630358,0.97877575986304,0.97877575986304,0.09127575986304004,True,9,0.04231634503528726,0.04173695326539892,Phi-=Psi-,0.0,0.028298986849280006,True,0.8988650826480032
4Q,5,0.02,0.2,0.85,0.9642874516323934,0.9780400768692901,0.9787757000972064,0.9787757598630323,0.97877575986304,0.97877575986304,0.12877575986304002,True,9,0.04219349422903797,0.04156945385213617,Phi-=Psi-,0.0,0.028298986849280006,True,0.8988650826480032
4Q,5,0.02,0.3,0.775,0.9443705048506625,0.9767212046477136,0.9787755896342164,0.9787757598630181,0.97877575986304,0.97877575986304,0.20377575986303997,True,9,0.04224571599359598,0.04159384523506319,Phi-=Psi-,0.0,0.028298986849280006,True,0.8988650826480032
