protocol,eps,q,backend,n,p_PhiP,p_PhiM,p_PsiP,p_PsiM,pop_sum,F,C_Bell,weight,diag_pop_sum_err,diag_min_pop
Type4,0.02,0.02,exact,0,0.985,0.005,0.005,0.005,1.0,0.985,0.0,nan,0.0,0.005
Type4,0.02,0.02,exact,1,0.9650787098105651,0.014872424231780285,0.010024432978827269,0.010024432978827297,0.9999999999999999,0.9650787098105651,0.0,nan,1.1102230246251565e-16,0.010024432978827269
Type4,0.02,0.02,exact,2,0.9644105150239627,0.015174720765447958,0.010207382105294704,0.010207382105294704,1.0,0.9644105150239627,0.0,nan,0.0,0.010207382105294704
Type4,0.02,0.02,exact,3,0.9643823657941466,0.015187775616402277,0.010214929294725561,0.010214929294725561,1.0,0.9643823657941466,0.0,nan,0.0,0.010214929294725561
Type4,0.02,0.02,exact,4,0.9643811682112169,0.015188340302066172,0.010215245743358442,0.01021524574335847,1.0,0.9643811682112169,0.0,nan,0.0,0.010215245743358442
Type4,0.02,0.02,exact,5,0.9643811171532493,0.015188364623524492,0.010215259111613167,0.010215259111613167,1.0,0.9643811171532493,0.0,nan,0.0,0.010215259111613167
Type4,0.02,0.02,exact,6,0.9643811149739507,0.015188365668131198,0.010215259678959032,0.010215259678959032,1.0,0.9643811149739507,0.0,nan,0.0,0.010215259678959032
Type4,0.02,0.02,exact,7,0.9643811148808675,0.015188365712919871,0.010215259703106327,0.010215259703106327,1.0,0.9643811148808675,0.0,nan,0.0,0.010215259703106327
Type4,0.02,0.02,exact,8,0.9643811148768899,0.015188365714838337,0.010215259704135893,0.010215259704135893,1.0,0.9643811148768899,0.0,nan,0.0,0.010215259704135893
Type4,0.02,0.02,exact,9,0.9643811148767201,0.015188365714920354,0.01021525970417983,0.01021525970417983,1.0,0.9643811148767201,0.0,nan,0.0,0.01021525970417983
Type4,0.02,0.02,exact,10,0.9643811148767126,0.015188365714923935,0.010215259704181662,0.01021525970418169,1.0,0.9643811148767126,0.0,nan,0.0,0.010215259704181662
Type4,0.02,0.02,exact,11,0.9643811148767123,0.015188365714924074,0.010215259704181828,0.010215259704181828,1.0,0.9643811148767123,0.0,nan,0.0,0.010215259704181828
Type4,0.02,0.02,exact,12,0.9643811148767123,0.015188365714924074,0.010215259704181828,0.010215259704181828,1.0,0.9643811148767123,0.0,nan,0.0,0.010215259704181828
Type4,0.02,0.02,exact,13,0.9643811148767123,0.015188365714924074,0.010215259704181828,0.010215259704181828,1.0,0.9643811148767123,0.0,nan,0.0,0.010215259704181828
Type4,0.02,0.02,exact,14,0.9643811148767123,0.015188365714924074,0.010215259704181828,0.010215259704181828,1.0,0.9643811148767123,0.0,nan,0.0,0.010215259704181828
Type4,0.02,0.02,exact,15,0.9643811148767123,0.015188365714924074,0.010215259704181828,0.010215259704181828,1.0,0.9643811148767123,0.0,nan,0.0,0.010215259704181828
Type4,0.02,0.02,exact,16,0.9643811148767123,0.015188365714924074,0.010215259704181828,0.010215259704181828,1.0,0.9643811148767123,0.0,nan,0.0,0.010215259704181828
Type4,0.02,0.02,exact,17,0.9643811148767123,0.015188365714924074,0.010215259704181828,0.010215259704181828,1.0,0.9643811148767123,0.0,nan,0.0,0.010215259704181828
Type4,0.02,0.02,exact,18,0.9643811148767123,0.015188365714924074,0.010215259704181828,0.010215259704181828,1.0,0.9643811148767123,0.0,nan,0.0,0.010215259704181828
Type4,0.02,0.02,exact,19,0.9643811148767123,0.015188365714924074,0.010215259704181828,0.010215259704181828,1.0,0.9643811148767123,0.0,nan,0.0,0.010215259704181828
Type4,0.02,0.02,exact,20,0.9643811148767123,0.015188365714924074,0.010215259704181828,0.010215259704181828,1.0,0.9643811148767123,0.0,nan,0.0,0.010215259704181828
Type4,0.02,0.02,exact,21,0.9643811148767123,0.015188365714924074,0.010215259704181828,0.010215259704181828,1.0,0.9643811148767123,0.0,nan,0.0,0.010215259704181828
Type4,0.02,0.02,exact,22,0.9643811148767123,0.015188365714924074,0.010215259704181828,0.010215259704181828,1.0,0.9643811148767123,0.0,nan,0.0,0.010215259704181828
Type4,0.02,0.02,exact,23,0.9643811148767123,0.015188365714924074,0.010215259704181828,0.010215259704181828,1.0,0.9643811148767123,0.0,nan,0.0,0.010215259704181828
Type4,0.02,0.02,exact,24,0.9643811148767123,0.015188365714924074,0.010215259704181828,0.010215259704181828,1.0,0.9643811148767123,0.0,nan,0.0,0.010215259704181828
Type4,0.02,0.02,exact,25,0.9643811148767123,0.015188365714924074,0.010215259704181828,0.010215259704181828,1.0,0.9643811148767123,0.0,nan,0.0,0.010215259704181828
Type4,0.02,0.02,exact,26,0.9643811148767123,0.015188365714924074,0.010215259704181828,0.010215259704181828,1.0,0.9643811148767123,0.0,nan,0.0,0.010215259704181828
Type4,0.02,0.02,exact,27,0.9643811148767123,0.015188365714924074,0.010215259704181828,0.010215259704181828,1.0,0.9643811148767123,0.0,nan,0.0,0.010215259704181828
Type4,0.02,0.02,exact,28,0.9643811148767123,0.015188365714924074,0.010215259704181828,0.010215259704181828,1.0,0.9643811148767123,0.0,nan,0.0,0.010215259704181828
Type4,0.02,0.02,exact,29,0.9643811148767123,0.015188365714924074,0.010215259704181828,0.010215259704181828,1.0,0.9643811148767123,0.0,nan,0.0,0.010215259704181828
Type4,0.02,0.02,exact,30,0.9643811148767123,0.015188365714924074,0.010215259704181828,0.010215259704181828,1.0,0.9643811148767123,0.0,nan,0.0,0.010215259704181828
Type4,0.02,0.02,exact,31,0.9643811148767123,0.015188365714924074,0.010215259704181828,0.010215259704181828,1.0,0.9643811148767123,0.0,nan,0.0,0.010215259704181828
Type4,0.02,0.02,exact,32,0.9643811148767123,0.015188365714924074,0.010215259704181828,0.010215259704181828,1.0,0.9643811148767123,0.0,nan,0.0,0.010215259704181828
Type4,0.02,0.02,exact,33,0.9643811148767123,0.015188365714924074,0.010215259704181828,0.010215259704181828,1.0,0.9643811148767123,0.0,nan,0.0,0.010215259704181828
Type4,0.02,0.02,exact,34,0.9643811148767123,0.015188365714924074,0.010215259704181828,0.010215259704181828,1.0,0.9643811148767123,0.0,nan,0.0,0.010215259704181828
Type4,0.02,0.02,exact,35,0.9643811148767123,0.015188365714924074,0.010215259704181828,0.010215259704181828,1.0,0.9643811148767123,0.0,nan,0.0,0.010215259704181828
Type4,0.02,0.02,exact,36,0.9643811148767123,0.015188365714924074,0.010215259704181828,0.010215259704181828,1.0,0.9643811148767123,0.0,nan,0.0,0.010215259704181828
Type4,0.02,0.02,exact,37,0.9643811148767123,0.015188365714924074,0.010215259704181828,0.010215259704181828,1.0,0.9643811148767123,0.0,nan,0.0,0.010215259704181828
Type4,0.02,0.02,exact,38,0.9643811148767123,0.015188365714924074,0.010215259704181828,0.010215259704181828,1.0,0.9643811148767123,0.0,nan,0.0,0.010215259704181828
Type4,0.02,0.02,exact,39,0.9643811148767123,0.015188365714924074,0.010215259704181828,0.010215259704181828,1.0,0.9643811148767123,0.0,nan,0.0,0.010215259704181828
Type4,0.02,0.02,exact,40,0.9643811148767123,0.015188365714924074,0.010215259704181828,0.010215259704181828,1.0,0.9643811148767123,0.0,nan,0.0,0.010215259704181828
Type4,0.02,0.02,exact,41,0.9643811148767123,0.015188365714924074,0.010215259704181828,0.010215259704181828,1.0,0.9643811148767123,0.0,nan,0.0,0.010215259704181828
Type4,0.02,0.02,exact,42,0.9643811148767123,0.015188365714924074,0.010215259704181828,0.010215259704181828,1.0,0.9643811148767123,0.0,nan,0.0,0.010215259704181828
Type4,0.02,0.02,exact,43,0.9643811148767123,0.015188365714924074,0.010215259704181828,0.010215259704181828,1.0,0.9643811148767123,0.0,nan,0.0,0.010215259704181828
Type4,0.02,0.02,exact,44,0.9643811148767123,0.015188365714924074,0.010215259704181828,0.010215259704181828,1.0,0.9643811148767123,0.0,nan,0.0,0.010215259704181828
Type4,0.02,0.02,exact,45,0.9643811148767123,0.015188365714924074,0.010215259704181828,0.010215259704181828,1.0,0.9643811148767123,0.0,nan,0.0,0.010215259704181828
Type4,0.02,0.02,exact,46,0.9643811148767123,0.015188365714924074,0.010215259704181828,0.010215259704181828,1.0,0.9643811148767123,0.0,nan,0.0,0.010215259704181828
Type4,0.02,0.02,exact,47,0.9643811148767123,0.015188365714924074,0.010215259704181828,0.010215259704181828,1.0,0.9643811148767123,0.0,nan,0.0,0.010215259704181828
Type4,0.02,0.02,exact,48,0.9643811148767123,0.015188365714924074,0.010215259704181828,0.010215259704181828,1.0,0.9643811148767123,0.0,nan,0.0,0.010215259704181828
Type4,0.02,0.02,exact,49,0.9643811148767123,0.015188365714924074,0.010215259704181828,0.010215259704181828,1.0,0.9643811148767123,0.0,nan,0.0,0.010215259704181828
Type4,0.02,0.02,exact,50,0.9643811148767123,0.015188365714924074,0.010215259704181828,0.010215259704181828,1.0,0.9643811148767123,0.0,nan,0.0,0.010215259704181828
