epsilon,F_0,F_1,F_star
0.0,1.0,0.9653757600742038,0.9643811148767123
0.0009,0.999325,0.9653657526281121,0.9643811148767123
0.0018,0.99865,0.965355436791393,0.9643811148767123
0.0027,0.997975,0.9653448113618818,0.9643811148767123
0.0036,0.9973,0.9653338751332114,0.9643811148767123
0.0045,0.996625,0.9653226268947988,0.9643811148767123
0.0054,0.99595,0.9653110654318311,0.9643811148767123
0.0063,0.995275,0.9652991895252522,0.9643811148767123
0.0072,0.9946,0.9652869979517493,0.9643811148767123
0.0081,0.993925,0.9652744894837384,0.9643811148767123
0.009,0.99325,0.9652616628893512,0.9643811148767123
0.009899999999999999,0.992575,0.9652485169324212,0.9643811148767123
0.0108,0.9919,0.9652350503724703,0.9643811148767123
0.0117,0.991225,0.9652212619646932,0.9643811148767123
0.0126,0.99055,0.965207150459946,0.9643811148767123
0.0135,0.989875,0.96519271460473,0.9643811148767123
0.0144,0.9892,0.9651779531411799,0.9643811148767123
0.0153,0.988525,0.9651628648070477,0.9643811148767123
0.0162,0.98785,0.9651474483356903,0.9643811148767123
0.0171,0.987175,0.9651317024560541,0.9643811148767123
0.018,0.9865,0.9651156258926623,0.9643811148767123
0.0189,0.985825,0.9650992173656001,0.9643811148767123
0.019799999999999998,0.98515,0.9650824755905001,0.9643811148767123
0.0207,0.984475,0.9650653992785287,0.9643811148767123
0.0216,0.9838,0.9650479871363721,0.9643811148767123
0.0225,0.983125,0.9650302378662212,0.9643811148767123
0.0234,0.98245,0.9650121501657587,0.9643811148767123
0.0243,0.981775,0.9649937227281427,0.9643811148767123
0.0252,0.9811,0.9649749542419942,0.9643811148767123
0.026099999999999998,0.980425,0.9649558433913825,0.9643811148767123
0.027,0.97975,0.9649363888558101,0.9643811148767123
0.027899999999999998,0.979075,0.9649165893101981,0.9643811148767123
0.0288,0.9784,0.9648964434248728,0.9643811148767123
0.0297,0.977725,0.9648759498655506,0.9643811148767123
0.0306,0.97705,0.9648551072933231,0.9643811148767123
0.0315,0.976375,0.9648339143646432,0.9643811148767123
0.0324,0.9757,0.96481236973131,0.9643811148767123
0.033299999999999996,0.975025,0.9647904720404548,0.9643811148767123
0.0342,0.97435,0.9647682199345253,0.9643811148767123
0.0351,0.973675,0.9647456120512727,0.9643811148767123
0.036,0.973,0.9647226470237351,0.9643811148767123
0.0369,0.972325,0.9646993234802238,0.9643811148767123
0.0378,0.97165,0.9646756400443084,0.9643811148767123
0.0387,0.970975,0.9646515953348019,0.9643811148767123
0.039599999999999996,0.9703,0.9646271879657462,0.9643811148767123
0.0405,0.969625,0.9646024165463962,0.9643811148767123
0.0414,0.96895,0.9645772796812062,0.9643811148767123
0.0423,0.968275,0.9645517759698142,0.9643811148767123
0.0432,0.9676,0.964525904007027,0.9643811148767123
0.0441,0.966925,0.9644996623828056,0.9643811148767123
0.045,0.96625,0.9644730496822496,0.9643811148767123
0.045899999999999996,0.965575,0.9644460644855828,0.9643811148767123
0.0468,0.9649,0.9644187053681377,0.9643811148767123
0.0477,0.964225,0.9643909709003402,0.9643811148767123
0.0486,0.96355,0.9643628596476953,0.9643811148767123
0.049499999999999995,0.962875,0.9643343701707711,0.9643811148767123
0.0504,0.9621999999999999,0.9643055010251836,0.9643811148767123
0.0513,0.961525,0.9642762507615825,0.9643811148767123
0.052199999999999996,0.96085,0.9642466179256348,0.9643811148767123
0.0531,0.960175,0.9642166010580101,0.9643811148767123
0.054,0.9595,0.9641861986943646,0.9643811148767123
0.0549,0.958825,0.9641554093653274,0.9643811148767123
0.055799999999999995,0.9581500000000001,0.9641242315964833,0.9643811148767123
0.0567,0.957475,0.964092663908358,0.9643811148767123
0.0576,0.9568,0.9640607048164038,0.9643811148767123
0.058499999999999996,0.956125,0.9640283528309822,0.9643811148767123
0.0594,0.95545,0.9639956064573499,0.9643811148767123
0.0603,0.954775,0.963962464195643,0.9643811148767123
0.0612,0.9541,0.963928924540861,0.9643811148767123
0.062099999999999995,0.953425,0.9638949859828517,0.9643811148767123
0.063,0.95275,0.9638606470062956,0.9643811148767123
0.0639,0.952075,0.9638259060906899,0.9643811148767123
0.0648,0.9514,0.9637907617103332,0.9643811148767123
0.0657,0.950725,0.96375521233431,0.9643811148767123
0.06659999999999999,0.9500500000000001,0.963719256426475,0.9643811148767123
0.0675,0.949375,0.9636828924454366,0.9643811148767123
0.0684,0.9487,0.9636461188445419,0.9643811148767123
0.0693,0.948025,0.9636089340718613,0.9643811148767123
0.0702,0.94735,0.9635713365701718,0.9643811148767123
0.0711,0.946675,0.9635333247769418,0.9643811148767123
0.072,0.946,0.963494897124314,0.9643811148767123
0.07289999999999999,0.945325,0.9634560520390931,0.9643811148767123
0.0738,0.94465,0.9634167879427247,0.9643811148767123
0.0747,0.943975,0.9633771032512837,0.9643811148767123
0.0756,0.9433,0.9633369963754563,0.9643811148767123
0.0765,0.942625,0.963296465720525,0.9643811148767123
0.0774,0.94195,0.963255509686351,0.9643811148767123
0.0783,0.941275,0.9632141266673607,0.9643811148767123
0.07919999999999999,0.9406,0.9631723150525272,0.9643811148767123
0.0801,0.939925,0.9631300732253564,0.9643811148767123
0.081,0.93925,0.963087399563869,0.9643811148767123
0.0819,0.938575,0.9630442924405859,0.9643811148767123
0.0828,0.9379,0.9630007502225111,0.9643811148767123
0.0837,0.937225,0.9629567712711161,0.9643811148767123
0.0846,0.93655,0.9629123539423239,0.9643811148767123
0.08549999999999999,0.935875,0.9628674965864914,0.9643811148767123
0.0864,0.9352,0.9628221975483962,0.9643811148767123
0.0873,0.934525,0.9627764551672164,0.9643811148767123
0.0882,0.93385,0.9627302677765185,0.9643811148767123
0.0891,0.933175,0.962683633704237,0.9643811148767123
0.09,0.9325,0.962636551272662,0.9643811148767123
0.0909,0.931825,0.9625890187984198,0.9643811148767123
0.09179999999999999,0.93115,0.9625410345924587,0.9643811148767123
0.09269999999999999,0.930475,0.9624925969600314,0.9643811148767123
0.0936,0.9298,0.962443704200679,0.9643811148767123
0.0945,0.929125,0.9623943546082154,0.9643811148767123
0.0954,0.92845,0.962344546470709,0.9643811148767123
0.0963,0.927775,0.9622942780704686,0.9643811148767123
0.0972,0.9271,0.9622435476840254,0.9643811148767123
0.09809999999999999,0.926425,0.9621923535821169,0.9643811148767123
0.09899999999999999,0.92575,0.9621406940296706,0.9643811148767123
0.0999,0.925075,0.9620885672857875,0.9643811148767123
0.1008,0.9244,0.9620359716037254,0.9643811148767123
0.1017,0.923725,0.961982905230883,0.9643811148767123
0.1026,0.92305,0.9619293664087819,0.9643811148767123
0.1035,0.922375,0.9618753533730523,0.9643811148767123
0.10439999999999999,0.9217,0.9618208643534141,0.9643811148767123
0.10529999999999999,0.921025,0.9617658975736622,0.9643811148767123
0.1062,0.92035,0.9617104512516488,0.9643811148767123
0.1071,0.919675,0.9616545235992667,0.9643811148767123
0.108,0.919,0.9615981128224338,0.9643811148767123
0.1089,0.9183250000000001,0.9615412171210755,0.9643811148767123
0.1098,0.91765,0.9614838346891079,0.9643811148767123
0.11069999999999999,0.916975,0.9614259637144222,0.9643811148767123
0.11159999999999999,0.9163,0.9613676023788669,0.9643811148767123
0.1125,0.915625,0.961308748858232,0.9643811148767123
0.1134,0.91495,0.9612494013222312,0.9643811148767123
0.1143,0.914275,0.9611895579344873,0.9643811148767123
0.1152,0.9136,0.9611292168525121,0.9643811148767123
0.1161,0.912925,0.9610683762276933,0.9643811148767123
0.11699999999999999,0.91225,0.9610070342052753,0.9643811148767123
0.11789999999999999,0.911575,0.9609451889243437,0.9643811148767123
0.1188,0.9109,0.9608828385178076,0.9643811148767123
0.1197,0.9102250000000001,0.9608199811123842,0.9643811148767123
0.1206,0.90955,0.96075661482858,0.9643811148767123
0.1215,0.908875,0.9606927377806765,0.9643811148767123
0.1224,0.9082,0.9606283480767108,0.9643811148767123
0.12329999999999999,0.907525,0.9605634438184615,0.9643811148767123
0.12419999999999999,0.90685,0.9604980231014293,0.9643811148767123
0.1251,0.906175,0.9604320840148222,0.9643811148767123
0.126,0.9055,0.9603656246415374,0.9643811148767123
0.12689999999999999,0.904825,0.9602986430581457,0.9643811148767123
0.1278,0.90415,0.9602311373348731,0.9643811148767123
0.1287,0.903475,0.9601631055355853,0.9643811148767123
0.1296,0.9028,0.9600945457177703,0.9643811148767123
0.1305,0.902125,0.9600254559325216,0.9643811148767123
0.1314,0.90145,0.9599558342245225,0.9643811148767123
0.1323,0.900775,0.959885678632026,0.9643811148767123
0.13319999999999999,0.9001,0.959814987186842,0.9643811148767123
0.1341,0.899425,0.9597437579143182,0.9643811148767123
0.135,0.8987499999999999,0.9596719888333234,0.9643811148767123
0.1359,0.898075,0.9595996779562312,0.9643811148767123
0.1368,0.8974,0.9595268232889026,0.9643811148767123
0.1377,0.896725,0.9594534228306697,0.9643811148767123
0.1386,0.89605,0.9593794745743187,0.9643811148767123
0.13949999999999999,0.895375,0.9593049765060728,0.9643811148767123
0.1404,0.8947,0.9592299266055758,0.9643811148767123
0.1413,0.894025,0.9591543228458744,0.9643811148767123
0.1422,0.89335,0.9590781631934029,0.9643811148767123
0.1431,0.892675,0.9590014456079645,0.9643811148767123
0.144,0.892,0.9589241680427164,0.9643811148767123
0.1449,0.891325,0.9588463284441512,0.9643811148767123
0.14579999999999999,0.89065,0.9587679247520814,0.9643811148767123
0.1467,0.889975,0.9586889548996221,0.9643811148767123
0.1476,0.8893,0.9586094168131741,0.9643811148767123
0.1485,0.888625,0.9585293084124074,0.9643811148767123
0.1494,0.88795,0.9584486276102437,0.9643811148767123
0.1503,0.887275,0.9583673723128413,0.9643811148767123
0.1512,0.8866,0.958285540419576,0.9643811148767123
0.15209999999999999,0.8859250000000001,0.9582031298230265,0.9643811148767123
0.153,0.88525,0.958120138408956,0.9643811148767123
0.1539,0.884575,0.9580365640562973,0.9643811148767123
0.1548,0.8839,0.9579524046371337,0.9643811148767123
0.1557,0.883225,0.9578676580166845,0.9643811148767123
0.1566,0.88255,0.9577823220532872,0.9643811148767123
0.1575,0.881875,0.9576963945983806,0.9643811148767123
0.15839999999999999,0.8812,0.9576098734964894,0.9643811148767123
0.1593,0.880525,0.957522756585206,0.9643811148767123
0.1602,0.87985,0.9574350416951747,0.9643811148767123
0.1611,0.879175,0.9573467266500753,0.9643811148767123
0.162,0.8785000000000001,0.957257809266606,0.9643811148767123
0.1629,0.877825,0.9571682873544671,0.9643811148767123
0.1638,0.87715,0.9570781587163442,0.9643811148767123
0.16469999999999999,0.876475,0.9569874211478919,0.9643811148767123
0.1656,0.8758,0.9568960724377176,0.9643811148767123
0.1665,0.8751249999999999,0.9568041103673636,0.9643811148767123
0.1674,0.87445,0.9567115327112925,0.9643811148767123
0.1683,0.873775,0.95661833723687,0.9643811148767123
0.1692,0.8731,0.9565245217043473,0.9643811148767123
0.1701,0.872425,0.9564300838668471,0.9643811148767123
0.17099999999999999,0.87175,0.9563350214703445,0.9643811148767123
0.1719,0.871075,0.9562393322536533,0.9643811148767123
0.1728,0.8704000000000001,0.9561430139484075,0.9643811148767123
0.1737,0.869725,0.9560460642790464,0.9643811148767123
0.1746,0.86905,0.9559484809627972,0.9643811148767123
0.1755,0.868375,0.9558502617096603,0.9643811148767123
0.1764,0.8677,0.9557514042223914,0.9643811148767123
0.17729999999999999,0.867025,0.9556519061964861,0.9643811148767123
0.1782,0.86635,0.9555517653201644,0.9643811148767123
0.17909999999999998,0.865675,0.9554509792743532,0.9643811148767123
0.18,0.865,0.9553495457326717,0.9643811148767123
0.1809,0.864325,0.9552474623614134,0.9643811148767123
0.1818,0.86365,0.9551447268195328,0.9643811148767123
0.1827,0.862975,0.9550413367586263,0.9643811148767123
0.18359999999999999,0.8623000000000001,0.9549372898229194,0.9643811148767123
0.1845,0.861625,0.954832583649248,0.9643811148767123
0.18539999999999998,0.86095,0.9547272158670442,0.9643811148767123
0.1863,0.860275,0.9546211840983208,0.9643811148767123
0.1872,0.8596,0.9545144859576535,0.9643811148767123
0.1881,0.8589249999999999,0.9544071190521674,0.9643811148767123
0.189,0.85825,0.95429908098152,0.9643811148767123
0.18989999999999999,0.857575,0.9541903693378857,0.9643811148767123
0.1908,0.8569,0.9540809817059408,0.9643811148767123
0.19169999999999998,0.856225,0.9539709156628473,0.9643811148767123
0.1926,0.85555,0.9538601687782373,0.9643811148767123
0.1935,0.854875,0.9537487386141982,0.9643811148767123
0.1944,0.8542000000000001,0.9536366227252568,0.9643811148767123
0.1953,0.853525,0.9535238186583637,0.9643811148767123
0.19619999999999999,0.85285,0.9534103239528791,0.9643811148767123
0.1971,0.852175,0.9532961361405556,0.9643811148767123
0.19799999999999998,0.8515,0.9531812527455249,0.9643811148767123
0.1989,0.8508249999999999,0.9530656712842817,0.9643811148767123
0.1998,0.85015,0.9529493892656682,0.9643811148767123
0.2007,0.849475,0.9528324041908605,0.9643811148767123
0.2016,0.8488,0.9527147135533517,0.9643811148767123
0.20249999999999999,0.848125,0.9525963148389385,0.9643811148767123
0.2034,0.84745,0.9524772055257056,0.9643811148767123
0.20429999999999998,0.846775,0.9523573830840111,0.9643811148767123
0.2052,0.8461000000000001,0.9522368449764714,0.9643811148767123
0.2061,0.845425,0.9521155886579469,0.9643811148767123
0.207,0.84475,0.9519936115755275,0.9643811148767123
0.2079,0.844075,0.9518709111685172,0.9643811148767123
0.20879999999999999,0.8434,0.9517474848684208,0.9643811148767123
0.2097,0.842725,0.9516233300989284,0.9643811148767123
0.21059999999999998,0.84205,0.9514984442759011,0.9643811148767123
0.2115,0.841375,0.9513728248073583,0.9643811148767123
0.2124,0.8407,0.9512464690934609,0.9643811148767123
0.2133,0.840025,0.9511193745264991,0.9643811148767123
0.2142,0.83935,0.9509915384908776,0.9643811148767123
0.21509999999999999,0.8386750000000001,0.9508629583631018,0.9643811148767123
0.216,0.838,0.9507336315117634,0.9643811148767123
0.21689999999999998,0.837325,0.9506035552975275,0.9643811148767123
0.2178,0.83665,0.9504727270731174,0.9643811148767123
0.2187,0.835975,0.9503411441833027,0.9643811148767123
0.2196,0.8353,0.9502088039648843,0.9643811148767123
0.2205,0.834625,0.9500757037466806,0.9643811148767123
0.22139999999999999,0.83395,0.9499418408495157,0.9643811148767123
0.2223,0.833275,0.9498072125862052,0.9643811148767123
0.22319999999999998,0.8326,0.9496718162615414,0.9643811148767123
0.2241,0.831925,0.9495356491722831,0.9643811148767123
0.225,0.83125,0.9493987086071402,0.9643811148767123
0.2259,0.8305750000000001,0.9492609918467613,0.9643811148767123
0.2268,0.8299,0.949122496163721,0.9643811148767123
0.22769999999999999,0.829225,0.948983218822507,0.9643811148767123
0.2286,0.82855,0.9488431570795073,0.9643811148767123
0.22949999999999998,0.827875,0.9487023081829977,0.9643811148767123
0.2304,0.8271999999999999,0.9485606693731289,0.9643811148767123
0.2313,0.826525,0.948418237881915,0.9643811148767123
0.2322,0.82585,0.9482750109332193,0.9643811148767123
0.2331,0.825175,0.9481309857427445,0.9643811148767123
0.23399999999999999,0.8245,0.9479861595180183,0.9643811148767123
0.2349,0.823825,0.947840529458383,0.9643811148767123
0.23579999999999998,0.82315,0.9476940927549831,0.9643811148767123
0.2367,0.8224750000000001,0.9475468465907528,0.9643811148767123
0.2376,0.8218,0.9473987881404052,0.9643811148767123
0.2385,0.821125,0.9472499145704205,0.9643811148767123
0.2394,0.82045,0.9471002230390342,0.9643811148767123
0.24029999999999999,0.819775,0.9469497106962258,0.9643811148767123
0.2412,0.8190999999999999,0.9467983746837085,0.9643811148767123
0.24209999999999998,0.818425,0.946646212134916,0.9643811148767123
0.243,0.81775,0.9464932201749936,0.9643811148767123
0.2439,0.817075,0.9463393959207865,0.9643811148767123
0.2448,0.8164,0.9461847364808289,0.9643811148767123
0.2457,0.815725,0.9460292389553332,0.9643811148767123
0.24659999999999999,0.81505,0.9458729004361799,0.9643811148767123
0.2475,0.8143750000000001,0.9457157180069076,0.9643811148767123
0.24839999999999998,0.8137,0.9455576887427011,0.9643811148767123
0.2493,0.813025,0.9453988097103834,0.9643811148767123
0.2502,0.81235,0.945239077968404,0.9643811148767123
0.2511,0.811675,0.9450784905668306,0.9643811148767123
0.252,0.8109999999999999,0.9449170445473376,0.9643811148767123
0.2529,0.810325,0.9447547369431981,0.9643811148767123
0.25379999999999997,0.80965,0.9445915647792733,0.9643811148767123
0.2547,0.808975,0.944427525072004,0.9643811148767123
0.2556,0.8083,0.944262614829401,0.9643811148767123
0.2565,0.807625,0.9440968310510361,0.9643811148767123
0.2574,0.8069500000000001,0.9439301707280343,0.9643811148767123
0.2583,0.8062750000000001,0.9437626308430624,0.9643811148767123
0.2592,0.8056,0.9435942083703238,0.9643811148767123
0.2601,0.804925,0.9434249002755475,0.9643811148767123
0.261,0.80425,0.9432547035159815,0.9643811148767123
0.26189999999999997,0.803575,0.9430836150403834,0.9643811148767123
0.2628,0.8029,0.9429116317890134,0.9643811148767123
0.2637,0.802225,0.9427387506936263,0.9643811148767123
0.2646,0.80155,0.9425649686774636,0.9643811148767123
0.2655,0.800875,0.9423902826552465,0.9643811148767123
0.26639999999999997,0.8002,0.9422146895331679,0.9643811148767123
0.2673,0.799525,0.942038186208886,0.9643811148767123
0.2682,0.7988500000000001,0.9418607695715172,0.9643811148767123
0.2691,0.798175,0.9416824365016288,0.9643811148767123
0.27,0.7975,0.9415031838712339,0.9643811148767123
0.2709,0.796825,0.9413230085437828,0.9643811148767123
0.2718,0.79615,0.9411419073741579,0.9643811148767123
0.2727,0.7954749999999999,0.9409598772086689,0.9643811148767123
0.2736,0.7948,0.9407769148850438,0.9643811148767123
0.27449999999999997,0.794125,0.9405930172324266,0.9643811148767123
0.2754,0.79345,0.9404081810713695,0.9643811148767123
0.2763,0.792775,0.9402224032138286,0.9643811148767123
0.2772,0.7921,0.9400356804631583,0.9643811148767123
0.2781,0.791425,0.9398480096141071,0.9643811148767123
0.27899999999999997,0.7907500000000001,0.9396593874528119,0.9643811148767123
0.2799,0.7900750000000001,0.9394698107567941,0.9643811148767123
0.2808,0.7894,0.9392792762949556,0.9643811148767123
0.2817,0.788725,0.9390877808275734,0.9643811148767123
0.2826,0.7880499999999999,0.938895321106297,0.9643811148767123
0.2835,0.787375,0.9387018938741445,0.9643811148767123
0.2844,0.7867,0.9385074958654981,0.9643811148767123
0.2853,0.786025,0.938312123806102,0.9643811148767123
0.2862,0.78535,0.938115774413059,0.9643811148767123
0.28709999999999997,0.784675,0.9379184443948267,0.9643811148767123
0.288,0.784,0.9377201304512166,0.9643811148767123
0.2889,0.783325,0.9375208292733906,0.9643811148767123
0.2898,0.7826500000000001,0.9373205375438584,0.9643811148767123
0.2907,0.781975,0.9371192519364768,0.9643811148767123
0.29159999999999997,0.7813,0.936916969116447,0.9643811148767123
0.2925,0.780625,0.9367136857403132,0.9643811148767123
0.2934,0.77995,0.9365093984559623,0.9643811148767123
0.2943,0.7792749999999999,0.9363041039026215,0.9643811148767123
0.2952,0.7786,0.9360977987108584,0.9643811148767123
0.2961,0.777925,0.9358904795025801,0.9643811148767123
0.297,0.77725,0.935682142891033,0.9643811148767123
0.2979,0.776575,0.9354727854808033,0.9643811148767123
0.2988,0.7759,0.9352624038678161,0.9643811148767123
0.29969999999999997,0.775225,0.9350509946393373,0.9643811148767123
0.3006,0.7745500000000001,0.9348385543739718,0.9643811148767123
0.3015,0.773875,0.9346250796416682,0.9643811148767123
0.3024,0.7732,0.9344105670037167,0.9643811148767123
0.3033,0.772525,0.9341950130127523,0.9643811148767123
0.30419999999999997,0.77185,0.9339784142127561,0.9643811148767123
0.3051,0.7711749999999999,0.9337607671390578,0.9643811148767123
0.306,0.7705,0.9335420683183369,0.9643811148767123
0.3069,0.769825,0.9333223142686264,0.9643811148767123
0.3078,0.76915,0.9331015014993151,0.9643811148767123
0.3087,0.768475,0.9328796265111513,0.9643811148767123
0.3096,0.7678,0.9326566857962454,0.9643811148767123
0.3105,0.7671250000000001,0.932432675838074,0.9643811148767123
0.3114,0.76645,0.9322075931114845,0.9643811148767123
0.31229999999999997,0.7657750000000001,0.9319814340826981,0.9643811148767123
0.3132,0.7651,0.9317541952093157,0.9643811148767123
0.3141,0.764425,0.9315258729403216,0.9643811148767123
0.315,0.7637499999999999,0.9312964637160899,0.9643811148767123
0.3159,0.763075,0.9310659639683895,0.9643811148767123
0.31679999999999997,0.7624,0.9308343701203887,0.9643811148767123
0.3177,0.761725,0.9306016785866638,0.9643811148767123
0.3186,0.76105,0.930367885773203,0.9643811148767123
0.3195,0.760375,0.9301329880774148,0.9643811148767123
0.3204,0.7597,0.9298969818881346,0.9643811148767123
0.3213,0.7590250000000001,0.9296598635856315,0.9643811148767123
0.3222,0.7583500000000001,0.9294216295416167,0.9643811148767123
0.3231,0.757675,0.9291822761192514,0.9643811148767123
0.324,0.757,0.9289417996731559,0.9643811148767123
0.32489999999999997,0.756325,0.9287001965494153,0.9643811148767123
0.3258,0.75565,0.9284574630855931,0.9643811148767123
0.3267,0.754975,0.9282135956107367,0.9643811148767123
0.3276,0.7543,0.927968590445389,0.9643811148767123
0.3285,0.753625,0.9277224439015984,0.9643811148767123
0.32939999999999997,0.75295,0.9274751522829285,0.9643811148767123
0.3303,0.752275,0.9272267118844699,0.9643811148767123
0.3312,0.7516,0.9269771189928498,0.9643811148767123
0.3321,0.7509250000000001,0.9267263698862451,0.9643811148767123
0.333,0.75025,0.9264744608343933,0.9643811148767123
0.3339,0.749575,0.9262213880986054,0.9643811148767123
0.3348,0.7489,0.925967147931777,0.9643811148767123
0.3357,0.748225,0.925711736578404,0.9643811148767123
0.3366,0.7475499999999999,0.9254551502745926,0.9643811148767123
0.33749999999999997,0.746875,0.9251973852480762,0.9643811148767123
0.3384,0.7462,0.9249384377182271,0.9643811148767123
0.3393,0.745525,0.9246783038960726,0.9643811148767123
0.3402,0.74485,0.9244169799843085,0.9643811148767123
0.3411,0.744175,0.9241544621773163,0.9643811148767123
0.34199999999999997,0.7435,0.923890746661176,0.9643811148767123
0.3429,0.7428250000000001,0.9236258296136857,0.9643811148767123
0.3438,0.74215,0.9233597072043754,0.9643811148767123
0.3447,0.741475,0.9230923755945251,0.9643811148767123
0.3456,0.7408,0.9228238309371817,0.9643811148767123
0.3465,0.740125,0.9225540693771771,0.9643811148767123
0.3474,0.7394499999999999,0.9222830870511456,0.9643811148767123
0.3483,0.738775,0.922010880087544,0.9643811148767123
0.3492,0.7381,0.9217374446066687,0.9643811148767123
0.35009999999999997,0.737425,0.9214627767206768,0.9643811148767123
0.351,0.73675,0.9211868725336048,0.9643811148767123
0.3519,0.736075,0.9209097281413896,0.9643811148767123
0.3528,0.7354,0.920631339631889,0.9643811148767123
0.3537,0.734725,0.9203517030849028,0.9643811148767123
0.35459999999999997,0.7340500000000001,0.9200708145721952,0.9643811148767123
0.3555,0.733375,0.9197886701575158,0.9643811148767123
0.3564,0.7327,0.9195052658966223,0.9643811148767123
0.3573,0.7320249999999999,0.9192205978373049,0.9643811148767123
0.35819999999999996,0.7313500000000001,0.9189346620194083,0.9643811148767123
0.3591,0.730675,0.9186474544748564,0.9643811148767123
0.36,0.73,0.9183589712276762,0.9643811148767123
