epsilon,q,round,component,delta_p,delta_R,p_n,p_np1,p_phi_plus_n,p_phi_plus_np1
0.15,0.039595282640463365,0,Phi-,2.84468655426251e-05,-0.0007994954580275576,0.03749999999999994,0.03752844686554257,0.8874999999999996,0.9053028327197836
0.15,0.039627933752102155,0,Phi-,5.6891992529818636e-05,-0.0007647729844300621,0.03749999999999994,0.03755689199252976,0.8874999999999996,0.9052307836256677
0.15,0.03966058486374095,0,Phi-,8.53353738423171e-05,-0.0007300470409886753,0.03749999999999994,0.03758533537384226,0.8874999999999996,0.9051587373495081
0.15,0.03969323597537975,0,Phi-,0.00011377700938936669,-0.0006953176273116549,0.03749999999999994,0.03761377700938931,0.8874999999999996,0.9050866938915716
0.15,0.03972588708701854,0,Phi-,0.00014221689907959606,-0.0006605847430078901,0.03749999999999994,0.03764221689907954,0.8874999999999996,0.9050146532521242
0.15,0.03975853819865734,0,Phi-,0.0001706550428222306,-0.0006258483876856041,0.03749999999999994,0.037670655042822174,0.8874999999999996,0.9049426154314321
0.15,0.039791189310296134,0,Phi-,0.0001990914405263708,-0.0005911085609531519,0.03749999999999994,0.037699091440526314,0.8874999999999996,0.9048705804297619
0.15,0.039823840421934924,0,Phi-,0.00022752609210163754,-0.000556365262418243,0.03749999999999994,0.03772752609210158,0.8874999999999996,0.9047985482473793
0.15,0.03985649153357372,0,Phi-,0.0002559589974557436,-0.0005216184916908007,0.03749999999999994,0.03775595899745569,0.8874999999999996,0.904726518884552
0.15,0.03988914264521252,0,Phi-,0.00028439015649849714,-0.0004868682483782638,0.03749999999999994,0.03778439015649844,0.8874999999999996,0.9046544923415454
0.15,0.03992179375685131,0,Phi-,0.0003128195691391236,-0.00045211453208879315,0.03749999999999994,0.03781281956913907,0.8874999999999996,0.9045824686186262
0.15,0.039954444868490105,0,Phi-,0.0003412472352862933,-0.00041735734243112527,0.03749999999999994,0.037841247235286236,0.8874999999999996,0.9045104477160612
0.15,0.0399870959801289,0,Phi-,0.0003696731548488777,-0.00038259667901376776,0.03749999999999994,0.03786967315484882,0.8874999999999996,0.9044384296341169
0.15,0.04001974709176769,0,Phi-,0.0003980973277362687,-0.0003478325414445829,0.03749999999999994,0.03789809732773621,0.8874999999999996,0.9043664143730594
0.15,0.04005239820340649,0,Phi-,0.0004265197538572754,-0.00031306492933214775,0.03749999999999994,0.03792651975385722,0.8874999999999996,0.9042944019331561
0.15,0.040085049315045286,0,Phi-,0.0004549404331209844,-0.000278293842284609,0.03749999999999994,0.03795494043312093,0.8874999999999996,0.9042223923146727
0.15,0.040117700426684076,0,Phi-,0.00048335936543689173,-0.00024351927990970412,0.03749999999999994,0.037983359365436835,0.8874999999999996,0.9041503855178757
0.15,0.04015035153832287,0,Phi-,0.0005117765507127378,-0.00020874124181715498,0.03749999999999994,0.03801177655071268,0.8874999999999996,0.9040783815430334
0.15,0.04018300264996167,0,Phi-,0.0005401919888585044,-0.00017395972761407447,0.03749999999999994,0.03804019198885845,0.8874999999999996,0.9040063803904114
0.15,0.04021565376160046,0,Phi-,0.0005686056797832711,-0.0001391747369085955,0.03749999999999994,0.038068605679783214,0.8874999999999996,0.9039343820602761
0.15,0.04024830487323926,0,Phi-,0.0005970176233954932,-0.0001043862693095518,0.03749999999999994,0.038097017623395436,0.8874999999999996,0.9038623865528949
0.15,0.040280955984878054,0,Phi-,0.0006254278196045071,-6.959432442477792e-05,0.03749999999999994,0.03812542781960445,0.8874999999999996,0.9037903938685347
0.15,0.040313607096516844,0,Phi-,0.000653836268319323,-3.479890186240675e-05,0.03749999999999994,0.038153836268319266,0.8874999999999996,0.9037184040074616
