epsilon,q_absolute_rise_onset,first_rising_component,q_rel_full,window_width,window_relative_size
0.02,0.005659445989876985,Phi-,0.005675467886030675,1.602189615369006e-05,0.002823008864718553
0.05,0.013937335861846803,Phi-,0.014034550404176116,9.721454232931338e-05,0.006926801324564431
0.1,0.027141672177240256,Phi-,0.02751047845929861,0.00036880628205835514,0.01340602936455646
0.15,0.03956263152882457,Phi-,0.04034625820815564,0.0007836266793310731,0.019422536664692982
0.2,0.0511556862667203,Phi-,0.0524658994562924,0.0013102131895721056,0.024972662303513936
0.3,0.07171059370040894,Phi-,0.07428972441703083,0.0025791307166218858,0.034717193216975015
0.4,0.08856751145794986,Phi-,0.09253058204427361,0.0039630705863237525,0.04282984607648443
0.5,0.1015557971317321,Phi-,0.10685919140465559,0.005303394272923492,0.04962974362065439
0.6,0.11052820056676865,Phi-,0.11702401826158168,0.0064958176948130275,0.055508414352112255
0.65,0.11345475928857922,Phi-,0.12047015647403896,0.0070153971854597375,0.058233486124603315
0.66,0.11391177373006937,Phi-,0.12102414917200806,0.007112375441938684,0.05876823336993739
